Date,Open,High,Low,Close,Volume,Previous_Close,MA_7,MA_14,MA_30,Target
2015-02-13,31.81999969482422,31.81999969482422,31.412500381469727,31.770000457763672,217088800,31.614999771118164,30.679642813546316,29.935357093811035,28.57250010172526,31.957500457763672
2015-02-17,31.872499465942383,32.220001220703125,31.729999542236328,31.957500457763672,252609600,31.770000457763672,30.961428506033762,30.269107137407577,28.726666768391926,32.18000030517578
2015-02-18,31.90749931335449,32.19499969482422,31.862499237060547,32.18000030517578,179566800,31.957500457763672,31.311071395874023,30.508571488516672,28.913916778564452,32.11249923706055
2015-02-19,32.119998931884766,32.25749969482422,32.08250045776367,32.11249923706055,149449600,32.18000030517578,31.622856957571848,30.679107121058873,29.098833401997883,32.375
2015-02-20,32.154998779296875,32.375,32.01250076293945,32.375,195793600,32.11249923706055,31.88999993460519,30.899464198521205,29.280083401997885,33.25
2015-02-23,32.505001068115234,33.25,32.415000915527344,33.25,283896400,32.375,32.18000003269741,31.156071390424454,29.456000073750815,33.04249954223633
2015-02-24,33.23500061035156,33.400001525878906,32.79249954223633,33.04249954223633,276912400,33.25,32.38392857142857,31.397499901907786,29.624000040690103,32.1974983215332
2015-02-25,32.88999938964844,32.900001525878906,32.037498474121094,32.1974983215332,298846800,33.04249954223633,32.44499969482422,31.562321254185267,29.786833318074546,32.60499954223633
2015-02-26,32.1974983215332,32.717498779296875,31.65250015258789,32.60499954223633,365150000,32.1974983215332,32.5374995640346,31.74946403503418,29.955166625976563,32.1150016784668
2015-02-27,32.5,32.64250183105469,32.060001373291016,32.1150016784668,248059200,32.60499954223633,32.52821404593332,31.91964272090367,30.11066665649414,32.272499084472656
2015-03-02,32.3125,32.56999969482422,32.07500076293945,32.272499084472656,192386800,32.1150016784668,32.55107116699219,32.086964062282014,30.29624996185303,32.34000015258789
2015-03-03,32.2400016784668,32.380001068115234,32.022499084472656,32.34000015258789,151265200,32.272499084472656,32.54607118879046,32.218035561697825,30.49099998474121,32.1349983215332
2015-03-04,32.275001525878906,32.38999938964844,32.08000183105469,32.1349983215332,126665200,32.34000015258789,32.386785234723774,32.28339263371059,30.65616658528646,31.602500915527344
2015-03-05,32.14500045776367,32.1875,31.440000534057617,31.602500915527344,226068400,32.1349983215332,32.18107114519392,32.28249985831125,30.79666659037272,31.649999618530277
2015-03-06,32.099998474121094,32.342498779296875,31.565000534057617,31.649999618530277,291368400,31.602500915527344,32.102857044764924,32.273928369794575,30.91499989827474,31.78499984741211
2015-03-09,31.989999771118164,32.39250183105469,31.26499938964844,31.78499984741211,354114000,31.649999618530277,31.985714231218612,32.261606897626606,31.03299986521403,31.127500534057617
2015-03-10,31.602500915527344,31.80500030517578,30.950000762939453,31.127500534057617,275426400,31.78499984741211,31.844642639160156,32.18642834254673,31.12808322906494,30.559999465942383
2015-03-11,31.1875,31.1924991607666,30.52750015258789,30.559999465942383,275756000,31.127500534057617,31.599999836512975,32.07553550175258,31.237249883015952,31.112499237060547
2015-03-12,30.57749938964844,31.225000381469727,30.40749931335449,31.112499237060547,193450800,30.559999465942383,31.42464256286621,31.985356875828334,31.313416544596354,30.897499084472656
2015-03-13,31.100000381469727,31.350000381469727,30.645000457763672,30.897499084472656,207309200,31.112499237060547,31.247856957571848,31.81732109614781,31.352499834696452,31.237499237060547
2015-03-16,30.96999931335449,31.237499237060547,30.717500686645508,31.237499237060547,143497200,30.897499084472656,31.19571386064802,31.68839250292097,31.417416445414226,31.76000022888184
2015-03-17,31.475000381469727,31.82999992370605,31.412500381469727,31.76000022888184,204092400,31.237499237060547,31.211428233555385,31.657142639160156,31.487499809265138,32.11750030517578
2015-03-18,31.75,32.290000915527344,31.592500686645508,32.11750030517578,261083600,31.76000022888184,31.258928298950195,31.622321265084402,31.56933314005534,31.875
2015-03-19,32.1875,32.3125,31.850000381469727,31.875,183238000,32.11750030517578,31.365713936941965,31.60517828805106,31.635499827067058,31.475000381469727
2015-03-20,32.0625,32.099998474121094,31.290000915527344,31.475000381469727,274780400,31.875,31.49642835344587,31.54821409497942,31.68516648610433,31.802499771118164
2015-03-23,31.780000686645508,31.962499618530277,31.6299991607666,31.802499771118164,150838800,31.475000381469727,31.594999858311244,31.50982121058873,31.754166475931804,31.67250061035156
2015-03-24,31.8075008392334,32.0099983215332,31.63999938964844,31.67250061035156,131369200,31.802499771118164,31.70571436200823,31.47678565979004,31.812249819437664,30.84499931335449
2015-03-25,31.63500022888184,31.70499992370605,30.84499931335449,30.84499931335449,206620800,31.67250061035156,31.649642944335938,31.42267840249198,31.82358315785726,31.059999465942383
2015-03-26,30.690000534057617,31.21999931335449,30.649999618530277,31.059999465942383,190291600,30.84499931335449,31.54964283534459,31.380535534449987,31.81824982961019,30.8125
2015-03-27,31.14249992370605,31.174999237060547,30.727500915527344,30.8125,158184800,31.059999465942383,31.363214220319474,31.311071259634836,31.791499837239584,31.592500686645508
2015-03-30,31.012500762939453,31.600000381469727,31.0,31.592500686645508,188398800,30.8125,31.32285717555455,31.344285556248256,31.785583178202312,31.107500076293945
2015-03-31,31.522499084472656,31.622499465942383,31.09000015258789,31.107500076293945,168362400,31.592500686645508,31.270357131958008,31.38339274270194,31.75724983215332,31.0625
2015-04-01,31.20499992370605,31.280000686645508,30.774999618530277,31.0625,162485600,31.107500076293945,31.164642878941127,31.379821368626185,31.719999821980796,31.32999992370605
2015-04-02,31.25749969482422,31.38999938964844,31.04750061035156,31.32999992370605,128880400,31.0625,31.11571420942034,31.410714285714285,31.693916511535644,31.837499618530277
2015-04-06,31.11750030517578,31.877500534057617,31.082500457763672,31.837499618530277,148776000,31.32999992370605,31.257499967302596,31.453571455819265,31.67599983215332,31.502500534057617
2015-04-07,31.90999984741211,32.029998779296875,31.4950008392334,31.502500534057617,140049200,31.837499618530277,31.32071440560477,31.43517862047468,31.617749849955242,31.399999618530277
2015-04-08,31.462499618530277,31.600000381469727,31.24250030517578,31.399999618530277,149316800,31.502500534057617,31.40464292253767,31.383928571428573,31.562999852498372,31.63999938964844
2015-04-09,31.462499618530277,31.645000457763672,31.165000915527344,31.63999938964844,129936000,31.399999618530277,31.411428451538086,31.367142813546316,31.54441655476888,31.774999618530277
2015-04-10,31.487499237060547,31.802499771118164,31.315000534057617,31.774999618530277,160752000,31.63999938964844,31.506785529000418,31.388571330479213,31.516749890645347,31.712499618530277
2015-04-13,32.092498779296875,32.14250183105469,31.65250015258789,31.712499618530277,145460400,31.774999618530277,31.599642617361887,31.382142748151505,31.503333155314127,31.575000762939453
2015-04-14,31.75,31.82250022888184,31.477500915527344,31.575000762939453,102098400,31.712499618530277,31.63464273725237,31.375178473336355,31.480083211263022,31.69499969482422
2015-04-15,31.602500915527344,31.78249931335449,31.502500534057617,31.69499969482422,115881600,31.575000762939453,31.614285605294363,31.435892786298478,31.45858319600423,31.542499542236328
2015-04-16,31.56999969482422,31.774999618530277,31.52750015258789,31.542499542236328,113476000,31.69499969482422,31.619999749319895,31.47035707746233,31.438833236694336,31.1875
2015-04-17,31.387500762939453,31.53499984741211,31.114999771118164,31.1875,207828000,31.542499542236328,31.589642660958425,31.497142791748047,31.424999872843426,31.899999618530277
2015-04-20,31.39249992370605,32.029998779296875,31.292499542236328,31.899999618530277,188217200,31.1875,31.626785550798694,31.519107001168386,31.43333320617676,31.727500915527344
2015-04-21,32.025001525878906,32.04999923706055,31.667499542236328,31.727500915527344,129740400,31.899999618530277,31.620000021798273,31.563392775399343,31.431416575113932,32.154998779296875
2015-04-22,31.747499465942383,32.217498779296875,31.57999992370605,32.154998779296875,150618000,31.727500915527344,31.68321418762207,31.64142840249198,31.46566651662191,32.41749954223633
2015-04-23,32.07500076293945,32.60499954223633,32.03499984741211,32.41749954223633,183083600,32.154998779296875,31.803571156093053,31.719106946672714,31.527583185831705,32.56999969482422
2015-04-24,32.622501373291016,32.657501220703125,32.307498931884766,32.56999969482422,178103600,32.41749954223633,31.928571156093053,31.77142838069371,31.576166534423827,33.162498474121094
2015-04-27,33.07749938964844,33.282501220703125,32.787498474121094,33.162498474121094,387816800,32.56999969482422,32.159999574933735,31.889999662126815,31.651666514078777,32.63999938964844
2015-04-28,33.6150016784668,33.6349983215332,32.39250183105469,32.63999938964844,475696000,33.162498474121094,32.36749948774065,31.97857107434954,31.69841651916504,32.15999984741211
2015-04-29,32.540000915527344,32.897499084472656,32.07500076293945,32.15999984741211,253544400,32.63999938964844,32.40464237758091,32.0157139641898,31.711749839782716,31.287500381469727
2015-04-30,32.15999984741211,32.15999984741211,31.145000457763672,31.287500381469727,332781600,32.15999984741211,32.34178515842983,31.98089259011405,31.68408317565918,32.23749923706055
2015-05-01,31.524999618530277,32.532501220703125,31.325000762939453,32.23749923706055,234050400,31.287500381469727,32.35357093811035,32.01839256286621,31.696166483561196,32.17499923706055
2015-05-04,32.375,32.64250183105469,32.064998626708984,32.17499923706055,203953200,32.23749923706055,32.31892803737095,32.061249596732004,31.719499778747558,31.450000762939453
2015-05-05,32.037498474121094,32.11249923706055,31.44499969482422,31.450000762939453,197085600,32.17499923706055,32.15892818995884,32.04374967302595,31.707749811808267,31.252500534057617
2015-05-06,31.63999938964844,31.6875,30.84000015258789,31.252500534057617,288564000,31.450000762939453,31.886071341378347,32.02303545815604,31.693749809265135,31.315000534057617
2015-05-07,31.1924991607666,31.520000457763672,31.0049991607666,31.315000534057617,175763600,31.252500534057617,31.69678579057966,32.032142639160156,31.709416516621907,31.905000686645508
2015-05-08,31.670000076293945,31.905000686645508,31.52750015258789,31.905000686645508,222201600,31.315000534057617,31.660357339041575,32.03249985831125,31.737583223978678,31.57999992370605
2015-05-11,31.84749984741211,31.88999938964844,31.40749931335449,31.57999992370605,168143200,31.905000686645508,31.702142987932472,32.02196407318115,31.76316655476888,31.467500686645508
2015-05-12,31.399999618530277,31.71999931335449,31.20499992370605,31.467500686645508,192640000,31.57999992370605,31.592143195016043,31.972857066563197,31.758999888102213,31.502500534057617
2015-05-13,31.537500381469727,31.79750061035156,31.467500686645508,31.502500534057617,138776800,31.467500686645508,31.49607195172991,31.90749999455043,31.772166570027668,32.23749923706055
2015-05-14,31.852500915527344,32.23749923706055,31.790000915527344,32.23749923706055,180814000,31.502500534057617,31.60857173374721,31.883749961853027,31.811333211263022,32.192501068115234
2015-05-15,32.26750183105469,32.372501373291016,32.0525016784668,32.192501068115234,152832000,32.23749923706055,31.74285752432687,31.81446443285261,31.840083249409993,32.54750061035156
2015-05-18,32.095001220703125,32.68000030517578,32.09000015258789,32.54750061035156,203531600,32.192501068115234,31.918928963797434,31.807857377188547,31.863749949137368,32.51750183105469
2015-05-19,32.67250061035156,32.720001220703125,32.40999984741211,32.51750183105469,178532800,32.54750061035156,32.006429127284456,31.833393233163015,31.897583325703938,32.51499938964844
2015-05-20,32.5,32.744998931884766,32.334999084472656,32.51499938964844,145819600,32.51750183105469,32.14000047956194,31.92107173374721,31.93474998474121,32.84749984741211
2015-05-21,32.51750183105469,32.907501220703125,32.45750045776367,32.84749984741211,158921600,32.51499938964844,32.33714321681431,31.964643205915177,31.975,33.1349983215332
2015-05-22,32.900001525878906,33.24250030517578,32.849998474121094,33.1349983215332,182384000,32.84749984741211,32.570357186453684,32.0332145690918,32.0203332901001,32.404998779296875
2015-05-26,33.150001525878906,33.227500915527344,32.279998779296875,32.404998779296875,282790400,33.1349983215332,32.594285692487446,32.10142871311733,32.043416595458986,33.0099983215332
2015-05-27,32.584999084472656,33.064998626708984,32.51250076293945,33.0099983215332,183332800,32.404998779296875,32.7110710144043,32.22696426936558,32.09124984741211,32.94499969482422
2015-05-28,32.96500015258789,32.98749923706055,32.775001525878906,32.94499969482422,122933200,33.0099983215332,32.76785659790039,32.34339278084891,32.13291651407878,32.56999969482422
2015-05-29,32.807498931884766,32.86249923706055,32.474998474121094,32.56999969482422,203538000,32.94499969482422,32.77535629272461,32.390892710004536,32.167166519165036,32.6349983215332
2015-06-01,32.56999969482422,32.84749984741211,32.51250076293945,32.6349983215332,128451200,32.56999969482422,32.79249899727957,32.46624973842076,32.215416463216144,32.4900016784668
2015-06-02,32.46500015258789,32.665000915527344,32.33000183105469,32.4900016784668,134670400,32.6349983215332,32.741427830287385,32.53928552355085,32.235083198547365,32.529998779296875
2015-06-03,32.665000915527344,32.73500061035156,32.474998474121094,32.529998779296875,123934000,32.4900016784668,32.65499932425363,32.61267825535366,32.26183312733968,32.34000015258789
2015-06-04,32.39500045776367,32.64500045776367,32.227500915527344,32.34000015258789,153800400,32.529998779296875,32.645713806152344,32.619999749319895,32.26799983978272,32.162498474121094
2015-06-05,32.375,32.42250061035156,32.09000015258789,32.162498474121094,142507200,32.34000015258789,32.52464239937918,32.61785670689174,32.25949980417887,31.950000762939453
2015-06-08,32.224998474121094,32.3025016784668,31.707500457763672,31.950000762939453,210699200,32.162498474121094,32.38249969482422,32.575178146362305,32.23883317311605,31.854999542236328
2015-06-09,31.674999237060547,32.02000045776367,31.405000686645508,31.854999542236328,224301600,31.950000762939453,32.28035681588309,32.52785655430385,32.19524987538656,32.220001220703125
2015-06-10,31.979999542236328,32.334999084472656,31.962499618530277,32.220001220703125,156349200,31.854999542236328,32.22107151576451,32.50678525652204,32.181249936421715,32.147499084472656
2015-06-11,32.29499816894531,32.54499816894531,32.119998931884766,32.147499084472656,141563600,32.220001220703125,32.17214257376535,32.45678520202637,32.18083324432373,31.792499542236328
2015-06-12,32.04750061035156,32.08250045776367,31.77750015258789,31.792499542236328,147544800,32.147499084472656,32.066785539899556,32.36089243207659,32.197666549682616,31.729999542236328
2015-06-15,31.524999618530277,31.809999465942383,31.427499771118164,31.729999542236328,175955600,31.792499542236328,31.979642595563615,32.31267820085798,32.18074989318848,31.899999618530277
2015-06-16,31.75749969482422,31.962499618530277,31.592500686645508,31.899999618530277,125976400,31.729999542236328,31.942142759050647,32.233392579214915,32.17158323923747,31.825000762939453
2015-06-17,31.93000030517578,31.96999931335449,31.684999465942383,31.825000762939453,131672400,31.899999618530277,31.924285616193497,32.15339265550886,32.18408323923747,31.96999931335449
2015-06-18,31.8075008392334,32.07749938964844,31.80500030517578,31.96999931335449,141628800,31.825000762939453,31.940714154924667,32.11053548540388,32.20799986521403,31.649999618530277
2015-06-19,31.927499771118164,31.95499992370605,31.600000381469727,31.649999618530277,218867600,31.96999931335449,31.859285354614258,32.04017843518938,32.21916650136312,31.90250015258789
2015-06-22,31.872499465942383,32.01499938964844,31.770000457763672,31.90250015258789,136157200,31.649999618530277,31.82428550720215,31.99821404048375,32.21908315022787,31.75749969482422
2015-06-23,31.8700008392334,31.90250015258789,31.71999931335449,31.75749969482422,121075600,31.90250015258789,31.819285529000418,31.943035534449987,32.224999809265135,32.02750015258789
2015-06-24,31.802499771118164,32.45000076293945,31.780000686645508,32.02750015258789,221123600,31.75749969482422,31.861785616193497,31.920714105878556,32.24366645812988,31.875
2015-06-25,32.21500015258789,32.29999923706055,31.875,31.875,127752400,32.02750015258789,31.858214242117747,31.900178500584193,32.25608310699463,31.6875
2015-06-26,31.917499542236328,31.997499465942383,31.627500534057617,31.6875,176267200,31.875,31.838571275983536,31.881428446088517,32.23774979909261,31.13249969482422
2015-06-29,31.364999771118164,31.61750030517578,31.1200008392334,31.13249969482422,196645600,31.6875,31.718928473336355,31.82982131413051,32.20241641998291,31.357500076293945
2015-06-30,31.39249992370605,31.530000686645508,31.21500015258789,31.357500076293945,177482800,31.13249969482422,31.67714282444545,31.768214089529856,32.162749735514325,31.649999618530277
2015-07-01,31.725000381469727,31.73500061035156,31.497499465942383,31.649999618530277,120955200,31.357500076293945,31.641071319580078,31.732678413391113,32.133832995096846,31.61000061035156
2015-07-02,31.607500076293945,31.67250061035156,31.4424991607666,31.61000061035156,108844000,31.649999618530277,31.62000002179827,31.719642775399343,32.10366636912028,31.5
2015-07-06,31.23500061035156,31.5575008392334,31.212499618530277,31.5,112241600,31.61000061035156,31.544642857142858,31.703214236668178,32.058749707539874,31.42250061035156
2015-07-07,31.47249984741211,31.537500381469727,30.9424991607666,31.42250061035156,187787200,31.5,31.480000087193076,31.66910716465541,32.00166645050049,30.64249992370605
2015-07-08,31.1200008392334,31.15999984741211,30.63500022888184,30.64249992370605,243046400,31.42250061035156,31.33071436200823,31.584642818995885,31.942916488647462,30.01749992370605
2015-07-09,30.962499618530277,31.01499938964844,29.80500030517578,30.01749992370605,314380000,30.64249992370605,31.171428680419922,31.44517857687814,31.843166542053222,30.81999969482422
2015-07-10,30.48500061035156,30.962499618530277,30.302499771118164,30.81999969482422,245418000,30.01749992370605,31.094642911638534,31.385892868041992,31.77233320871989,31.415000915527344
2015-07-13,31.25749969482422,31.440000534057617,31.07999992370605,31.415000915527344,165762000,30.81999969482422,31.061071668352394,31.351071493966238,31.733833249409994,31.40250015258789
2015-07-14,31.51000022888184,31.592500686645508,31.26000022888184,31.40250015258789,127072400,31.415000915527344,31.031428745814733,31.325714383806503,31.692749977111816,31.70499992370605
2015-07-15,31.43000030517578,31.787500381469727,31.395000457763672,31.70499992370605,134596800,31.40250015258789,31.06071444920131,31.302678653172084,31.666583251953124,32.127498626708984
2015-07-16,31.934999465942383,32.14250183105469,31.837499618530277,32.127498626708984,144889600,31.70499992370605,31.161428451538086,31.320714269365585,31.653166580200196,32.404998779296875
2015-07-17,32.27000045776367,32.404998779296875,32.07749938964844,32.404998779296875,184658800,32.127498626708984,31.413214002336776,31.3719641821725,31.655333201090496,33.01750183105469
2015-07-20,32.74250030517578,33.24250030517578,32.67499923706055,33.01750183105469,235600800,32.404998779296875,31.84178570338658,31.50660719190325,31.68383331298828,32.6875
2015-07-21,33.212501525878906,33.22999954223633,32.58000183105469,32.6875,307025600,33.01750183105469,32.10857146126883,31.601607186453684,31.7084166208903,31.30500030517578
2015-07-22,30.497499465942383,31.375,30.497499465942383,31.30500030517578,461802400,32.6875,32.09285708836147,31.576964378356934,31.690083312988282,31.290000915527344
2015-07-23,31.549999237060547,31.772499084472656,31.26499938964844,31.290000915527344,203998000,31.30500030517578,32.07678576878139,31.55410725729806,31.659083302815755,31.125
2015-07-24,31.32999992370605,31.434999465942383,30.975000381469727,31.125,168649200,31.290000915527344,31.99392863682338,31.527321543012345,31.625,30.6924991607666
2015-07-27,30.772499084472656,30.90250015258789,30.530000686645508,30.6924991607666,177822000,31.125,31.788928713117325,31.475178582327707,31.588333320617675,30.84499931335449
2015-07-28,30.84499931335449,30.977500915527344,30.637500762939453,30.84499931335449,134472400,30.6924991607666,31.56607164655413,31.48964282444545,31.55883331298828,30.747499465942383
2015-07-29,30.787500381469727,30.875,30.5674991607666,30.747499465942383,148046800,30.84499931335449,31.24178559439523,31.541785648890905,31.52041664123535,30.592500686645508
2015-07-30,30.57999992370605,30.64249992370605,30.427499771118164,30.592500686645508,134513200,30.747499465942383,30.94249997820173,31.52553571973528,31.479333305358885,30.325000762939453
2015-07-31,30.649999618530277,30.65999984741211,30.227500915527344,30.325000762939453,171540000,30.592500686645508,30.80250004359654,31.447678565979004,31.424500020345054,29.61000061035156
2015-08-03,30.375,30.64249992370605,29.3799991607666,29.61000061035156,279904000,30.325000762939453,30.5625,31.319642884390696,31.35650005340576,28.65999984741211
2015-08-04,29.354999542236328,29.424999237060547,28.3125,28.65999984741211,496554400,29.61000061035156,30.210357121058873,31.102142878941127,31.248416709899903,28.850000381469727
2015-08-05,28.237499237060547,29.36000061035156,28.024999618530277,28.850000381469727,397250400,28.65999984741211,29.94714300973075,30.868035861424037,31.151500066121418,28.78249931335449
2015-08-06,28.99250030517578,29.125,28.530000686645508,28.78249931335449,211612000,28.850000381469727,29.65250015258789,30.60928589957101,31.043333371480305,28.8799991607666
2015-08-07,28.645000457763672,29.0625,28.625,28.8799991607666,154681600,28.78249931335449,29.385714394705637,30.31374999455043,30.943500010172524,29.93000030517578
2015-08-10,29.13249969482422,29.997499465942383,29.13249969482422,29.93000030517578,219806400,28.8799991607666,29.291071483067103,30.116785730634415,30.884916687011717,28.372499465942383
2015-08-11,29.45249938964844,29.545000076293945,28.332500457763672,28.372499465942383,388331200,29.93000030517578,29.012142726353236,29.90732138497489,30.792916679382323,28.809999465942383
2015-08-12,28.13249969482422,28.854999542236328,27.40749931335449,28.809999465942383,404870000,28.372499465942383,28.897856848580496,29.730178424290248,30.707999992370606,28.787500381469727
2015-08-13,29.01000022888184,29.100000381469727,28.63500022888184,28.787500381469727,194143200,28.809999465942383,28.91607121058873,29.5632141658238,30.612583351135253,28.989999771118164
2015-08-14,28.57999992370605,29.07749938964844,28.502500534057617,28.989999771118164,171718000,28.787500381469727,28.936071123395646,29.441607066563197,30.525249989827476,29.290000915527344
2015-08-17,29.01000022888184,29.412500381469727,28.875,29.290000915527344,163538800,28.989999771118164,29.00857135227748,29.330535752432688,30.451583353678384,29.125
2015-08-18,29.107500076293945,29.36000061035156,29.002500534057617,29.125,138242800,29.290000915527344,29.04357147216797,29.214642933436803,30.375,28.752500534057617
2015-08-19,29.024999618530277,29.1299991607666,28.670000076293945,28.752500534057617,193146000,29.125,28.875357219151088,29.083214351109095,30.312000020345053,28.162500381469727
2015-08-20,28.520000457763672,28.587499618530277,27.90749931335449,28.162500381469727,274006400,28.752500534057617,28.84535734994071,28.928750038146973,30.25016670227051,26.440000534057617
2015-08-21,27.607500076293945,27.975000381469727,26.412500381469727,26.440000534057617,513102000,28.162500381469727,28.50678607395717,28.702321461268834,30.104166730244955,25.780000686645508
2015-08-24,23.717500686645508,27.200000762939453,23.0,25.780000686645508,648825200,26.440000534057617,28.077143260410853,28.49660723549979,29.916333389282226,25.934999465942383
2015-08-25,27.77750015258789,27.77750015258789,25.875,25.934999465942383,414406400,25.780000686645508,27.640714645385742,28.288392884390696,29.734083366394042,27.42250061035156
2015-08-26,26.772499084472656,27.47249984741211,26.262500762939453,27.42250061035156,387098400,25.934999465942383,27.37392888750349,28.191250119890487,29.591333389282227,28.229999542236328
2015-08-27,28.0575008392334,28.309999465942383,27.5049991607666,28.229999542236328,338464400,27.42250061035156,27.246071679251536,28.144821575709752,29.46141675313314,28.32250022888184
2015-08-28,28.042499542236328,28.32749938964844,27.88500022888184,28.32250022888184,212657600,28.229999542236328,27.184643064226425,28.030000141688756,29.325333468119304,28.190000534057617
2015-08-31,28.00749969482422,28.63249969482422,28.0,28.190000534057617,224917200,28.32250022888184,27.188571657453263,28.016964503696986,29.1644167582194,26.93000030517578
2015-09-01,27.537500381469727,27.96999931335449,26.84000015258789,26.93000030517578,307383600,28.190000534057617,27.25857162475586,27.882678849356516,28.97250010172526,28.084999084472656
2015-09-02,27.5575008392334,28.084999084472656,27.28249931335449,28.084999084472656,247555200,26.93000030517578,27.58785711015974,27.832500185285294,28.865166727701823,27.592500686645508
2015-09-03,28.122499465942383,28.19499969482422,27.51000022888184,27.592500686645508,212935600,28.084999084472656,27.824642998831614,27.732678822108678,28.741916720072428,27.3174991607666
2015-09-04,27.24250030517578,27.612499237060547,27.127500534057617,27.3174991607666,199985200,27.592500686645508,27.809642791748047,27.591785839625768,28.615000025431314,28.07749938964844
2015-09-08,27.9375,28.13999938964844,27.57999992370605,28.07749938964844,219374400,27.3174991607666,27.787857055664062,27.5169643674578,28.52783336639404,27.537500381469727
2015-09-09,28.440000534057617,28.5049991607666,27.4424991607666,27.537500381469727,340043200,28.07749938964844,27.675714220319474,27.43017864227295,28.417583401997884,28.14249992370605
2015-09-10,27.5674991607666,28.31999969482422,27.475000381469727,28.14249992370605,251571200,27.537500381469727,27.668928418840682,27.428750038146973,28.33075008392334,28.552499771118164
2015-09-11,27.94750022888184,28.552499771118164,27.940000534057617,28.552499771118164,199662000,28.14249992370605,27.90071405683245,27.579642840794154,28.26275005340576,28.82749938964844
2015-09-14,29.145000457763672,29.22249984741211,28.71500015258789,28.82749938964844,233453600,28.552499771118164,28.006785529000418,27.797321319580078,28.212833340962728,29.06999969482422
2015-09-15,28.982500076293945,29.13249969482422,28.604999542236328,29.06999969482422,173364800,28.82749938964844,28.217856815883092,28.02124990735735,28.19483331044515,29.102500915527344
2015-09-16,29.0625,29.13500022888184,28.86000061035156,29.102500915527344,148694000,29.06999969482422,28.472857066563197,28.141249929155624,28.20958334604899,28.479999542236328
2015-09-17,28.915000915527344,29.122499465942383,28.43000030517578,28.479999542236328,256450400,29.102500915527344,28.530357088361466,28.159107072012766,28.197249984741212,28.362499237060547
2015-09-18,28.052499771118164,28.575000762939453,27.967500686645508,28.362499237060547,297141200,28.479999542236328,28.648214067731583,28.16196414402553,28.18324998219808,28.802499771118164
2015-09-21,28.417499542236328,28.842500686645508,28.415000915527344,28.802499771118164,200888000,28.362499237060547,28.74249976021903,28.205714089529856,28.1806666692098,28.350000381469727
2015-09-22,28.34499931335449,28.545000076293945,28.1299991607666,28.350000381469727,201384800,28.802499771118164,28.713571275983536,28.307142666407994,28.128000005086264,28.57999992370605
2015-09-23,28.40749931335449,28.68000030517578,28.325000762939453,28.57999992370605,143026800,28.350000381469727,28.67821420942034,28.34249986921038,28.134916687011717,28.75
2015-09-24,28.3125,28.875,28.092500686645508,28.75,200878000,28.57999992370605,28.632499967302596,28.425178391592844,28.13291670481364,28.677499771118164
2015-09-25,29.11000061035156,29.17250061035156,28.5049991607666,28.677499771118164,224607600,28.75,28.571785518101283,28.52232129233224,28.12925001780192,28.11000061035156
2015-09-28,28.462499618530277,28.64249992370605,28.11000061035156,28.11000061035156,208436000,28.677499771118164,28.51892852783203,28.52464280809675,28.099916712443033,27.26499938964844
2015-09-29,28.207500457763672,28.377500534057617,26.96500015258789,27.26499938964844,293461600,28.11000061035156,28.36214283534459,28.505178451538086,28.032416661580402,27.575000762939453
2015-09-30,27.542499542236328,27.88500022888184,27.1825008392334,27.575000762939453,265892000,27.26499938964844,28.1867858341762,28.464642797197616,27.980750020345052,27.395000457763672
2015-10-01,27.26749992370605,27.405000686645508,26.82749938964844,27.395000457763672,255716400,27.575000762939453,28.050357273646764,28.38196427481515,27.93550001780192,27.59499931335449
2015-10-02,27.002500534057617,27.752500534057617,26.887500762939453,27.59499931335449,232079200,27.395000457763672,27.909642900739396,28.29392855507987,27.916583315531412,27.69499969482422
2015-10-05,27.46999931335449,27.842500686645508,27.26749992370605,27.69499969482422,208258800,27.59499931335449,27.758928571428573,28.195714269365585,27.9584166208903,27.82749938964844
2015-10-06,27.65749931335449,27.934999465942383,27.4424991607666,27.82749938964844,192787200,27.69499969482422,27.637499945504324,28.104642731802805,28.026666577657064,27.69499969482422
2015-10-07,27.934999465942383,27.9424991607666,27.352500915527344,27.69499969482422,187062400,27.82749938964844,27.57821410042899,28.04857131413051,28.085333251953124,27.375
2015-10-08,27.54750061035156,27.54750061035156,27.052499771118164,27.375,247918400,27.69499969482422,27.593928473336355,27.97803565434047,28.08374989827474,28.030000686645508
2015-10-09,27.5,28.06999969482422,27.372499465942383,28.030000686645508,211064400,27.375,27.65892846243722,27.92285714830671,28.077083269755047,27.899999618530277
2015-10-12,28.1825008392334,28.1875,27.86000061035156,27.899999618530277,121868800,28.030000686645508,27.73107119968959,27.890714236668178,28.06299991607666,27.94750022888184
2015-10-13,27.70499992370605,28.112499237060547,27.670000076293945,27.94750022888184,132197200,27.899999618530277,27.781428473336355,27.845535687037877,28.0549165725708,27.552499771118164
2015-10-14,27.82250022888184,27.8799991607666,27.38999938964844,27.552499771118164,177849600,27.94750022888184,27.761071341378347,27.75999995640346,28.07566655476888,27.96500015258789
2015-10-15,27.732500076293945,28.024999618530277,27.622499465942383,27.96500015258789,150694000,27.552499771118164,27.780714307512557,27.70910712650844,28.071666590372722,27.76000022888184
2015-10-16,27.94499969482422,28.0,27.63249969482422,27.76000022888184,156930400,27.96500015258789,27.790000098092214,27.684107099260604,28.077249908447264,27.9325008392334
2015-10-19,27.700000762939453,27.9375,27.52750015258789,27.9325008392334,119036800,27.76000022888184,27.86964307512556,27.731785774230957,28.097749964396158,28.4424991607666
2015-10-20,27.834999084472656,28.542499542236328,27.70499992370605,28.4424991607666,195871200,27.9325008392334,27.928571428571427,27.793749945504324,28.10991662343343,28.440000534057617
2015-10-21,28.5,28.895000457763672,28.424999237060547,28.440000534057617,167180800,28.4424991607666,28.005714416503906,27.86839280809675,28.13999996185303,28.875
2015-10-22,28.582500457763672,28.875,28.524999618530277,28.875,166616400,28.440000534057617,28.138214383806503,27.959821428571427,28.164416631062824,29.770000457763672
2015-10-23,29.174999237060547,29.8075008392334,29.082500457763672,29.770000457763672,237467600,28.875,28.455000196184432,28.108035768781388,28.204999987284342,28.81999969482422
2015-10-26,29.520000457763672,29.53249931335449,28.729999542236328,28.81999969482422,265335200,29.770000457763672,28.57714298793248,28.17892864772252,28.20474999745687,28.637500762939453
2015-10-27,28.850000381469727,29.13500022888184,28.497499465942383,28.637500762939453,279537600,28.81999969482422,28.702500207083567,28.24625015258789,28.190333366394043,29.8174991607666
2015-10-28,29.232500076293945,29.825000762939453,29.01499938964844,29.8174991607666,342205600,28.637500762939453,28.971785681588308,28.420714378356934,28.21416664123535,30.13249969482422
2015-10-29,29.674999237060547,30.17250061035156,29.5674991607666,30.13249969482422,204909200,29.8174991607666,29.213214329310826,28.570892878941127,28.269249979654948,29.875
2015-10-30,30.247499465942383,30.30500030517578,29.862499237060547,29.875,197461200,30.13249969482422,29.41821425301688,28.711964334760392,28.31966667175293,30.295000076293945
2015-11-02,30.200000762939453,30.34000015258789,29.90250015258789,30.295000076293945,128813200,29.875,29.621071406773158,28.87964289528983,28.369416681925454,30.64249992370605
2015-11-03,30.19750022888184,30.872499465942383,30.174999237060547,30.64249992370605,182076000,30.295000076293945,29.74571418762207,29.10035719190325,28.445833333333333,30.5
2015-11-04,30.78249931335449,30.95499992370605,30.405000686645508,30.5,179544400,30.64249992370605,29.985714231218612,29.281428609575546,28.509833335876465,30.229999542236328
2015-11-05,30.462499618530277,30.67250061035156,30.045000076293945,30.229999542236328,158210800,30.5,30.21321405683245,29.457857131958008,28.55916665395101,30.26499938964844
2015-11-06,30.27750015258789,30.45249938964844,30.155000686645508,30.26499938964844,132169200,30.229999542236328,30.277142660958425,29.624464171273367,28.61208330790202,30.14249992370605
2015-11-09,30.239999771118164,30.45249938964844,30.012500762939453,30.14249992370605,135485600,30.26499938964844,30.278571265084402,29.745892797197616,28.679833285013835,29.1924991607666
2015-11-10,29.225000381469727,29.51749992370605,29.01499938964844,29.1924991607666,236511600,30.14249992370605,30.18107114519392,29.799642699105398,28.74408327738444,29.02750015258789
2015-11-11,29.092500686645508,29.354999542236328,28.802499771118164,29.02750015258789,180872000,29.1924991607666,29.999999727521622,29.81053556714739,28.792499923706053,28.93000030517578
2015-11-12,29.065000534057617,29.20499992370605,28.912500381469727,28.93000030517578,130102400,29.02750015258789,29.75535692487444,29.750535556248256,28.84366658528646,28.084999084472656
2015-11-13,28.799999237060547,28.89249992370605,28.0674991607666,28.084999084472656,183249600,28.93000030517578,29.410356794084823,29.698035512651717,28.859999910990396,28.545000076293945
2015-11-16,27.84499931335449,28.559999465942383,27.75,28.545000076293945,152426800,28.084999084472656,29.16964258466448,29.691428320748464,28.88833325703939,28.42250061035156
2015-11-17,28.729999542236328,28.762500762939453,28.32999992370605,28.42250061035156,110467600,28.545000076293945,28.906428473336355,29.59178556714739,28.908166631062826,29.32250022888184
2015-11-18,28.940000534057617,29.372499465942383,28.875,29.32250022888184,186698800,28.42250061035156,28.78928565979004,29.53392846243722,28.962416648864746,29.69499969482422
2015-11-19,29.40999984741211,29.9375,29.190000534057617,29.69499969482422,173183200,29.32250022888184,28.8610714503697,29.52107129778181,29.039749972025554,29.825000762939453
2015-11-20,29.799999237060547,29.979999542236328,29.712499618530277,29.825000762939453,137148400,29.69499969482422,28.97500010899135,29.487499918256486,29.09958330790202,29.4375
2015-11-23,29.8174991607666,29.9325008392334,29.334999084472656,29.4375,129930000,29.825000762939453,29.04750006539481,29.401428495134628,29.150833320617675,29.71999931335449
2015-11-24,29.332500457763672,29.837499618530277,29.280000686645508,29.71999931335449,171212800,29.4375,29.281071526663645,29.345714160374232,29.209916623433433,29.50749969482422
2015-11-25,29.802499771118164,29.8075008392334,29.479999542236328,29.50749969482422,85553200,29.71999931335449,29.41857147216797,29.294107028416224,29.275083287556967,29.45249938964844
2015-11-27,29.57250022888184,29.602500915527344,29.399999618530277,29.45249938964844,52185600,29.50749969482422,29.565714154924667,29.23607131413051,29.324666595458986,29.575000762939453
2015-11-30,29.497499465942383,29.852500915527344,29.4375,29.575000762939453,156721200,29.45249938964844,29.60178565979004,29.19553565979004,29.385166613260903,29.334999084472656
2015-12-01,29.6875,29.70249938964844,29.21500015258789,29.334999084472656,139409600,29.575000762939453,29.550357001168386,29.205714225769043,29.43191655476888,29.06999969482422
2015-12-02,29.334999084472656,29.52750015258789,29.020000457763672,29.06999969482422,133546400,29.334999084472656,29.442499705723353,29.20874990735735,29.452833239237467,28.799999237060547
2015-12-03,29.137500762939453,29.19750022888184,28.55500030517578,28.799999237060547,166278000,29.06999969482422,29.351428168160574,29.199464116777694,29.464833196004232,29.75749969482422
2015-12-04,28.82250022888184,29.8125,28.77750015258789,29.75749969482422,231108000,28.799999237060547,29.356785365513392,29.318928446088517,29.494249852498374,29.56999969482422
2015-12-07,29.7450008392334,29.96500015258789,29.45249938964844,29.56999969482422,128336800,29.75749969482422,29.365713936941965,29.392142704554967,29.48758316040039,29.5575008392334
2015-12-08,29.3799991607666,29.649999618530277,29.21500015258789,29.5575008392334,137238000,29.56999969482422,29.38071414402553,29.473214149475098,29.5121665318807,28.905000686645508
2015-12-09,29.40999984741211,29.42250061035156,28.770000457763672,28.905000686645508,185445600,29.5575008392334,29.28499984741211,29.443392753601074,29.52108319600423,29.042499542236328
2015-12-10,29.01000022888184,29.23500061035156,28.877500534057617,29.042499542236328,116850800,28.905000686645508,29.243214198521205,29.396785599844797,29.495249875386556,28.295000076293945
2015-12-11,28.79750061035156,28.84749984741211,28.212499618530277,28.295000076293945,187544800,29.042499542236328,29.132499967302596,29.287499836512975,29.433999888102214,28.1200008392334
2015-12-14,28.045000076293945,28.170000076293945,27.44750022888184,28.1200008392334,257274800,28.295000076293945,29.035357339041575,29.193392753601074,29.37549991607666,27.622499465942383
2015-12-15,27.98500061035156,28.200000762939453,27.587499618530277,27.622499465942383,213292400,28.1200008392334,28.730357306344168,29.04357133592878,29.286416562398276,27.834999084472656
2015-12-16,27.76749992370605,27.997499465942383,27.200000762939453,27.834999084472656,224954000,27.622499465942383,28.482500076293945,28.924107006617955,29.192833201090494,27.2450008392334
2015-12-17,28.0049991607666,28.0625,27.2450008392334,27.2450008392334,179091200,27.834999084472656,28.152142933436803,28.766428538731166,29.084333229064942,26.50749969482422
2015-12-18,27.227500915527344,27.3799991607666,26.45249938964844,26.50749969482422,385813200,27.2450008392334,27.809642791748047,28.547321319580078,28.96024990081787,26.832500457763672
2015-12-21,26.81999969482422,26.842500686645508,26.39249992370605,26.832500457763672,190362400,26.50749969482422,27.49392863682338,28.368571417672293,28.845833269755044,26.8075008392334
2015-12-22,26.850000381469727,26.93000030517578,26.612499237060547,26.8075008392334,131157600,26.832500457763672,27.281428745814733,28.206964356558665,28.734666633605958,27.15250015258789
2015-12-23,26.8174991607666,27.212499618530277,26.799999237060547,27.15250015258789,130629600,26.8075008392334,27.14321436200823,28.089285850524902,28.666666666666668,27.00749969482422
2015-12-24,27.25,27.25,26.987499237060547,27.00749969482422,54281600,27.15250015258789,27.055357251848495,27.89285727909633,28.599333318074546,26.70499992370605
2015-12-28,26.897499084472656,26.92250061035156,26.545000076293945,26.70499992370605,106816800,27.00749969482422,26.89392880031041,27.688214438302175,28.52516663869222,27.184999465942383
2015-12-29,26.739999771118164,27.357500076293945,26.71500015258789,27.184999465942383,123724800,26.70499992370605,26.88535717555455,27.518750054495676,28.495166651407878,26.82999992370605
2015-12-30,27.145000457763672,27.174999237060547,26.795000076293945,26.82999992370605,100855200,27.184999465942383,26.93142863682338,27.370535714285715,28.437999979654947,26.315000534057617
2015-12-31,26.752500534057617,26.75749969482422,26.20499992370605,26.315000534057617,163649200,26.82999992370605,26.857500076293945,27.175714356558665,28.367749977111817,26.337499618530277
2016-01-04,25.65250015258789,26.342500686645508,25.5,26.337499618530277,270597600,26.315000534057617,26.790357044764928,27.03589289528983,28.268249956766763,25.677499771118164
2016-01-05,26.4375,26.462499618530277,25.602500915527344,25.677499771118164,223164000,26.337499618530277,26.579642704554967,26.8614285332816,28.13433329264323,25.174999237060547
2016-01-06,25.13999938964844,25.592500686645508,24.967500686645508,25.174999237060547,273829600,25.677499771118164,26.31785692487444,26.686607088361466,27.979333241780598,24.112499237060547
2016-01-07,24.670000076293945,25.03249931335449,24.107500076293945,24.112499237060547,324377600,25.174999237060547,25.947499683925084,26.420714242117747,27.801833216349284,24.239999771118164
2016-01-08,24.637500762939453,24.77750015258789,24.190000534057617,24.239999771118164,283192000,24.112499237060547,25.526785441807338,26.206071308680944,27.619166564941406,24.63249969482422
2016-01-11,24.74250030517578,24.76499938964844,24.334999084472656,24.63249969482422,198957600,24.239999771118164,25.21285683768136,26.07214273725237,27.456666564941408,24.989999771118164
2016-01-12,25.137500762939453,25.17250061035156,24.709999084472656,24.989999771118164,196616800,24.63249969482422,25.023571014404297,25.94053554534912,27.307916577657064,24.34749984741211
2016-01-13,25.07999992370605,25.29750061035156,24.325000762939453,24.34749984741211,249758400,24.989999771118164,24.73928533281599,25.764821188790457,27.133666547139487,24.8799991607666
2016-01-14,24.489999771118164,25.1200008392334,23.934999465942383,24.8799991607666,252680400,24.34749984741211,24.625356674194336,25.60249968937465,26.985166549682617,24.28249931335449
2016-01-15,24.049999237060547,24.427499771118164,23.84000015258789,24.28249931335449,319335600,24.8799991607666,24.49785668509347,25.407856804983957,26.825583203633627,24.165000915527344
2016-01-19,24.602500915527344,24.662500381469727,23.875,24.165000915527344,212350800,24.28249931335449,24.50535692487444,25.226428304399764,26.67108325958252,24.19750022888184
2016-01-20,23.774999618530277,24.54750061035156,23.354999542236328,24.19750022888184,289337600,24.165000915527344,24.499285561697825,25.01303550175258,26.485749944051108,24.075000762939453
2016-01-21,24.26499938964844,24.46999931335449,23.73500061035156,24.075000762939453,208646000,24.19750022888184,24.419642857142858,24.81624984741211,26.302583312988283,25.354999542236328
2016-01-22,24.65749931335449,25.364999771118164,24.592500686645508,25.354999542236328,263202000,24.075000762939453,24.471785681588308,24.747678347996303,26.162499936421714,24.86000061035156
2016-01-25,25.3799991607666,25.38249969482422,24.802499771118164,24.86000061035156,207178000,25.354999542236328,24.545000076293945,24.642142704554967,26.02766660054525,24.997499465942383
2016-01-26,24.982500076293945,25.21999931335449,24.51749992370605,24.997499465942383,300308000,24.86000061035156,24.5617858341762,24.593571254185267,25.892833264668784,23.354999542236328
2016-01-27,24.01000022888184,24.15749931335449,23.334999084472656,23.354999542236328,533478800,24.997499465942383,24.429285866873606,24.463571275983536,25.728166580200195,23.522499084472656
2016-01-28,23.44750022888184,23.6299991607666,23.09749984741211,23.522499084472656,222715200,23.354999542236328,24.33749989100865,24.421428407941544,25.57491652170817,24.334999084472656
2016-01-29,23.69750022888184,24.334999084472656,23.587499618530277,24.334999084472656,257666000,23.522499084472656,24.35714258466448,24.428214073181152,25.46533317565918,24.107500076293945
2016-02-01,24.11750030517578,24.177499771118164,23.850000381469727,24.107500076293945,163774000,24.334999084472656,24.361785343715123,24.39071410042899,25.34108320871989,23.6200008392334
2016-02-02,23.854999542236328,24.01000022888184,23.56999969482422,23.6200008392334,149428800,24.107500076293945,24.113928386143275,24.292857033865793,25.220249875386557,24.087499618530277
2016-02-03,23.75,24.209999084472656,23.520000457763672,24.087499618530277,183857200,23.6200008392334,24.003571101597377,24.274285588945663,25.13958320617676,24.149999618530277
2016-02-04,23.96500015258789,24.332500457763672,23.79750061035156,24.149999618530277,185886800,24.087499618530277,23.88249969482422,24.22214276450021,25.050166511535643,23.5049991607666
2016-02-05,24.1299991607666,24.229999542236328,23.42250061035156,23.5049991607666,185672400,24.149999618530277,23.903928211757115,24.16660703931536,24.94008312225342,23.752500534057617
2016-02-08,23.28249931335449,23.924999237060547,23.26000022888184,23.752500534057617,216085600,23.5049991607666,23.936785561697825,24.137142726353236,24.826749801635742,23.747499465942383
2016-02-09,23.57250022888184,23.98500061035156,23.482500076293945,23.747499465942383,177324800,23.752500534057617,23.852857044764928,24.104999814714706,24.718083127339682,23.5674991607666
2016-02-10,23.979999542236328,24.087499618530277,23.524999618530277,23.5674991607666,169374400,23.747499465942383,23.77571405683245,24.068749700273788,24.613499768575032,23.424999237060547
2016-02-11,23.44750022888184,23.68000030517578,23.147499084472656,23.424999237060547,200298800,23.5674991607666,23.74785668509347,23.930892535618373,24.488166427612306,23.497499465942383
2016-02-12,23.54750061035156,23.625,23.252500534057617,23.497499465942383,161405600,23.424999237060547,23.663570949009486,23.83357102530343,24.37708307902018,24.15999984741211
2016-02-16,23.7549991607666,24.212499618530277,23.65250015258789,24.15999984741211,196231600,23.497499465942383,23.664999553135463,23.773749623979842,24.305249722798667,24.530000686645508
2016-02-17,24.167499542236328,24.552499771118164,24.037500381469727,24.530000686645508,179452800,24.15999984741211,23.811428342546737,23.857678277151926,24.244999758402507,24.065000534057617
2016-02-18,24.709999084472656,24.72249984741211,24.022499084472656,24.065000534057617,156084000,24.530000686645508,23.85607119968959,23.89642838069371,24.191249783833822,24.01000022888184
2016-02-19,24.0,24.190000534057617,23.950000762939453,24.01000022888184,141496800,24.065000534057617,23.893571308680944,23.873214176722936,24.152416483561197,24.21999931335449
2016-02-22,24.07749938964844,24.225000381469727,23.979999542236328,24.21999931335449,137123200,24.01000022888184,23.986785616193497,23.881249836512975,24.155999819437664,23.67250061035156
2016-02-23,24.100000381469727,24.125,23.637500762939453,23.67250061035156,127770400,24.21999931335449,24.022142955235072,23.88499982016427,24.137083180745442,24.024999618530277
2016-02-24,23.4950008392334,24.09499931335449,23.32999992370605,24.024999618530277,145022800,23.67250061035156,24.097500119890487,23.880535534449987,24.11683317820231,24.190000534057617
2016-02-25,24.012500762939453,24.190000534057617,23.8125,24.190000534057617,110330800,24.024999618530277,24.101785932268417,23.88339274270194,24.090166536966958,24.227500915527344
2016-02-26,24.299999237060547,24.5049991607666,24.145000457763672,24.227500915527344,115964400,24.190000534057617,24.058571679251536,23.935000010899135,24.0861665725708,24.17250061035156
2016-02-29,24.21500015258789,24.5575008392334,24.162500381469727,24.17250061035156,140865200,24.227500915527344,24.073928833007812,23.965000016348704,24.062583287556965,25.13249969482422
2016-03-01,24.412500381469727,25.1924991607666,24.354999542236328,25.13249969482422,201628400,24.17250061035156,24.23428589957101,24.063928604125977,24.090916633605957,25.1875
2016-03-02,25.127500534057617,25.22249984741211,24.90999984741211,25.1875,132678400,25.13249969482422,24.372500283377512,24.179642949785507,24.124999936421712,25.375
2016-03-03,25.145000457763672,25.427499771118164,25.112499237060547,25.375,147822800,25.1875,24.615714481898717,24.318928718566895,24.16424992879232,25.752500534057617
2016-03-04,25.592500686645508,25.9375,25.342500686645508,25.752500534057617,184220400,25.375,24.86250032697405,24.480000223432267,24.22016658782959,25.467500686645508
2016-03-07,25.59749984741211,25.707500457763672,25.239999771118164,25.467500686645508,143315600,25.752500534057617,25.045000348772323,24.57339314052037,24.223916625976564,25.25749969482422
2016-03-08,25.19499969482422,25.440000534057617,25.100000381469727,25.25749969482422,126247600,25.467500686645508,25.192143031529017,24.625357355390275,24.237166595458984,25.280000686645508
2016-03-09,25.32749938964844,25.395000457763672,25.0674991607666,25.280000686645508,108806800,25.25749969482422,25.35035732814244,24.712143080575125,24.246583302815754,25.292499542236328
2016-03-10,25.352500915527344,25.559999465942383,25.037500381469727,25.292499542236328,134054400,25.280000686645508,25.37321444920131,24.80375017438616,24.31116663614909,25.565000534057617
2016-03-11,25.559999465942383,25.56999969482422,25.375,25.565000534057617,109632800,25.292499542236328,25.427143096923828,24.89982169015067,24.37925001780192,25.6299991607666
2016-03-14,25.477500915527344,25.727500915527344,25.44499969482422,25.6299991607666,100304400,25.565000534057617,25.463571548461914,25.039643015180314,24.42241668701172,26.145000457763672
2016-03-15,25.989999771118164,26.295000076293945,25.962499618530277,26.145000457763672,160270800,25.6299991607666,25.519642966134207,25.19107164655413,24.490333366394044,26.49250030517578
2016-03-16,26.15250015258789,26.57749938964844,26.147499084472656,26.49250030517578,153214000,26.145000457763672,25.666071483067103,25.355535915919713,24.586083348592123,26.450000762939453
2016-03-17,26.3799991607666,26.61750030517578,26.239999771118164,26.450000762939453,137682800,26.49250030517578,25.836428778512136,25.51428590502058,24.664833386739094,26.479999542236328
2016-03-18,26.584999084472656,26.625,26.29750061035156,26.479999542236328,176820800,26.450000762939453,26.007857186453684,25.67910725729806,24.74250005086263,26.477500915527344
2016-03-21,26.482500076293945,26.912500381469727,26.28499984741211,26.477500915527344,142010800,26.479999542236328,26.177143096923828,25.77517877306257,24.841583442687988,26.68000030517578
2016-03-22,26.3125,26.82250022888184,26.302499771118164,26.68000030517578,129777600,26.477500915527344,26.336428778512136,25.881785937717982,24.939166768391928,26.53249931335449
2016-03-23,26.6200008392334,26.76749992370605,26.475000381469727,26.53249931335449,102814000,26.68000030517578,26.46535737173898,25.964464460100448,25.032000096639,26.417499542236328
2016-03-24,26.36750030517578,26.5625,26.22249984741211,26.417499542236328,104532000,26.53249931335449,26.50428581237793,26.011964389256068,25.127000109354654,26.29750061035156
2016-03-28,26.5,26.54750061035156,26.26499938964844,26.29750061035156,77645600,26.417499542236328,26.476428713117325,26.071250098092214,25.22275015513102,26.920000076293945
2016-03-29,26.22249984741211,26.94750022888184,26.21999931335449,26.920000076293945,124760400,26.29750061035156,26.54357147216797,26.190000125340053,25.33683350880941,27.38999938964844
2016-03-30,27.162500381469727,27.604999542236328,27.149999618530277,27.38999938964844,182404400,26.920000076293945,26.6735714503697,26.340714318411692,25.444500160217284,27.247499465942383
2016-03-31,27.43000030517578,27.475000381469727,27.21999931335449,27.247499465942383,103553600,27.38999938964844,26.783571243286133,26.48035717010498,25.535083452860516,27.497499465942383
2016-04-01,27.19499969482422,27.5,27.049999237060547,27.497499465942383,103496000,27.247499465942383,26.90035683768136,26.61839280809675,25.64950008392334,27.780000686645508
2016-04-04,27.604999542236328,28.04750061035156,27.5674991607666,27.780000686645508,149424800,27.497499465942383,27.078571319580078,26.77196434565953,25.775166765848795,27.45249938964844
2016-04-05,27.377500534057617,27.6825008392334,27.354999542236328,27.45249938964844,106314800,27.780000686645508,27.22642844063895,26.86535712650844,25.882916768391926,27.739999771118164
2016-04-06,27.5575008392334,27.7450008392334,27.299999237060547,27.739999771118164,105616400,27.45249938964844,27.432499749319895,26.954464231218612,26.018500073750815,27.13500022888184
2016-04-07,27.487499237060547,27.604999542236328,27.030000686645508,27.13500022888184,127207600,27.739999771118164,27.46321405683245,27.00339276450021,26.122166760762532,27.165000915527344
2016-04-08,27.227500915527344,27.4424991607666,27.042499542236328,27.165000915527344,94326800,27.13500022888184,27.431071417672293,27.052321434020996,26.221333440144857,27.2549991607666
2016-04-11,27.24250030517578,27.65250015258789,27.207500457763672,27.2549991607666,117630000,27.165000915527344,27.43214280264718,27.10785702296666,26.3222500483195,27.61000061035156
2016-04-12,27.334999084472656,27.625,27.165000915527344,27.61000061035156,108929200,27.2549991607666,27.448214394705637,27.174285616193497,26.436833381652832,28.01000022888184
2016-04-13,27.700000762939453,28.084999084472656,27.700000762939453,28.01000022888184,133029200,27.61000061035156,27.48107147216797,27.279821395874023,26.53275006612142,28.024999618530277
2016-04-14,27.905000686645508,28.09749984741211,27.832500457763672,28.024999618530277,101895600,28.01000022888184,27.562857219151088,27.39464282989502,26.627333386739096,27.462499618530277
2016-04-15,28.02750015258789,28.075000762939453,27.4325008392334,27.462499618530277,187756000,28.024999618530277,27.52321434020996,27.477857044764928,26.69691670735677,26.8700008392334
2016-04-18,27.22249984741211,27.237499237060547,26.73500061035156,26.8700008392334,243286000,27.462499618530277,27.4853572845459,27.474285670689174,26.7341667175293,26.727500915527344
2016-04-19,26.96999931335449,27.0,26.5575008392334,26.727500915527344,129539600,26.8700008392334,27.4228572845459,27.426964351109095,26.776166725158692,26.78249931335449
2016-04-20,26.65999984741211,27.022499084472656,26.51499938964844,26.78249931335449,122444000,26.727500915527344,27.355357306344168,27.393750054495676,26.827000045776366,26.49250030517578
2016-04-21,26.732500076293945,26.732500076293945,26.3799991607666,26.49250030517578,126210000,26.78249931335449,27.19571440560477,27.321964400155203,26.867416699727375,26.420000076293945
2016-04-22,26.252500534057617,26.6200008392334,26.155000686645508,26.420000076293945,134732400,26.49250030517578,26.968571526663645,27.224821499415807,26.90500005086263,26.270000457763672
2016-04-25,26.25,26.412500381469727,26.127500534057617,26.270000457763672,112126400,26.420000076293945,26.717857360839844,27.140357289995467,26.9285000483195,26.087499618530277
2016-04-26,25.977500915527344,26.325000762939453,25.977500915527344,26.087499618530277,224064800,26.270000457763672,26.52142878941127,27.022321564810618,26.94375006357829,24.45499992370605
2016-04-27,24.0,24.677499771118164,23.920000076293945,24.45499992370605,458408400,26.087499618530277,26.176428658621653,26.830892971583776,26.887416712443034,23.707500457763672
2016-04-28,24.40250015258789,24.46999931335449,23.5625,23.707500457763672,328970800,24.45499992370605,25.74500002179827,26.583928653172084,26.794583384195963,23.434999465942383
2016-04-29,23.497499465942383,23.68000030517578,23.127500534057617,23.434999465942383,274126000,23.707500457763672,25.266785757882253,26.31107153211321,26.694083340962727,23.40999984741211
2016-05-02,23.49250030517578,23.520000457763672,23.100000381469727,23.40999984741211,192640400,23.434999465942383,24.8264285496303,26.011071477617538,26.59175001780192,23.795000076293945
2016-05-03,23.549999237060547,23.934999465942383,23.420000076293945,23.795000076293945,227325200,23.40999984741211,24.4514285496303,25.710000038146973,26.50233332316081,23.54750061035156
2016-05-04,23.799999237060547,23.975000381469727,23.45499992370605,23.54750061035156,164102000,23.795000076293945,24.0625,25.390178680419922,26.397916666666667,23.309999465942383
2016-05-05,23.5,23.51749992370605,23.170000076293945,23.309999465942383,143562000,23.54750061035156,23.665714263916016,25.093571526663645,26.290500005086262,23.18000030517578
2016-05-06,23.342500686645508,23.362499237060547,22.962499618530277,23.18000030517578,174799600,23.309999465942383,23.483571461268834,24.83000005994524,26.182583363850913,23.19750022888184
2016-05-09,23.25,23.4424991607666,23.147499084472656,23.19750022888184,131745600,23.18000030517578,23.410714285714285,24.577857153756277,26.07925001780192,23.354999542236328
2016-05-10,23.332500457763672,23.39249992370605,23.02750015258789,23.354999542236328,134747200,23.19750022888184,23.39928572518485,24.333035741533553,25.960416666666667,23.127500534057617
2016-05-11,23.3700008392334,23.39249992370605,23.114999771118164,23.127500534057617,114876400,23.354999542236328,23.358928680419922,24.09267861502511,25.818333371480307,22.584999084472656
2016-05-12,23.18000030517578,23.19499969482422,22.36750030517578,22.584999084472656,305258800,23.127500534057617,23.186071395874023,23.818749972752162,25.662916692097983,22.6299991607666
2016-05-13,22.5,22.917499542236328,22.5,22.6299991607666,177571200,22.584999084472656,23.05499976021903,23.558749880109513,25.500666681925455,23.46999931335449
2016-05-16,23.09749984741211,23.59749984741211,22.912500381469727,23.46999931335449,245039200,22.6299991607666,23.077856881277903,23.37178557259696,25.356999969482423,23.372499465942383
2016-05-17,23.637500762939453,23.674999237060547,23.252500534057617,23.372499465942383,187667600,23.46999931335449,23.105356761387416,23.294464111328125,25.220999972025552,23.63999938964844
2016-05-18,23.540000915527344,23.802499771118164,23.47249984741211,23.63999938964844,168249600,23.372499465942383,23.168570927211217,23.289642606462753,25.08433329264323,23.549999237060547
2016-05-19,23.65999984741211,23.65999984741211,23.39249992370605,23.549999237060547,121768400,23.63999938964844,23.196428026471818,23.297856875828334,24.96483325958252,23.80500030517578
2016-05-20,23.65999984741211,23.857500076293945,23.6299991607666,23.80500030517578,128104000,23.549999237060547,23.29321370806013,23.326071194240026,24.852833239237466,24.107500076293945
2016-05-23,23.967500686645508,24.29750061035156,23.917499542236328,24.107500076293945,152074400,23.80500030517578,23.510713849748885,23.348392622811453,24.747916603088377,24.475000381469727
2016-05-24,24.30500030517578,24.522499084472656,24.209999084472656,24.475000381469727,140560800,24.107500076293945,23.774285452706472,23.414642606462753,24.643416595458984,24.905000686645508
2016-05-25,24.667499542236328,24.934999465942383,24.52750015258789,24.905000686645508,152675200,24.475000381469727,23.979285648890905,23.528571265084402,24.539916610717775,25.102500915527344
2016-05-26,24.920000076293945,25.1825008392334,24.65999984741211,25.102500915527344,225324800,24.905000686645508,24.226428713117325,23.66589273725237,24.442499987284343,25.087499618530277
2016-05-27,24.86000061035156,25.11750030517578,24.8125,25.087499618530277,145364800,25.102500915527344,24.433214460100448,23.800892693655832,24.363333320617677,24.96500015258789
2016-05-31,24.899999618530277,25.100000381469727,24.70499992370605,24.96500015258789,169228800,25.087499618530277,24.635357448032924,23.91589273725237,24.299833297729492,24.614999771118164
2016-06-01,24.7549991607666,24.88500022888184,24.582500457763672,24.614999771118164,116693200,24.96500015258789,24.751071657453263,24.022142682756698,24.229416592915854,24.43000030517578
2016-06-02,24.399999618530277,24.459999084472656,24.15749931335449,24.43000030517578,160766400,24.614999771118164,24.797143118722097,24.15392848423549,24.150999959309896,24.479999542236328
2016-06-03,24.44750022888184,24.5674991607666,24.362499237060547,24.479999542236328,114019600,24.43000030517578,24.7978572845459,24.286071368626185,24.083916600545248,24.65749931335449
2016-06-06,24.497499465942383,25.47249984741211,24.387500762939453,24.65749931335449,93170000,24.479999542236328,24.762499945504324,24.370892797197616,24.025166575113932,24.75749969482422
2016-06-07,24.8125,24.967500686645508,24.739999771118164,24.75749969482422,89638000,24.65749931335449,24.71321405683245,24.46982138497489,23.97474988301595,24.73500061035156
2016-06-08,24.7549991607666,24.88999938964844,24.670000076293945,24.73500061035156,83392400,24.75749969482422,24.662857055664062,24.548035757882253,23.929666582743327,24.912500381469727
2016-06-09,24.625,24.997499465942383,24.614999771118164,24.912500381469727,106405600,24.73500061035156,24.655357088361466,24.645357268197195,23.944916598002116,24.707500457763672
2016-06-10,24.63249969482422,24.837499618530277,24.6200008392334,24.707500457763672,126851600,24.912500381469727,24.66857147216797,24.709821564810618,23.978249931335448,24.334999084472656
2016-06-13,24.67250061035156,24.780000686645508,24.274999618530277,24.334999084472656,152082000,24.707500457763672,24.65499986921038,24.726071493966238,24.008249918619793,24.364999771118164
2016-06-14,24.32999992370605,24.6200008392334,24.1875,24.364999771118164,127727600,24.334999084472656,24.638571330479213,24.718214307512557,24.040083249409992,24.28499984741211
2016-06-15,24.45499992370605,24.602500915527344,24.25749969482422,24.28499984741211,117780800,24.364999771118164,24.585357121058873,24.6739285332816,24.056416575113932,24.387500762939453
2016-06-16,24.112499237060547,24.4375,24.01749992370605,24.387500762939453,125307200,24.28499984741211,24.53250013078962,24.622857093811035,24.084416580200195,23.832500457763672
2016-06-17,24.155000686645508,24.162500381469727,23.825000762939453,23.832500457763672,244032800,24.387500762939453,24.40357153756278,24.53321429661342,24.101833279927572,23.774999618530277
2016-06-20,24.0,24.14249992370605,23.75749969482422,23.774999618530277,137647600,23.832500457763672,24.241071428571427,24.448214258466447,24.121666590372723,23.977500915527344
2016-06-21,23.73500061035156,24.087499618530277,23.670000076293945,23.977500915527344,142185600,23.774999618530277,24.136785779680526,24.402678625924246,24.147666613260906,23.887500762939453
2016-06-22,24.0625,24.22249984741211,23.837499618530277,23.887500762939453,116876400,23.977500915527344,24.072857448032924,24.363928658621653,24.16541665395101,24.024999618530277
2016-06-23,23.98500061035156,24.07250022888184,23.8125,24.024999618530277,128960800,23.887500762939453,24.024285997663224,24.33142866407122,24.1953332901001,23.350000381469727
2016-06-24,23.227500915527344,23.665000915527344,23.162500381469727,23.350000381469727,301245600,24.024999618530277,23.890714645385742,24.238035883222306,24.220833333333335,23.01000022888184
2016-06-27,23.25,23.262500762939453,22.875,23.01000022888184,181958400,23.350000381469727,23.69392885480608,24.11321449279785,24.233500035603843,23.397499084472656
2016-06-28,23.225000381469727,23.415000915527344,23.03499984741211,23.397499084472656,161779600,23.01000022888184,23.631785801478795,24.017678669520787,24.23108336130778,23.600000381469727
2016-06-29,23.49250030517578,23.637500762939453,23.40749931335449,23.600000381469727,146124000,23.397499084472656,23.606785910470144,23.923928669520787,24.23866672515869,23.899999618530277
2016-06-30,23.61000061035156,23.9424991607666,23.575000762939453,23.899999618530277,143345600,23.600000381469727,23.59571429661342,23.866250038146973,24.247333399454753,23.97249984741211
2016-07-01,23.872499465942383,24.11750030517578,23.832500457763672,23.97249984741211,104106000,23.899999618530277,23.60785702296666,23.84035723549979,24.261416753133137,23.747499465942383
2016-07-05,23.84749984741211,23.850000381469727,23.614999771118164,23.747499465942383,110820800,23.97249984741211,23.56821414402553,23.796250070844376,24.259500058492026,23.88249969482422
2016-07-06,23.649999618530277,23.915000915527344,23.592500686645508,23.88249969482422,123796400,23.747499465942383,23.644285474504745,23.76750005994524,24.252000045776366,23.98500061035156
2016-07-07,23.924999237060547,24.125,23.905000686645508,23.98500061035156,100558400,23.88249969482422,23.783571243286133,23.738750049046107,24.235666720072427,24.170000076293945
2016-07-08,24.122499465942383,24.22249984741211,24.012500762939453,24.170000076293945,115648400,23.98500061035156,23.89392852783203,23.76285716465541,24.211166699727375,24.2450008392334
2016-07-11,24.1875,24.412500381469727,24.1825008392334,24.2450008392334,95179600,24.170000076293945,23.9860714503697,23.796428680419922,24.182583363850913,24.354999542236328
2016-07-12,24.292499542236328,24.424999237060547,24.280000686645508,24.354999542236328,96670000,24.2450008392334,24.051071439470565,23.823392868041992,24.158166694641114,24.217500686645508
2016-07-13,24.352500915527344,24.417499542236328,24.209999084472656,24.217500686645508,103568800,24.354999542236328,24.08607155936105,23.846964291163854,24.133250045776368,24.69750022888184
2016-07-14,24.34749984741211,24.747499465942383,24.32999992370605,24.69750022888184,155676000,24.217500686645508,24.221785954066686,23.895000049046107,24.136000061035155,24.69499969482422
2016-07-15,24.729999542236328,24.825000762939453,24.625,24.69499969482422,120548000,24.69750022888184,24.337857382638113,23.991071428571427,24.144833374023438,24.957500457763672
2016-07-18,24.674999237060547,25.03249931335449,24.649999618530277,24.957500457763672,145975600,24.69499969482422,24.476785932268417,24.130178587777273,24.160750071207683,24.967500686645508
2016-07-19,24.88999938964844,25.0,24.834999084472656,24.967500686645508,95119600,24.957500457763672,24.590714590890066,24.24232155936105,24.171083450317383,24.989999771118164
2016-07-20,25.0,25.114999771118164,24.934999465942383,24.989999771118164,105104000,24.967500686645508,24.69714300973075,24.341607230050222,24.178833452860513,24.857500076293945
2016-07-21,24.957500457763672,25.25,24.78249931335449,24.857500076293945,130808000,24.989999771118164,24.76892880031041,24.410000119890487,24.182916768391927,24.665000915527344
2016-07-22,24.815000534057617,24.825000762939453,24.57749938964844,24.665000915527344,113254800,24.857500076293945,24.832857404436385,24.459464481898717,24.174666786193846,24.334999084472656
2016-07-25,24.5625,24.709999084472656,24.229999542236328,24.334999084472656,161531600,24.665000915527344,24.781071526663645,24.501428740365164,24.162250073750815,24.167499542236328
2016-07-26,24.20499992370605,24.49250030517578,24.104999542236328,24.167499542236328,224959200,24.334999084472656,24.70571436200823,24.52178587232317,24.15666675567627,25.737499237060547
2016-07-27,26.0674991607666,26.087499618530277,25.6875,25.737499237060547,369379200,24.167499542236328,24.817142759050643,24.64696434565953,24.202416737874348,26.084999084472656
2016-07-28,25.707500457763672,26.112499237060547,25.70499992370605,26.084999084472656,159479200,25.737499237060547,24.97678538731166,24.783749989100865,24.262416712443034,26.052499771118164
2016-07-29,26.04750061035156,26.137500762939453,25.920000076293945,26.052499771118164,110934800,26.084999084472656,25.128571101597377,24.912857055664062,24.317916679382325,26.512500762939453
2016-08-01,26.102500915527344,26.537500381469727,26.102500915527344,26.512500762939453,152671600,26.052499771118164,25.364999771118164,25.066964285714285,24.407250022888185,26.1200008392334
2016-08-02,26.512500762939453,26.51749992370605,26.0,26.1200008392334,135266400,26.512500762939453,25.572856903076172,25.202857153756277,24.485416730244953,26.44750022888184
2016-08-03,26.20249938964844,26.459999084472656,26.1924991607666,26.44750022888184,120810400,26.1200008392334,25.874642780848912,25.327857153756277,24.567750040690104,26.467500686645508
2016-08-04,26.395000457763672,26.5,26.31999969482422,26.467500686645508,109634800,26.44750022888184,26.203214372907365,25.4544643674578,24.653750038146974,26.8700008392334
2016-08-05,26.5674991607666,26.912500381469727,26.545000076293945,26.8700008392334,162213600,26.467500686645508,26.365000316074916,25.59107153756278,24.74858341217041,27.092500686645508
2016-08-08,26.8799991607666,27.092500686645508,26.790000915527344,27.092500686645508,112148800,26.8700008392334,26.508929116385325,25.742857251848495,24.873333422342935,27.20249938964844
2016-08-09,27.0575008392334,27.23500061035156,27.002500534057617,27.20249938964844,105260800,27.092500686645508,26.673214776175367,25.90089293888637,25.01308339436849,27.0
2016-08-10,27.177499771118164,27.225000381469727,26.940000534057617,27.0,96034000,27.20249938964844,26.742857524326872,26.05392864772252,25.1331667582194,26.982500076293945
2016-08-11,27.1299991607666,27.232500076293945,26.962499618530277,26.982500076293945,109938000,27.0,26.86607170104981,26.21946430206299,25.245916748046874,27.045000076293945
2016-08-12,26.94499969482422,27.11000061035156,26.94499969482422,27.045000076293945,74641600,26.982500076293945,26.951428822108678,26.413035801478795,25.350750096638997,27.3700008392334
2016-08-15,27.03499984741211,27.38500022888184,27.020000457763672,27.3700008392334,103472800,27.045000076293945,27.08035741533552,26.641785894121444,25.464000129699706,27.34499931335449
2016-08-16,27.40749931335449,27.5575008392334,27.302499771118164,27.34499931335449,135177600,27.3700008392334,27.14821434020996,26.75660732814244,25.58391679128011,27.30500030517578
2016-08-17,27.274999618530277,27.342500686645508,27.084999084472656,27.30500030517578,101424000,27.34499931335449,27.178571428571427,26.843750272478378,25.698000144958495,27.270000457763672
2016-08-18,27.3075008392334,27.399999618530277,27.2549991607666,27.270000457763672,87938800,27.30500030517578,27.188214438302175,26.93071460723877,25.807500139872232,27.34000015258789
2016-08-19,27.1924991607666,27.42250061035156,27.09000015258789,27.34000015258789,101472400,27.270000457763672,27.236785888671875,26.989821706499374,25.913166809082032,27.127500534057617
2016-08-22,27.21500015258789,27.274999618530277,26.962499618530277,27.127500534057617,103280800,27.34000015258789,27.25750023978097,27.06178597041539,26.009250132242837,27.212499618530277
2016-08-23,27.147499084472656,27.32999992370605,27.13249969482422,27.212499618530277,85030800,27.127500534057617,27.281428745814733,27.116428783961705,26.10450013478597,27.00749969482422
2016-08-24,27.14249992370605,27.1875,26.920000076293945,27.00749969482422,94700400,27.212499618530277,27.229642868041992,27.155000141688756,26.19750010172526,26.89249992370605
2016-08-25,26.84749984741211,26.96999931335449,26.670000076293945,26.89249992370605,100344800,27.00749969482422,27.165000098092214,27.156607219151088,26.270666758219402,26.73500061035156
2016-08-26,26.852500915527344,26.987499237060547,26.57749938964844,26.73500061035156,111065200,26.89249992370605,27.08357157026018,27.131071499415807,26.33866678873698,26.70499992370605
2016-08-29,26.655000686645508,26.86000061035156,26.57250022888184,26.70499992370605,99881200,26.73500061035156,27.002857208251953,27.095535823277064,26.396916770935057,26.5
2016-08-30,26.450000762939453,26.625,26.375,26.5,99455600,26.70499992370605,26.882857186453684,27.05982153756278,26.448000081380208,26.524999618530277
2016-08-31,26.415000915527344,26.64249992370605,26.40999984741211,26.524999618530277,118649600,26.5,26.796785627092635,27.027142933436803,26.49916674296061,26.6825008392334
2016-09-01,26.53499984741211,26.700000762939453,26.405000686645508,26.6825008392334,106806000,26.524999618530277,26.721071515764503,27.00125013078962,26.56000010172526,26.9325008392334
2016-09-02,26.924999237060547,27.0,26.70499992370605,26.9325008392334,107210000,26.6825008392334,26.710357393537244,26.97000013078962,26.635583432515464,26.924999237060547
2016-09-06,26.975000381469727,27.075000762939453,26.877500534057617,26.924999237060547,107521600,26.9325008392334,26.71500015258789,26.940000125340053,26.72191677093506,27.09000015258789
2016-09-07,26.957500457763672,27.190000534057617,26.76749992370605,27.09000015258789,169457200,26.924999237060547,26.765714372907365,26.924642971583776,26.819333457946776,26.3799991607666
2016-09-08,26.8125,26.8174991607666,26.309999465942383,26.3799991607666,212008000,27.09000015258789,26.719285692487443,26.8610714503697,26.84075012207031,25.78249931335449
2016-09-09,26.15999984741211,26.43000030517578,25.78249931335449,25.78249931335449,186228000,26.3799991607666,26.61678559439523,26.749821390424454,26.830666796366373,26.36000061035156
2016-09-12,25.662500381469727,26.43000030517578,25.63249969482422,26.36000061035156,181171200,25.78249931335449,26.593214307512557,26.694999967302596,26.84091682434082,26.987499237060547
2016-09-13,26.877500534057617,27.19750022888184,26.809999465942383,26.987499237060547,248704800,26.36000061035156,26.63678550720215,26.678928511483328,26.856750106811525,27.9424991607666
2016-09-14,27.1825008392334,28.25749969482422,27.149999618530277,27.9424991607666,443554800,26.987499237060547,26.781070981706893,26.74571418762207,26.917500050862632,28.89249992370605
2016-09-15,28.46500015258789,28.9325008392334,28.372499465942383,28.89249992370605,359934400,27.9424991607666,27.062142508370535,26.888571330479213,26.999000040690103,28.729999542236328
2016-09-16,28.780000686645508,29.03249931335449,28.51000022888184,28.729999542236328,319547600,28.89249992370605,27.29642813546317,27.031071254185267,27.0744166692098,28.395000457763672
2016-09-19,28.79750061035156,29.045000076293945,28.3125,28.395000457763672,188092000,28.729999542236328,27.584285463605607,27.151785578046525,27.125249989827473,28.39249992370605
2016-09-20,28.262500762939453,28.530000686645508,28.127500534057617,28.39249992370605,138057200,28.395000457763672,27.957142693655832,27.28696414402553,27.16858329772949,28.387500762939453
2016-09-21,28.462499618530277,28.497499465942383,28.11000061035156,28.387500762939453,144012800,28.39249992370605,28.24678557259696,27.41999994005476,27.20808334350586,28.655000686645508
2016-09-22,28.587499618530277,28.73500061035156,28.5,28.655000686645508,124296000,28.387500762939453,28.48500006539481,27.560892786298478,27.26325003306071,28.177499771118164
2016-09-23,28.604999542236328,28.69750022888184,27.887500762939453,28.177499771118164,209924800,28.655000686645508,28.518571581159318,27.649821281433105,27.303083356221517,28.21999931335449
2016-09-26,27.90999984741211,28.34749984741211,27.887500762939453,28.21999931335449,119477600,28.177499771118164,28.42250006539481,27.742321286882675,27.342249997456868,28.272499084472656
2016-09-27,28.25,28.295000076293945,28.084999084472656,28.272499084472656,98429600,28.21999931335449,28.357142857142858,27.826785496303014,27.372333272298178,28.487499237060547
2016-09-28,28.42250061035156,28.65999984741211,28.357500076293945,28.487499237060547,118564400,28.272499084472656,28.370356968470983,27.977321216038295,27.41041660308838,28.045000076293945
2016-09-29,28.290000915527344,28.450000762939453,27.950000762939453,28.045000076293945,143548000,28.487499237060547,28.320714133126394,28.138928413391113,27.43508326212565,28.262500762939453
2016-09-30,28.114999771118164,28.342500686645508,27.950000762939453,28.262500762939453,145516400,28.045000076293945,28.30285699026925,28.274821281433105,27.46816660563151,28.1299991607666
2016-10-03,28.177499771118164,28.262500762939453,28.06999969482422,28.1299991607666,86807200,28.262500762939453,28.22785677228655,28.356428418840682,27.494499905904135,28.25
2016-10-04,28.26499938964844,28.57749938964844,28.15749931335449,28.25,118947200,28.1299991607666,28.2382139478411,28.37839276450021,27.53191655476888,28.262500762939453
2016-10-05,28.350000381469727,28.415000915527344,28.17250061035156,28.262500762939453,85812400,28.25,28.244285583496094,28.33339282444545,27.566916592915852,28.47249984741211
2016-10-06,28.424999237060547,28.584999084472656,28.28249931335449,28.47249984741211,115117200,28.262500762939453,28.272857121058873,28.314999989100865,27.61574993133545,28.51499938964844
2016-10-07,28.57749938964844,28.63999938964844,28.377500534057617,28.51499938964844,97433600,28.47249984741211,28.276785714285715,28.323571341378347,27.66983324686686,29.012500762939453
2016-10-10,28.7549991607666,29.1875,28.68000030517578,29.012500762939453,144944000,28.51499938964844,28.415000098092214,28.367857115609304,27.74574991861979,29.075000762939453
2016-10-11,29.424999237060547,29.67250061035156,29.049999237060547,29.075000762939453,256164000,29.012500762939453,28.531071526663645,28.416964258466447,27.82474994659424,29.334999084472656
2016-10-12,29.337499618530277,29.4950008392334,29.1875,29.334999084472656,150347200,29.075000762939453,28.703214372907365,28.46553557259696,27.91924991607666,29.2450008392334
2016-10-13,29.19750022888184,29.36000061035156,28.93000030517578,29.2450008392334,140769600,29.334999084472656,28.84535734994071,28.541785648890905,28.00991662343343,29.40749931335449
2016-10-14,29.46999931335449,29.542499542236328,29.28249931335449,29.40749931335449,142608800,29.2450008392334,29.008928571428573,28.62660707746233,28.100749905904134,29.387500762939453
2016-10-17,29.332500457763672,29.459999084472656,29.19499969482422,29.387500762939453,94499600,29.40749931335449,29.13964298793248,28.706250054495676,28.182583236694335,29.36750030517578
2016-10-18,29.545000076293945,29.552499771118164,29.362499237060547,29.36750030517578,98214000,29.387500762939453,29.261428833007812,28.769107273646764,28.263999938964844,29.280000686645508
2016-10-19,29.3125,29.440000534057617,28.450000762939453,29.280000686645508,80138400,29.36750030517578,29.299643107822963,28.85732160295759,28.336999956766764,29.26499938964844
2016-10-20,29.21500015258789,29.34499931335449,29.082500457763672,29.26499938964844,96503200,29.280000686645508,29.326785768781388,28.92892864772252,28.433166631062825,29.149999618530277
2016-10-21,29.20249938964844,29.227500915527344,29.06999969482422,29.149999618530277,92770800,29.26499938964844,29.300357273646764,29.001785823277064,28.545416641235352,29.412500381469727
2016-10-24,29.274999618530277,29.434999465942383,29.25,29.412500381469727,94154800,29.149999618530277,29.324285779680526,29.084821564810618,28.647166633605956,29.5625
2016-10-25,29.487499237060547,29.59000015258789,29.32749938964844,29.5625,192516000,29.412500381469727,29.346428734915598,29.177678653172084,28.732999992370605,28.897499084472656
2016-10-26,28.57749938964844,28.924999237060547,28.32749938964844,28.897499084472656,264536800,29.5625,29.276428495134628,29.208035741533553,28.764833323160808,28.6200008392334
2016-10-27,28.84749984741211,28.96500015258789,28.524999618530277,28.6200008392334,138248000,28.897499084472656,29.169642857142858,29.215535845075333,28.75575002034505,28.43000030517578
2016-10-28,28.467500686645508,28.802499771118164,28.362499237060547,28.43000030517578,151446800,28.6200008392334,29.048214231218612,29.173928669520787,28.74575004577637,28.38500022888184
2016-10-31,28.412500381469727,28.5575008392334,28.299999237060547,28.38500022888184,105677600,28.43000030517578,28.92250006539481,29.1246429170881,28.74541670481364,27.872499465942383
2016-11-01,28.364999771118164,28.4424991607666,27.63249969482422,27.872499465942383,175303200,28.38500022888184,28.74000004359654,29.020178658621653,28.728083356221518,27.897499084472656
2016-11-02,27.850000381469727,28.087499618530277,27.8075008392334,27.897499084472656,113326800,27.872499465942383,28.523571286882675,28.9239285332816,28.71174996693929,27.457500457763672
2016-11-03,27.7450008392334,27.864999771118164,27.387500762939453,27.457500457763672,107730400,27.897499084472656,28.222857066563197,28.784642900739396,28.671833292643228,27.209999084472656
2016-11-04,27.13249969482422,27.5625,27.02750015258789,27.209999084472656,123348000,27.457500457763672,27.98178563799177,28.629107066563197,28.639583269755047,27.602500915527344
2016-11-07,27.520000457763672,27.627500534057617,27.364999771118164,27.602500915527344,130240000,27.209999084472656,27.836428506033762,28.503035681588308,28.618999989827476,27.76499938964844
2016-11-08,27.57749938964844,27.93000030517578,27.424999237060547,27.76499938964844,97016800,27.602500915527344,27.74142837524414,28.394821303231375,28.602083333333333,27.71999931335449
2016-11-09,27.46999931335449,27.82999992370605,27.012500762939453,27.71999931335449,236705600,27.76499938964844,27.64642824445452,28.284464154924667,28.57650000254313,26.94750022888184
2016-11-10,27.772499084472656,27.772499084472656,26.457500457763672,26.94750022888184,228538000,27.71999931335449,27.514285496303014,28.127142769949778,28.539916674296062,27.107500076293945
2016-11-11,26.780000686645508,27.217500686645508,26.637500762939453,27.107500076293945,136575600,26.94750022888184,27.401428495134628,27.96249989100865,28.501416651407876,26.427499771118164
2016-11-14,26.927499771118164,26.95249938964844,26.020000457763672,26.427499771118164,204702000,27.107500076293945,27.254285539899552,27.738571303231375,28.44466667175293,26.77750015258789
2016-11-15,26.64249992370605,26.920000076293945,26.540000915527344,26.77750015258789,129058000,26.427499771118164,27.19249997820173,27.58714280809675,28.39558334350586,27.497499465942383
2016-11-16,26.674999237060547,27.5575008392334,26.649999618530277,27.497499465942383,235362000,26.77750015258789,27.177499771118164,27.506964138575963,28.370083300272622,27.487499237060547
2016-11-17,27.45249938964844,27.587499618530277,27.207500457763672,27.487499237060547,110528000,27.497499465942383,27.137856892177037,27.439642633710587,28.337249946594238,27.51499938964844
2016-11-18,27.43000030517578,27.63500022888184,27.415000915527344,27.51499938964844,113715600,27.487499237060547,27.108571188790457,27.377499716622488,28.303916613260906,27.9325008392334
2016-11-21,27.530000686645508,27.997499465942383,27.502500534057617,27.9325008392334,117058400,27.51499938964844,27.249285561697825,27.381785529000418,28.267916615804037,27.950000762939453
2016-11-22,27.987499237060547,28.104999542236328,27.850000381469727,27.950000762939453,103862000,27.9325008392334,27.36964280264718,27.385535648890905,28.230416615804035,27.8075008392334
2016-11-23,27.84000015258789,27.877500534057617,27.582500457763672,27.8075008392334,109705600,27.950000762939453,27.56678581237793,27.410535676138743,28.179500007629393,27.94750022888184
2016-11-25,27.78249931335449,27.967500686645508,27.737499237060547,27.94750022888184,45903600,27.8075008392334,27.733928680419922,27.463214329310826,28.13624998728434,27.89249992370605
2016-11-28,27.857500076293945,28.11750030517578,27.84749984741211,27.89249992370605,108776000,27.94750022888184,27.790357317243302,27.483928544180735,28.085750007629393,27.864999771118164
2016-11-29,27.69499969482422,28.00749969482422,27.51749992370605,27.864999771118164,114115200,27.89249992370605,27.84428596496582,27.491071428571427,28.034999974568684,27.6299991607666
2016-11-30,27.899999618530277,28.049999237060547,27.5674991607666,27.6299991607666,144649200,27.864999771118164,27.860714503696986,27.484642846243723,27.977083269755045,27.372499465942383
2016-12-01,27.592500686645508,27.73500061035156,27.25749969482422,27.372499465942383,148347600,27.6299991607666,27.780714307512557,27.51499993460519,27.913499895731608,27.475000381469727
2016-12-02,27.292499542236328,27.522499084472656,27.212499618530277,27.475000381469727,106112000,27.372499465942383,27.71285711015974,27.54124995640346,27.85383326212565,27.27750015258789
2016-12-05,27.5,27.50749969482422,27.0625,27.27750015258789,137298000,27.475000381469727,27.637142726353236,27.601964269365585,27.791416613260903,27.487499237060547
2016-12-06,27.375,27.59000015258789,27.29750061035156,27.487499237060547,104782000,27.27750015258789,27.571428298950195,27.65267848968506,27.727249908447266,27.75749969482422
2016-12-07,27.315000534057617,27.79750061035156,27.290000915527344,27.75749969482422,119994800,27.487499237060547,27.552142551967076,27.67124993460519,27.66708323160807,28.030000686645508
2016-12-08,27.71500015258789,28.107500076293945,27.649999618530277,28.030000686645508,108273200,27.75749969482422,27.575714111328125,27.710000038146973,27.638166618347167,28.487499237060547
2016-12-09,28.07749938964844,28.674999237060547,28.07749938964844,28.487499237060547,137610400,28.030000686645508,27.69821412222726,27.779464312962123,27.63374989827474,28.325000762939453
2016-12-12,28.32250022888184,28.75,28.122499465942383,28.325000762939453,105497600,28.487499237060547,27.834285736083984,27.80750002179827,27.63024991353353,28.79750061035156
2016-12-13,28.459999084472656,28.979999542236328,28.4375,28.79750061035156,174935200,28.325000762939453,28.02321434020996,27.86803572518485,27.643999926249187,28.79750061035156
2016-12-14,28.76000022888184,29.049999237060547,28.7450008392334,28.79750061035156,136127200,28.79750061035156,28.24035726274763,27.93874999455043,27.674833297729492,28.95499992370605
2016-12-15,28.84499931335449,29.1825008392334,28.8075008392334,28.95499992370605,186098000,28.79750061035156,28.4500002179827,28.010714258466447,27.710083325703938,28.99250030517578
2016-12-16,29.11750030517578,29.125,28.912500381469727,28.99250030517578,177404400,28.95499992370605,28.626428876604354,28.089285714285715,27.76124998728434,29.15999984741211
2016-12-19,28.950000762939453,29.34499931335449,28.9375,29.15999984741211,111117600,28.99250030517578,28.78785732814244,28.18178571973528,27.826250012715658,29.237499237060547
2016-12-20,29.184999465942383,29.375,29.170000076293945,29.237499237060547,85700000,29.15999984741211,28.895000185285294,28.296607153756277,27.880749956766763,29.26499938964844
2016-12-21,29.200000762939453,29.350000381469727,29.19499969482422,29.26499938964844,95132800,29.237499237060547,29.02928570338658,28.43178571973528,27.930749956766764,29.07250022888184
2016-12-22,29.087499618530277,29.127500534057617,28.90999984741211,29.07250022888184,104343600,29.26499938964844,29.06857136317662,28.54589285169329,27.975833320617674,29.1299991607666
2016-12-23,28.897499084472656,29.1299991607666,28.897499084472656,29.1299991607666,56998000,29.07250022888184,29.116071156093053,28.67821420942034,28.048583285013834,29.315000534057617
2016-12-27,29.1299991607666,29.450000762939453,29.122499465942383,29.315000534057617,73187600,29.1299991607666,29.167499814714706,28.808750016348704,28.122166633605957,29.190000534057617
2016-12-28,29.3799991607666,29.5049991607666,29.049999237060547,29.190000534057617,83623600,29.315000534057617,29.195714133126394,28.911071504865372,28.214249992370604,29.1825008392334
2016-12-29,29.112499237060547,29.27750015258789,29.100000381469727,29.1825008392334,60158000,29.190000534057617,29.198928560529435,28.993392944335938,28.294416681925455,28.95499992370605
2016-12-30,29.162500381469727,29.299999237060547,28.857500076293945,28.95499992370605,122345200,29.1825008392334,29.15857151576451,29.026785850524902,28.34300003051758,29.037500381469727
2017-01-03,28.950000762939453,29.082500457763672,28.690000534057617,29.037500381469727,115127600,28.95499992370605,29.126071657453263,29.077678680419922,28.394666735331217,29.0049991607666
2017-01-04,28.962499618530277,29.127500534057617,28.9375,29.0049991607666,84472400,29.037500381469727,29.11642864772252,29.09250000544957,28.44433339436849,29.15250015258789
2017-01-05,28.979999542236328,29.21500015258789,28.95249938964844,29.15250015258789,88774400,29.0049991607666,29.11964307512556,29.117857115609304,28.48500003814697,29.477500915527344
2017-01-06,29.19499969482422,29.540000915527344,29.11750030517578,29.477500915527344,127007600,29.15250015258789,29.14285741533552,29.15517861502511,28.5359167098999,29.747499465942383
2017-01-09,29.487499237060547,29.857500076293945,29.48500061035156,29.747499465942383,134247600,29.477500915527344,29.222500119890487,29.20910712650844,28.6005833307902,29.77750015258789
2017-01-10,29.6924991607666,29.84499931335449,29.575000762939453,29.77750015258789,97848400,29.747499465942383,29.30750002179827,29.253214291163854,28.66158332824707,29.9375
2017-01-11,29.684999465942383,29.982500076293945,29.649999618530277,29.9375,110354400,29.77750015258789,29.44785717555455,29.30321434565953,28.729749997456867,29.8125
2017-01-12,29.725000381469727,29.825000762939453,29.552499771118164,29.8125,108344800,29.9375,29.558571406773158,29.34232153211321,28.79466667175293,29.76000022888184
2017-01-13,29.77750015258789,29.905000686645508,29.70249938964844,29.76000022888184,104447600,29.8125,29.66642870221819,29.391428674970353,28.86566670735677,30.0
2017-01-17,29.584999084472656,30.059999465942383,29.55500030517578,30.0,137759200,29.76000022888184,29.78750010899135,29.453571592058456,28.953250058492024,29.997499465942383
2017-01-18,30.0,30.125,29.927499771118164,29.997499465942383,94852000,30.0,29.861785616193497,29.50232151576451,29.03733336130778,29.94499969482422
2017-01-19,29.850000381469727,30.022499084472656,29.842500686645508,29.94499969482422,102389200,29.997499465942383,29.88999993460519,29.556250027247838,29.12625001271566,30.0
2017-01-20,30.112499237060547,30.112499237060547,29.9325008392334,30.0,130391600,29.94499969482422,29.921785627092635,29.61464282444545,29.210000038146973,30.020000457763672
2017-01-23,30.0,30.20249938964844,29.9424991607666,30.020000457763672,88200800,30.0,29.933571406773158,29.690714291163854,29.285416730244954,29.99250030517578
2017-01-24,29.887500762939453,30.024999618530277,29.875,29.99250030517578,92844000,30.020000457763672,29.959285736083984,29.758928571428573,29.350833384195962,30.46999931335449
2017-01-25,30.104999542236328,30.524999618530277,30.06999969482422,30.46999931335449,129510400,29.99250030517578,30.060714176722936,29.863571439470565,29.41691672007243,30.48500061035156
2017-01-26,30.417499542236328,30.61000061035156,30.399999618530277,30.48500061035156,105350400,30.46999931335449,30.12999997820173,29.95875004359654,29.488916714986164,30.487499237060547
2017-01-27,30.53499984741211,30.587499618530277,30.399999618530277,30.487499237060547,82251600,30.48500061035156,30.199999945504324,30.030892780848912,29.54525000254313,30.40749931335449
2017-01-30,30.232500076293945,30.40749931335449,30.165000915527344,30.40749931335449,121510000,30.487499237060547,30.266071319580078,30.078035627092635,29.598916625976564,30.337499618530277
2017-01-31,30.287500381469727,30.34749984741211,30.155000686645508,30.337499618530277,196804000,30.40749931335449,30.31428555079869,30.118035588945663,29.644999949137368,32.1875
2017-02-01,31.75749969482422,32.622501373291016,31.752500534057617,32.1875,447940000,30.337499618530277,30.623928342546737,30.278749874659947,29.751499938964844,32.13249969482422
2017-02-02,31.9950008392334,32.34749984741211,31.94499969482422,32.13249969482422,134841600,32.1875,30.929642541067942,30.444464138575963,29.850583267211913,32.27000045776367
2017-02-03,32.07749938964844,32.29750061035156,32.040000915527344,32.27000045776367,98029200,32.13249969482422,31.186785561697825,30.62374986921038,29.951666641235352,32.5724983215332
2017-02-06,32.282501220703125,32.625,32.224998474121094,32.5724983215332,107383600,32.27000045776367,31.48499952043806,30.807499749319895,30.06191660563151,32.88249969482422
2017-02-07,32.6349983215332,33.022499084472656,32.61249923706055,32.88249969482422,152735200,32.5724983215332,31.827142442975724,31.013571194240026,30.18891658782959,33.0099983215332
2017-02-08,32.837501525878906,33.05500030517578,32.80500030517578,33.0099983215332,92016400,32.88249969482422,32.19892801557268,31.23249966757638,30.318249893188476,33.10499954223633
2017-02-09,32.912498474121094,33.11249923706055,32.779998779296875,33.10499954223633,113399600,33.0099983215332,32.59428514753069,31.45428534916469,30.4445831934611,33.029998779296875
2017-02-10,33.1150016784668,33.23500061035156,33.01250076293945,33.029998779296875,80262000,33.10499954223633,32.71464211600168,31.669285229274205,30.572583134969076,33.3224983215332
2017-02-13,33.27000045776367,33.45500183105469,33.1875,33.3224983215332,92141600,33.029998779296875,32.88464191981724,31.90714223044259,30.710583051045734,33.755001068115234
2017-02-14,33.36750030517578,33.772499084472656,33.3125,33.755001068115234,132904800,33.3224983215332,33.09678486415318,32.141785212925505,30.87058308919271,33.877498626708984
2017-02-15,33.880001068115234,34.067501068115234,33.654998779296875,33.877498626708984,142492400,33.755001068115234,33.28321347917829,32.384106499808176,31.031916364034018,33.837501525878906
2017-02-16,33.91749954223633,33.974998474121094,33.709999084472656,33.837501525878906,90338400,33.877498626708984,33.419642312186106,32.62339237758091,31.192999776204427,33.93000030517578
2017-02-17,33.775001525878906,33.95750045776367,33.775001525878906,33.93000030517578,88792800,33.837501525878906,33.55107116699219,32.87499959128244,31.35224978129069,34.17499923706055
2017-02-21,34.057498931884766,34.1875,33.994998931884766,34.17499923706055,98028800,33.93000030517578,33.70392826625279,33.14910670689174,31.50883305867513,34.27750015258789
2017-02-22,34.10749816894531,34.279998779296875,34.02750015258789,34.27750015258789,83347600,34.17499923706055,33.88214274815151,33.29839243207659,31.659833081563313,34.13249969482422
2017-02-23,34.345001220703125,34.369998931884766,34.07500076293945,34.13249969482422,83152800,34.27750015258789,33.99785723005022,33.441249574933735,31.80499973297119,34.165000915527344
2017-02-24,33.977500915527344,34.165000915527344,33.81999969482422,34.165000915527344,87106400,34.13249969482422,34.056428636823384,33.57660675048828,31.945916430155435,34.23249816894531
2017-02-27,34.28499984741211,34.36000061035156,34.06999969482422,34.23249816894531,81029600,34.165000915527344,34.107142857142854,33.695178168160574,32.09324970245361,34.247501373291016
2017-02-28,34.27000045776367,34.36000061035156,34.17499923706055,34.247501373291016,93931600,34.23249816894531,34.165714263916016,33.79267828805106,32.242833073933916,34.9474983215332
2017-03-01,34.47249984741211,35.037498474121094,34.400001525878906,34.9474983215332,145658400,34.247501373291016,34.31107112339565,33.93107114519392,32.40774968465169,34.7400016784668
2017-03-02,35.0,35.06999969482422,34.689998626708984,34.7400016784668,104844000,34.9474983215332,34.39178575788225,34.047857012067524,32.56583309173584,34.94499969482422
2017-03-03,34.69499969482422,34.95750045776367,34.647499084472656,34.94499969482422,84432400,34.7400016784668,34.487142835344585,34.18464279174805,32.732499758402504,34.834999084472656
2017-03-06,34.842498779296875,34.942501068115234,34.650001525878906,34.834999084472656,87000000,34.94499969482422,34.58749989100865,34.29267856052944,32.893666394551595,34.880001068115234
2017-03-07,34.76499938964844,34.994998931884766,34.6974983215332,34.880001068115234,69785200,34.834999084472656,34.68964276994978,34.37303570338658,33.05566641489665,34.75
2017-03-08,34.73749923706055,34.95000076293945,34.70500183105469,34.75,74828800,34.880001068115234,34.76357160295759,34.43535723005022,33.214249738057454,34.66999816894531
2017-03-09,34.685001373291016,34.6974983215332,34.26250076293945,34.66999816894531,88623600,34.75,34.82392828805106,34.49482127598354,33.35424969991048,34.78499984741211
2017-03-10,34.8125,34.84000015258789,34.65999984741211,34.78499984741211,78451200,34.66999816894531,34.80071422031948,34.55589267185756,33.4975830078125,34.79999923706055
2017-03-13,34.712501525878906,34.85749816894531,34.70500183105469,34.79999923706055,69686800,34.78499984741211,34.80928530011858,34.60053552900042,33.6413330078125,34.747501373291016
2017-03-14,34.82500076293945,34.912498474121094,34.709999084472656,34.747501373291016,61236400,34.79999923706055,34.78107125418527,34.634107044764924,33.78599974314372,35.1150016784668
2017-03-15,34.852500915527344,35.1875,34.75749969482422,35.1150016784668,102767200,34.747501373291016,34.82107162475586,34.70428575788225,33.94524981180827,35.17250061035156
2017-03-16,35.18000030517578,35.255001068115234,35.064998626708984,35.17250061035156,76928000,35.1150016784668,34.86285727364676,34.77625002179827,34.04474983215332,34.997501373291016
2017-03-17,35.25,35.25,34.97249984741211,34.997501373291016,175540000,35.17250061035156,34.898214612688335,34.830893107822966,34.14024988810221,35.3650016784668
2017-03-20,35.099998474121094,35.375,35.057498931884766,35.3650016784668,86168000,34.997501373291016,34.99750082833426,34.91071455819266,34.24341659545898,34.959999084472656
2017-03-21,35.52750015258789,35.70000076293945,34.932498931884766,34.959999084472656,158119600,35.3650016784668,35.022500719342915,34.911607469831196,34.32299995422363,35.35499954223633
2017-03-22,34.962501525878906,35.400001525878906,34.939998626708984,35.35499954223633,103440800,34.959999084472656,35.10178647722517,34.955535888671875,34.405416615804036,35.22999954223633
2017-03-23,35.314998626708984,35.39500045776367,35.15250015258789,35.22999954223633,81385200,35.35499954223633,35.170714787074495,34.97589302062988,34.47941665649414,35.15999984741211
2017-03-24,35.375,35.435001373291016,35.087501525878906,35.15999984741211,89582400,35.22999954223633,35.17714309692383,34.999107360839844,34.547916666666666,35.220001220703125
2017-03-27,34.84749984741211,35.30500030517578,34.654998779296875,35.220001220703125,94300400,35.15999984741211,35.18392889840262,35.02339308602469,34.620916748046874,35.95000076293945
2017-03-28,35.227500915527344,36.0099983215332,35.154998779296875,35.95000076293945,133499200,35.220001220703125,35.320000239780974,35.10910742623465,34.708500162760416,36.02999877929688
2017-03-29,35.91999816894531,36.122501373291016,35.79750061035156,36.02999877929688,116760000,35.95000076293945,35.41499982561384,35.20625032697405,34.78433341979981,35.98249816894531
2017-03-30,36.04750061035156,36.125,35.875,35.98249816894531,84829200,36.02999877929688,35.56107112339565,35.29178592136928,34.85450007120768,35.915000915527344
2017-03-31,35.93000030517578,36.067501068115234,35.752498626708984,35.915000915527344,78646800,35.98249816894531,35.64107131958008,35.37142889840262,34.92375005086263,35.92499923706055
2017-04-03,35.9275016784668,36.02999877929688,35.76250076293945,35.92499923706055,79942800,35.915000915527344,35.740356990269255,35.455535888671875,34.99025001525879,36.192501068115234
2017-04-04,35.8125,36.22249984741211,35.79249954223633,36.192501068115234,79565600,35.92499923706055,35.887857164655415,35.53250013078962,35.05750007629395,36.005001068115234
2017-04-05,36.05500030517578,36.3650016784668,35.95249938964844,36.005001068115234,110871600,36.192501068115234,36.0,35.59196444920131,35.11508344014486,35.915000915527344
2017-04-06,36.0724983215332,36.130001068115234,35.86249923706055,35.915000915527344,84596000,36.005001068115234,35.99500002179827,35.65750013078962,35.174500147501625,35.834999084472656
2017-04-07,35.932498931884766,36.04499816894531,35.817501068115234,35.834999084472656,66688800,35.915000915527344,35.96714292253767,35.691071374075754,35.23016675313314,35.79249954223633
2017-04-10,35.900001525878906,35.970001220703125,35.724998474121094,35.79249954223633,75733600,35.834999084472656,35.94000026157924,35.750535692487446,35.28216679890951,35.407501220703125
2017-04-11,35.73500061035156,35.837501525878906,35.01499938964844,35.407501220703125,121517600,35.79249954223633,35.86750030517578,35.75428581237793,35.32083346048991,35.45000076293945
2017-04-12,35.400001525878906,35.537498474121094,35.252498626708984,35.45000076293945,81400000,35.407501220703125,35.79964338030134,35.7700001852853,35.33758354187012,35.26250076293945
2017-04-13,35.477500915527344,35.595001220703125,35.26250076293945,35.26250076293945,71291600,35.45000076293945,35.666786193847656,35.777321679251536,35.3550001780192,35.45750045776367
2017-04-17,35.369998931884766,35.470001220703125,35.217498779296875,35.45750045776367,66328400,35.26250076293945,35.58857182094029,35.794285910470144,35.372083536783855,35.29999923706055
2017-04-18,35.352500915527344,35.5099983215332,35.27750015258789,35.29999923706055,58790000,35.45750045776367,35.500714438302175,35.74785723005022,35.387583541870114,35.16999816894531
2017-04-19,35.470001220703125,35.5,35.11249923706055,35.16999816894531,69313600,35.29999923706055,35.405714307512554,35.686428615025115,35.39725011189778,35.61000061035156
2017-04-20,35.30500030517578,35.72999954223633,35.290000915527344,35.61000061035156,93278400,35.16999816894531,35.37964303152902,35.65982164655413,35.425916798909505,35.567501068115234
2017-04-21,35.61000061035156,35.66999816894531,35.462501525878906,35.567501068115234,69283600,35.61000061035156,35.40250015258789,35.635000228881836,35.45583356221517,35.90999984741211
2017-04-24,35.875,35.98749923706055,35.79499816894531,35.90999984741211,68537200,35.567501068115234,35.468214307512554,35.63392884390695,35.49333356221517,36.13249969482422
2017-04-25,35.977500915527344,36.22499847412109,35.967498779296875,36.13249969482422,75486000,35.90999984741211,35.59249986921038,35.62964303152902,35.537750244140625,35.91999816894531
2017-04-26,36.11750030517578,36.150001525878906,35.845001220703125,35.91999816894531,80164800,36.13249969482422,35.65857097080776,35.62357139587402,35.576833470662436,35.9474983215332
2017-04-27,35.97999954223633,36.040000915527344,35.82749938964844,35.9474983215332,56985200,35.91999816894531,35.75107084001814,35.625892639160156,35.60458335876465,35.912498474121094
2017-04-28,36.022499084472656,36.07500076293945,35.817501068115234,35.912498474121094,83441600,35.9474983215332,35.857142312186106,35.63142830984933,35.62924995422363,36.64500045776367
2017-05-01,36.275001525878906,36.79999923706055,36.2400016784668,36.64500045776367,134411600,35.912498474121094,36.004999433244976,35.692321232386995,35.68416659037272,36.87749862670898
2017-05-02,36.8849983215332,37.022499084472656,36.709999084472656,36.87749862670898,181408800,36.64500045776367,36.19214194161551,35.797321047101704,35.73458315531413,36.76499938964844
2017-05-03,36.397499084472656,36.872501373291016,36.067501068115234,36.76499938964844,182788000,36.87749862670898,36.31428473336356,35.89124952043806,35.79474983215332,36.63249969482422
2017-05-04,36.630001068115234,36.78499984741211,36.45249938964844,36.63249969482422,93487600,36.76499938964844,36.385713304792134,35.98910658700125,35.83733317057292,37.2400016784668
2017-05-05,36.68999862670898,37.244998931884766,36.68999862670898,37.2400016784668,109310800,36.63249969482422,36.574285234723774,36.11642810276577,35.9043332417806,38.25249862670898
2017-05-08,37.25749969482422,38.42499923706055,37.25749969482422,38.25249862670898,195009600,37.2400016784668,36.90357099260603,36.32732091631208,36.007416534423825,38.497501373291016
2017-05-09,38.46749877929688,38.720001220703125,38.36249923706055,38.497501373291016,156521600,38.25249862670898,37.27285712105887,36.56499971662249,36.11666653951009,38.31499862670898
2017-05-10,38.407501220703125,38.48500061035156,38.02750015258789,38.31499862670898,103222800,38.497501373291016,37.51142828805106,36.75821386064802,36.19549980163574,38.48749923706055
2017-05-11,38.11249923706055,38.51750183105469,38.07749938964844,38.48749923706055,109020400,38.31499862670898,37.74142837524414,36.96678515842983,36.2774164835612,39.025001525878906
2017-05-12,38.67499923706055,39.10499954223633,38.66749954223633,39.025001525878906,130108000,38.48749923706055,38.06428582327707,37.18928527832031,36.37883326212565,38.92499923706055
2017-05-15,39.00249862670898,39.16249847412109,38.76250076293945,38.92499923706055,104038800,39.025001525878906,38.39178575788225,37.38874953133719,36.47916653951009,38.86750030517578
2017-05-16,38.98500061035156,39.01499938964844,38.68000030517578,38.86750030517578,80194000,38.92499923706055,38.624285561697825,37.599285398210796,36.577249908447264,37.5625
2017-05-17,38.400001525878906,38.64250183105469,37.4275016784668,37.5625,203070800,38.86750030517578,38.52571432931082,37.714642660958425,36.62291653951009,38.1349983215332
2017-05-18,37.817501068115234,38.334999084472656,37.782501220703125,38.1349983215332,134272800,37.5625,38.47392817905971,37.873392650059294,36.693916447957356,38.26499938964844
2017-05-19,38.345001220703125,38.494998931884766,38.157501220703125,38.26499938964844,107843200,38.1349983215332,38.4667854309082,37.989106859479634,36.77224973042806,38.497501373291016
2017-05-22,38.5,38.64500045776367,38.227500915527344,38.497501373291016,91865600,38.26499938964844,38.468214307512554,38.10482134137835,36.860999806722006,38.45000076293945
2017-05-23,38.72499847412109,38.72499847412109,38.32749938964844,38.45000076293945,79675600,38.497501373291016,38.38607134137835,38.22517858232771,36.94958318074544,38.334999084472656
2017-05-24,38.459999084472656,38.54249954223633,38.16749954223633,38.334999084472656,76712000,38.45000076293945,38.30178560529436,38.34678568158831,37.047166442871095,38.46749877929688
2017-05-25,38.432498931884766,38.587501525878906,38.25749969482422,38.46749877929688,76942400,38.334999084472656,38.244642530168804,38.43446404593332,37.147749710083005,38.40250015258789
2017-05-26,38.5,38.560001373291016,38.32749938964844,38.40250015258789,87710400,38.46749877929688,38.36464255196707,38.44517844063895,37.25241635640462,38.41749954223633
2017-05-30,38.35499954223633,38.60749816894531,38.33250045776367,38.41749954223633,80507600,38.40250015258789,38.40499986921038,38.43946402413504,37.351082992553714,38.18999862670898
2017-05-31,38.49250030517578,38.54249954223633,38.095001220703125,38.18999862670898,97804800,38.41749954223633,38.39428547450474,38.43053545270647,37.44741630554199,38.29499816894531
2017-06-01,38.29249954223633,38.33250045776367,38.05500030517578,38.29499816894531,65616400,38.18999862670898,38.3653564453125,38.41678537641253,37.55158297220866,38.86249923706055
2017-06-02,38.39500045776367,38.86249923706055,38.22249984741211,38.86249923706055,111082800,38.29499816894531,38.42428479875837,38.40517807006836,37.65999959309896,38.48249816894531
2017-06-05,38.584999084472656,38.61249923706055,38.3650016784668,38.48249816894531,101326800,38.86249923706055,38.44535609654018,38.37357085091727,37.75716616312663,38.61249923706055
2017-06-06,38.47499847412109,38.95249938964844,38.44499969482422,38.61249923706055,106499600,38.48249816894531,38.46607044764927,38.35535648890904,37.84724947611491,38.84249877929688
2017-06-07,38.755001068115234,38.994998931884766,38.619998931884766,38.84249877929688,84278400,38.61249923706055,38.52892739432199,38.44678497314453,37.93758277893066,38.747501373291016
2017-06-08,38.8125,38.8849983215332,38.59999847412109,38.747501373291016,85003200,38.84249877929688,38.57607051304409,38.49053519112723,38.03183288574219,37.244998931884766
2017-06-09,38.79750061035156,38.79750061035156,36.505001068115234,37.244998931884766,259530800,38.747501373291016,38.441070556640625,38.41767801557268,38.07508290608724,36.35499954223633
2017-06-12,36.435001373291016,36.522499084472656,35.627498626708984,36.35499954223633,289229200,37.244998931884766,38.1639278956822,38.264642170497346,38.08983294169108,36.647499084472656
2017-06-13,36.790000915527344,36.86249923706055,36.28749847412109,36.647499084472656,136661600,36.35499954223633,37.847499302455354,38.13589205060686,38.08991622924805,36.290000915527344
2017-06-14,36.875,36.875,35.959999084472656,36.290000915527344,126124800,36.647499084472656,37.534285409109934,37.989820752825054,38.07033297220866,36.0724983215332
2017-06-15,35.83000183105469,36.119998931884766,35.5525016784668,36.0724983215332,128661600,36.290000915527344,37.17142813546317,37.81874929155622,38.04724960327148,35.567501068115234
2017-06-16,35.94499969482422,36.125,35.54999923706055,35.567501068115234,201444400,36.0724983215332,36.70357131958008,37.61624935695103,38.01174964904785,36.584999084472656
2017-06-19,35.915000915527344,36.685001373291016,35.915000915527344,36.584999084472656,130165600,35.567501068115234,36.39464242117746,37.48535646711077,37.989916229248045,36.25249862670898
2017-06-20,36.71749877929688,36.71749877929688,36.23500061035156,36.25249862670898,99600400,36.584999084472656,36.2528566632952,37.346963609967915,37.92324956258138,36.46749877929688
2017-06-21,36.380001068115234,36.51750183105469,36.15250015258789,36.46749877929688,85063200,36.25249862670898,36.268927982875276,37.21642793927874,37.855582809448244,36.407501220703125
2017-06-22,36.442501068115234,36.67499923706055,36.27999877929688,36.407501220703125,76425200,36.46749877929688,36.23464257376535,37.04107093811035,37.79199956258138,36.56999969482422
2017-06-23,36.282501220703125,36.790000915527344,36.27750015258789,36.56999969482422,141757600,36.407501220703125,36.27464239937918,36.90446390424456,37.7280829111735,36.45500183105469
2017-06-26,36.79249954223633,37.06999969482422,36.345001220703125,36.45500183105469,102769600,36.56999969482422,36.32928575788225,36.75035694667271,37.64241625467936,35.932498931884766
2017-06-27,36.25249862670898,36.540000915527344,35.904998779296875,35.932498931884766,99047600,36.45500183105469,36.38142830984933,36.5424998147147,37.54266624450683,36.45750045776367
2017-06-28,36.122501373291016,36.52750015258789,35.790000915527344,36.45750045776367,88329600,35.932498931884766,36.36321422031948,36.378928320748464,37.46233291625977,35.91999816894531
2017-06-29,36.1775016784668,36.282501220703125,35.56999969482422,35.91999816894531,125997600,36.45750045776367,36.31571415492466,36.284285409109934,37.40758285522461,36.005001068115234
2017-06-30,36.11249923706055,36.2400016784668,35.94499969482422,36.005001068115234,92096400,35.91999816894531,36.24964305332729,36.25928551810129,37.33658294677734,35.875
2017-07-03,36.220001220703125,36.32500076293945,35.775001525878906,35.875,57111200,36.005001068115234,36.1735714503697,36.204107012067524,37.25691630045573,36.022499084472656
2017-07-05,35.92250061035156,36.1974983215332,35.68000030517578,36.022499084472656,86278400,35.875,36.09535707746233,36.18499973842076,37.17441622416178,35.682498931884766
2017-07-06,35.755001068115234,35.875,35.602500915527344,35.682498931884766,96515200,36.022499084472656,35.98499952043806,36.157142639160156,37.08216616312663,36.04499816894531
2017-07-07,35.724998474121094,36.1875,35.724998474121094,36.04499816894531,76806800,35.682498931884766,36.00107084001814,36.191249574933735,37.005832799275716,36.26499938964844
2017-07-10,36.02750015258789,36.48749923706055,35.842498779296875,36.26499938964844,84362400,36.04499816894531,35.97357068743025,36.16839245387486,36.932416152954104,36.38249969482422
2017-07-11,36.182498931884766,36.462501525878906,36.095001220703125,36.38249969482422,79127200,36.26499938964844,36.039642333984375,36.17767824445452,36.86508280436198,36.435001373291016
2017-07-12,36.46749877929688,36.54499816894531,36.20500183105469,36.435001373291016,99538000,36.38249969482422,36.10107094900949,36.175357001168386,36.7989995320638,36.942501068115234
2017-07-13,36.375,37.122501373291016,36.36000061035156,36.942501068115234,100797600,36.435001373291016,36.25357110159738,36.21357127598354,36.757416280110675,37.2599983215332
2017-07-14,36.99250030517578,37.33250045776367,36.83250045776367,37.2599983215332,80528400,36.942501068115234,36.43035670689174,36.262856892177034,36.72291628519694,37.38999938964844
2017-07-17,37.20500183105469,37.72499847412109,37.14250183105469,37.38999938964844,95174000,37.2599983215332,36.67428534371512,36.32964243207659,36.67383295694987,37.52000045776367
2017-07-18,37.29999923706055,37.532501220703125,37.16749954223633,37.52000045776367,71475200,37.38999938964844,36.88499995640346,36.443035398210796,36.641749699910484,37.755001068115234
2017-07-19,37.619998931884766,37.85499954223633,37.48749923706055,37.755001068115234,83692000,37.52000045776367,37.097857339041575,36.53571401323591,36.613166427612306,37.584999084472656
2017-07-20,37.875,37.935001373291016,37.54750061035156,37.584999084472656,68974800,37.755001068115234,37.26964296613421,36.654642650059294,36.57124977111816,37.567501068115234
2017-07-21,37.497501373291016,37.61000061035156,37.220001220703125,37.567501068115234,105010400,37.584999084472656,37.431428636823384,36.76624979291643,36.5319164276123,38.022499084472656
2017-07-24,37.64500045776367,38.11000061035156,37.47499847412109,38.022499084472656,85972800,37.567501068115234,37.58571406773159,36.91964258466448,36.55783309936523,38.185001373291016
2017-07-25,37.95000076293945,38.459999084472656,37.95000076293945,38.185001373291016,75415600,38.022499084472656,37.717857360839844,37.07410703386579,36.61883316040039,38.3650016784668
2017-07-26,38.337501525878906,38.48249816894531,38.26499938964844,38.3650016784668,63124000,38.185001373291016,37.85714340209961,37.26571437290737,36.67608324686686,37.63999938964844
2017-07-27,38.4375,38.497501373291016,36.82500076293945,37.63999938964844,129905200,38.3650016784668,37.87428610665457,37.37964303152902,36.72108319600423,37.375
2017-07-28,37.47249984741211,37.557498931884766,37.29750061035156,37.375,68854800,37.63999938964844,37.820000239780974,37.458928789411274,36.76449991861979,37.182498931884766
2017-07-31,37.47499847412109,37.58250045776367,37.032501220703125,37.182498931884766,79383600,37.375,37.7625002179827,37.51607159205845,36.81833318074544,37.51250076293945
2017-08-01,37.275001525878906,37.55500030517578,37.102500915527344,37.51250076293945,141474400,37.182498931884766,37.75464303152902,37.5930358341762,36.849249903361006,39.28499984741211
2017-08-02,39.81999969482422,39.9375,39.040000915527344,39.28499984741211,279747200,37.51250076293945,37.93500028337751,37.760357175554546,36.95033327738444,38.89250183105469
2017-08-03,39.26250076293945,39.3025016784668,38.755001068115234,38.89250183105469,108389200,39.28499984741211,38.03607177734375,37.8769645690918,37.03116671244303,39.09749984741211
2017-08-04,39.01750183105469,39.34999847412109,38.92250061035156,39.09749984741211,82239600,38.89250183105469,38.14071437290737,37.99892888750349,37.12083333333333,39.70249938964844
2017-08-07,39.26499938964844,39.72999954223633,39.16749954223633,39.70249938964844,87481200,39.09749984741211,38.43535723005022,38.1548216683524,37.225249989827475,40.02000045776367
2017-08-08,39.650001525878906,40.45750045776367,39.567501068115234,40.02000045776367,144823600,39.70249938964844,38.813214438302175,38.316607339041575,37.34408327738444,40.26499938964844
2017-08-09,39.81499862670898,40.317501068115234,39.77750015258789,40.26499938964844,104526000,40.02000045776367,39.25357164655413,38.50803593226841,37.4884999593099,38.83000183105469
2017-08-10,39.97499847412109,40.0,38.657501220703125,38.83000183105469,163217200,40.26499938964844,39.441786084856304,38.59821455819266,37.567583338419595,39.369998931884766
2017-08-11,39.150001525878906,39.64250183105469,39.01750183105469,39.369998931884766,105028400,38.83000183105469,39.45392881120954,38.69446454729353,37.68258336385091,39.962501525878906
2017-08-14,39.83000183105469,40.0525016784668,39.6875,39.962501525878906,88490800,39.369998931884766,39.606785910470144,38.82142884390695,37.81450004577637,40.400001525878906
2017-08-15,40.165000915527344,40.54999923706055,40.03499984741211,40.400001525878906,117862000,39.962501525878906,39.79285757882254,38.96678597586496,37.96533342997233,40.23749923706055
2017-08-16,40.48500061035156,40.62749862670898,40.03749847412109,40.23749923706055,110686400,40.400001525878906,39.86928612845285,39.152321679251536,38.10583343505859,39.46500015258789
2017-08-17,40.130001068115234,40.1775016784668,39.459999084472656,39.46500015258789,111762400,40.23749923706055,39.79000037057059,39.30160740443638,38.23191680908203,39.375
2017-08-18,39.46500015258789,39.875,39.18000030517578,39.375,109712400,39.46500015258789,39.66285760062082,39.45821462358747,38.342916870117186,39.3025016784668
2017-08-21,39.375,39.47249984741211,38.77750015258789,39.3025016784668,105474000,39.375,39.73035757882254,39.586071831839426,38.44416694641113,39.94499969482422
2017-08-22,39.557498931884766,40.0,39.505001068115234,39.94499969482422,86418400,39.3025016784668,39.812500544956755,39.63321467808315,38.562916946411136,39.994998931884766
2017-08-23,39.76750183105469,40.11750030517578,39.720001220703125,39.994998931884766,77596400,39.94499969482422,39.81714303152902,39.71196447099958,38.68158353169759,39.817501068115234
2017-08-24,40.10749816894531,40.185001373291016,39.63750076293945,39.817501068115234,79275600,39.994998931884766,39.73392868041992,39.763393129621235,38.77741686503092,39.96500015258789
2017-08-25,39.91249847412109,40.13999938964844,39.817501068115234,39.96500015258789,101920400,39.817501068115234,39.695000239780974,39.78214318411691,38.86758359273275,40.36750030517578
2017-08-28,40.03499984741211,40.5,39.98249816894531,40.36750030517578,103864000,39.96500015258789,39.82392883300781,39.806964601789204,38.966833623250324,40.727500915527344
2017-08-29,40.025001525878906,40.77999877929688,40.0,40.727500915527344,118067600,40.36750030517578,40.01714324951172,39.840000425066265,39.07375030517578,40.837501525878906
2017-08-30,40.95000076293945,40.97249984741211,40.65250015258789,40.837501525878906,109078400,40.727500915527344,40.236428941999165,39.98339326041086,39.17650032043457,41.0
2017-08-31,40.90999984741211,41.130001068115234,40.869998931884766,41.0,107140400,40.837501525878906,40.38714327130999,40.09982190813337,39.29033368428548,41.01250076293945
2017-09-01,41.20000076293945,41.23500061035156,40.907501220703125,41.01250076293945,66364400,41.0,40.53250067574637,40.174821853637695,39.40516700744629,40.52000045776367
2017-09-05,40.9375,41.0625,40.13999938964844,40.52000045776367,117874000,41.01250076293945,40.63285773141043,40.18339320591518,39.488417053222655,40.477500915527344
2017-09-06,40.6775016784668,40.747501373291016,40.130001068115234,40.477500915527344,86606800,40.52000045776367,40.70607212611607,40.20053618294852,39.56483370463054,40.31499862670898
2017-09-07,40.522499084472656,40.560001373291016,40.09000015258789,40.31499862670898,87714000,40.477500915527344,40.6985718863351,40.26125035967146,39.62983360290527,39.657501220703125
2017-09-08,40.21500015258789,40.28749847412109,39.63249969482422,39.657501220703125,114446000,40.31499862670898,40.545714787074495,40.28142901829311,39.69708366394043,40.375
2017-09-11,40.125,40.51250076293945,39.97249984741211,40.375,126323200,39.657501220703125,40.479643140520366,40.358036041259766,39.79708366394043,40.21500015258789
2017-09-12,40.65250015258789,40.9900016784668,39.692501068115234,40.21500015258789,286856000,40.375,40.36750030517578,40.37732178824289,39.898167037963866,39.91249847412109
2017-09-13,39.96749877929688,39.9900016784668,39.477500915527344,39.91249847412109,179629600,40.21500015258789,40.21035712105887,40.37142889840262,39.97816696166992,39.56999969482422
2017-09-14,39.747501373291016,39.84999847412109,39.522499084472656,39.56999969482422,95042800,39.91249847412109,40.07464272635324,40.353750228881836,39.98766695658366,39.970001220703125
2017-09-15,39.61750030517578,40.24250030517578,39.5,39.970001220703125,196458400,39.56999969482422,40.00214276994978,40.35410744803293,40.023583602905276,39.66749954223633
2017-09-18,40.02750015258789,40.125,39.5,39.66749954223633,113077600,39.970001220703125,39.9096429007394,40.30410739353725,40.04258359273275,39.682498931884766
2017-09-19,39.87749862670898,39.942501068115234,39.61000061035156,39.682498931884766,83242400,39.66749954223633,39.91321400233677,40.22946439470564,40.041916910807295,39.01750183105469
2017-09-20,39.47499847412109,39.56499862670898,38.45750045776367,39.01750183105469,211805600,39.682498931884766,39.719285692487446,40.099464416503906,40.008500289916995,38.34749984741211
2017-09-21,38.95000076293945,38.95000076293945,38.1875,38.34749984741211,150046800,39.01750183105469,39.45249993460519,39.91000011989048,39.944583638509116,37.97249984741211
2017-09-22,37.8849983215332,38.067501068115234,37.63999938964844,37.97249984741211,186581600,38.34749984741211,39.17535727364676,39.692857197352815,39.91600023905436,37.63750076293945
2017-09-25,37.497501373291016,37.95750045776367,37.290000915527344,37.63750076293945,177549200,37.97249984741211,38.89928599766323,39.48696436200823,39.858250300089516,38.28499984741211
2017-09-26,37.94499969482422,38.47999954223633,37.92250061035156,38.28499984741211,146640000,37.63750076293945,38.65857151576451,39.330357142857146,39.80233357747396,38.557498931884766
2017-09-27,38.45000076293945,38.68000030517578,38.3849983215332,38.557498931884766,102016800,38.28499984741211,38.5,39.2048214503697,39.74091682434082,38.31999969482422
2017-09-28,38.47249984741211,38.56999969482422,38.17499923706055,38.31999969482422,88022000,38.557498931884766,38.30535725184849,39.10928562709263,39.67700017293294,38.52999877929688
2017-09-29,38.3025016784668,38.532501220703125,38.0,38.52999877929688,105199200,38.31999969482422,38.235713958740234,38.97749982561384,39.64583346048991,38.45249938964844
2017-10-02,38.56499862670898,38.61249923706055,38.18000030517578,38.45249938964844,74795200,38.52999877929688,38.25071389334543,38.85160691397531,39.61508344014486,38.619998931884766
2017-10-03,38.50249862670898,38.772499084472656,38.477500915527344,38.619998931884766,64921200,38.45249938964844,38.343213762555806,38.75928551810129,39.59233334859212,38.369998931884766
2017-10-04,38.407501220703125,38.46500015258789,38.1150016784668,38.369998931884766,80655200,38.619998931884766,38.44785635811942,38.673571177891326,39.539833323160806,38.84749984741211
2017-10-05,38.54499816894531,38.86000061035156,38.51250076293945,38.84749984741211,85135200,38.369998931884766,38.52821350097656,38.593392508370535,39.501583353678384,38.82500076293945
2017-10-06,38.74250030517578,38.872501373291016,38.63999938964844,38.82500076293945,69630400,38.84749984741211,38.56642804827009,38.53321402413504,39.46850001017253,38.959999084472656
2017-10-09,38.95249938964844,39.182498931884766,38.872501373291016,38.959999084472656,65051600,38.82500076293945,38.65785653250558,38.481606892177034,39.43499997456868,38.97499847412109
2017-10-10,39.01499938964844,39.5,38.775001525878906,38.97499847412109,62468000,38.959999084472656,38.72142791748047,38.47857093811035,39.388583246866865,39.13750076293945
2017-10-11,38.99250030517578,39.244998931884766,38.9375,39.13750076293945,67622400,38.97499847412109,38.81928525652204,38.534999574933735,39.3355832417806,39.0
2017-10-12,39.087501525878906,39.34249877929688,38.932498931884766,39.0,64500400,39.13750076293945,38.87357112339565,38.60839244297573,39.27433319091797,39.247501373291016
2017-10-13,39.182498931884766,39.31999969482422,39.102500915527344,39.247501373291016,65576800,39.0,38.998928615025115,38.723392486572266,39.215916570027666,39.970001220703125
2017-10-16,39.47499847412109,40.0,39.41249847412109,39.970001220703125,96486000,39.247501373291016,39.15928595406668,38.843749727521626,39.181166585286455,40.11750030517578
2017-10-17,39.94499969482422,40.21749877929688,39.807498931884766,40.11750030517578,75989200,39.970001220703125,39.34392874581473,38.95517839704241,39.16774991353353,39.93999862670898
2017-10-18,40.10499954223633,40.1775016784668,39.900001525878906,39.93999862670898,65496800,40.11750030517578,39.48392868041992,39.07089260646275,39.14983317057292,38.994998931884766
2017-10-19,39.1875,39.27000045776367,38.755001068115234,38.994998931884766,170336800,39.93999862670898,39.486785888671875,39.10410690307617,39.10583318074544,39.0625
2017-10-20,39.15250015258789,39.4375,38.9900016784668,39.0625,95896400,38.994998931884766,39.47607149396624,39.14767837524414,39.08599980672201,39.04249954223633
2017-10-23,39.22249984741211,39.42250061035156,38.875,39.04249954223633,87937200,39.0625,39.482142857142854,39.177856990269255,39.04158312479655,39.275001525878906
2017-10-24,39.0724983215332,39.35499954223633,39.04999923706055,39.275001525878906,71028800,39.04249954223633,39.4860714503697,39.24250003269741,39.010249837239584,39.102500915527344
2017-10-25,39.227500915527344,39.38750076293945,38.817501068115234,39.102500915527344,84828400,39.275001525878906,39.362142835344585,39.26071439470564,38.98324991861979,39.352500915527344
2017-10-26,39.307498931884766,39.45750045776367,39.19499969482422,39.352500915527344,68002000,39.102500915527344,39.25285720825195,39.298392977033345,38.975999959309895,40.76250076293945
2017-10-27,39.8224983215332,40.900001525878906,39.67499923706055,40.76250076293945,177816800,39.352500915527344,39.370357513427734,39.42714309692383,39.00241661071777,41.68000030517578
2017-10-30,40.97249984741211,42.01750183105469,40.93000030517578,41.68000030517578,178803200,40.76250076293945,39.753929138183594,39.620357513427734,39.06949996948242,42.2599983215332
2017-10-31,41.97499847412109,42.41249847412109,41.73500061035156,42.2599983215332,144187200,41.68000030517578,40.210714612688335,39.84339305332729,39.155416615804036,41.72249984741211
2017-11-01,42.46749877929688,42.48500061035156,41.40250015258789,41.72249984741211,134551200,42.2599983215332,40.59357179914202,40.03785732814244,39.24558321634928,42.02750015258789
2017-11-02,41.650001525878906,42.125,41.31999969482422,42.02750015258789,165573600,41.72249984741211,40.986785888671875,40.236428669520784,39.36824989318848,43.125
2017-11-03,43.5,43.56499862670898,42.77999877929688,43.125,237594400,42.02750015258789,41.561428615025115,40.461785725184846,39.539999898274736,43.5625
2017-11-06,43.09249877929688,43.747501373291016,42.93000030517578,43.5625,140105200,43.125,42.16285705566406,40.70785713195801,39.73749987284342,43.70249938964844
2017-11-07,43.477500915527344,43.8125,43.400001525878906,43.70249938964844,97446000,43.5625,42.582856859479634,40.976607186453684,39.91808319091797,44.060001373291016
2017-11-08,43.665000915527344,44.060001373291016,43.58250045776367,44.060001373291016,97638000,43.70249938964844,42.922857012067524,41.33839307512556,40.10149993896484,43.970001220703125
2017-11-09,43.77750015258789,44.025001525878906,43.28499984741211,43.970001220703125,117930400,44.060001373291016,43.167143140520366,41.68892887660435,40.289833323160806,43.66749954223633
2017-11-10,43.77750015258789,43.845001220703125,43.567501068115234,43.66749954223633,100582000,43.970001220703125,43.445000239780974,42.0192860194615,40.46108334859212,43.49250030517578
2017-11-13,43.375,43.625,43.34999847412109,43.49250030517578,67928400,43.66749954223633,43.65428597586496,42.32053593226841,40.6290833791097,42.834999084472656
2017-11-14,43.2599983215332,43.369998931884766,42.79499816894531,42.834999084472656,99130000,43.49250030517578,43.61285727364676,42.58714294433594,40.76958338419596,42.27000045776367
2017-11-15,42.49250030517578,42.58000183105469,42.095001220703125,42.27000045776367,116632400,42.834999084472656,43.42821448189871,42.79553576878139,40.899583435058595,42.775001525878906
2017-11-16,42.79499816894531,42.96749877929688,42.57500076293945,42.775001525878906,94550000,42.27000045776367,43.295714787074495,42.93928582327707,41.030500157674155,42.53749847412109
2017-11-17,42.7599983215332,42.84749984741211,42.40999984741211,42.53749847412109,87598000,42.775001525878906,43.07821437290737,43.000535692487446,41.154250081380205,42.494998931884766
2017-11-20,42.5724983215332,42.63999938964844,42.38999938964844,42.494998931884766,65049600,42.53749847412109,42.867499760219026,43.0173214503697,41.27208340962728,43.28499984741211
2017-11-21,42.69499969482422,43.42499923706055,42.69499969482422,43.28499984741211,100525200,42.494998931884766,42.81285694667271,43.12892859322684,41.415750122070314,43.7400016784668
2017-11-22,43.34000015258789,43.75,43.26250076293945,43.7400016784668,102355600,43.28499984741211,42.848214285714285,43.25125013078962,41.569166819254555,43.74250030517578
2017-11-24,43.775001525878906,43.875,43.66249847412109,43.74250030517578,56106800,43.7400016784668,42.977857317243306,43.29535729544504,41.72725016276042,43.522499084472656
2017-11-27,43.76250076293945,43.77000045776367,43.334999084472656,43.522499084472656,82867200,43.74250030517578,43.156785692487446,43.29250008719308,41.869750086466475,43.26750183105469
2017-11-28,43.57500076293945,43.71749877929688,42.96500015258789,43.26750183105469,105715200,43.522499084472656,43.22714287894113,43.26142883300781,41.97966677347819,42.369998931884766
2017-11-29,43.157501220703125,43.22999954223633,41.790000915527344,42.369998931884766,166665600,43.26750183105469,43.20321437290737,43.14071437290737,42.05475006103516,42.962501525878906
2017-11-30,42.60749816894531,43.03499984741211,42.11000061035156,42.962501525878906,166108800,42.369998931884766,43.27000045776367,43.06875010899135,42.155500157674155,42.76250076293945
2017-12-01,42.48749923706055,42.91749954223633,42.125,42.76250076293945,159037200,42.962501525878906,43.19535773141043,43.004107339041575,42.281083552042645,42.45000076293945
2017-12-04,43.119998931884766,43.15499877929688,42.407501220703125,42.45000076293945,130169600,42.76250076293945,43.0110718863351,42.92964308602469,42.39400024414063,42.40999984741211
2017-12-05,42.26499938964844,42.880001068115234,42.09999847412109,42.40999984741211,109400800,42.45000076293945,42.82071467808315,42.89928599766323,42.50625025431315,42.25249862670898
2017-12-06,41.875,42.54999923706055,41.6150016784668,42.25249862670898,114240000,42.40999984741211,42.639286041259766,42.898035866873606,42.60550015767415,42.33000183105469
2017-12-07,42.25749969482422,42.61000061035156,42.227500915527344,42.33000183105469,102693200,42.25249862670898,42.505357469831196,42.86625017438616,42.713083521525064,42.34249877929688
2017-12-08,42.622501373291016,42.75,42.20500183105469,42.34249877929688,93420800,42.33000183105469,42.50142887660435,42.85232162475586,42.81275011698405,43.16749954223633
2017-12-11,42.29999923706055,43.22249984741211,42.1974983215332,43.16749954223633,141095200,42.34249877929688,42.530714307512554,42.90035738263811,42.892916742960615,42.92499923706055
2017-12-12,43.03749847412109,43.09749984741211,42.8650016784668,42.92499923706055,77636800,43.16749954223633,42.55392837524414,42.87464305332729,42.93441670735677,43.067501068115234
2017-12-13,43.125,43.3849983215332,43.0,43.067501068115234,95273600,42.92499923706055,42.64214270455496,42.82660729544504,42.961333465576175,43.05500030517578
2017-12-14,43.09999847412109,43.282501220703125,42.91249847412109,43.05500030517578,81906000,43.067501068115234,42.73428562709263,42.77750015258789,43.00575014750163,43.49250030517578
2017-12-15,43.407501220703125,43.54249954223633,43.1150016784668,43.49250030517578,160677200,43.05500030517578,42.91142872401646,42.77535738263811,43.05458348592122,44.10499954223633
2017-12-18,43.720001220703125,44.29999923706055,43.71500015258789,44.10499954223633,117684400,43.49250030517578,43.16499982561384,42.835178647722515,43.0872501373291,43.6349983215332
2017-12-19,43.75749969482422,43.84749984741211,43.522499084472656,43.6349983215332,109745600,44.10499954223633,43.34964261736189,42.92553574698312,43.089666748046874,43.587501525878906
2017-12-20,43.71749877929688,43.85499954223633,43.3125,43.587501525878906,93902400,43.6349983215332,43.4096429007394,42.97017860412598,43.08583348592122,43.75249862670898
2017-12-21,43.54249954223633,44.005001068115234,43.525001525878906,43.75249862670898,83799600,43.587501525878906,43.5278570992606,43.04089273725237,43.075583394368486,43.75249862670898
2017-12-22,43.66999816894531,43.85499954223633,43.625,43.75249862670898,65397600,43.75249862670898,43.62571389334543,43.133928298950195,43.068333307902016,42.64250183105469
2017-12-26,42.70000076293945,42.86750030517578,42.41999816894531,42.64250183105469,132742000,43.75249862670898,43.566785539899556,43.150535583496094,43.034166717529295,42.650001525878906
2017-12-27,42.525001525878906,42.69499969482422,42.4275016784668,42.650001525878906,85992800,42.64250183105469,43.44642857142857,43.178928647722515,43.006083424886064,42.77000045776367
2017-12-28,42.75,42.962501525878906,42.619998931884766,42.77000045776367,65920800,42.650001525878906,43.255714416503906,43.21035712105887,43.00391680399577,42.307498931884766
2017-12-29,42.630001068115234,42.647499084472656,42.30500030517578,42.307498931884766,103999600,42.77000045776367,43.06607164655413,43.20785713195801,43.00516675313314,43.06499862670898
2018-01-02,42.540000915527344,43.07500076293945,42.31499862670898,43.06499862670898,102223600,42.307498931884766,42.99142837524414,43.20053563799177,43.01483332316081,43.057498931884766
2018-01-03,43.13249969482422,43.63750076293945,42.9900016784668,43.057498931884766,118071600,43.06499862670898,42.89214270455496,43.209999901907786,43.03216667175293,43.25749969482422
2018-01-04,43.1349983215332,43.36750030517578,43.02000045776367,43.25749969482422,89738400,43.057498931884766,42.82142857142857,43.223571232386995,43.05758336385091,43.75
2018-01-05,43.36000061035156,43.84249877929688,43.26250076293945,43.75,94640000,43.25749969482422,42.97964259556362,43.27321406773159,43.073083368937176,43.587501525878906
2018-01-08,43.587501525878906,43.90250015258789,43.48249816894531,43.587501525878906,82271200,43.75,43.11357116699219,43.27999986921038,43.06800003051758,43.58250045776367
2018-01-09,43.63750076293945,43.76499938964844,43.352500915527344,43.58250045776367,86336000,43.587501525878906,43.22964259556362,43.24267850603376,43.062666702270505,43.5724983215332
2018-01-10,43.290000915527344,43.57500076293945,43.25,43.5724983215332,95839600,43.58250045776367,43.41035679408482,43.23821422031948,43.06433334350586,43.81999969482422
2018-01-11,43.647499084472656,43.872501373291016,43.622501373291016,43.81999969482422,74670800,43.5724983215332,43.518214089529856,43.254821232386995,43.082749938964845,44.272499084472656
2018-01-12,44.04499816894531,44.34000015258789,43.91249847412109,44.272499084472656,101672400,43.81999969482422,43.691785539899556,43.29196412222726,43.14616661071777,44.04750061035156
2018-01-16,44.47499847412109,44.84749984741211,44.03499984741211,44.04750061035156,118263600,44.272499084472656,43.804642813546316,43.313035692487446,43.18233324686686,44.775001525878906
2018-01-17,44.03749847412109,44.8125,43.76750183105469,44.775001525878906,137547200,44.04750061035156,43.95107160295759,43.4653570992606,43.24941660563151,44.81499862670898
2018-01-18,44.84249877929688,45.025001525878906,44.5625,44.81499862670898,124773600,44.775001525878906,44.126428331647595,43.61999974931989,43.32824986775716,44.6150016784668
2018-01-19,44.65250015258789,44.89500045776367,44.352500915527344,44.6150016784668,129700400,44.81499862670898,44.27392850603376,43.75178555079868,43.40174992879232,44.25
2018-01-22,44.32500076293945,44.44499969482422,44.150001525878906,44.25,108434400,44.6150016784668,44.370714460100444,43.890535627092625,43.46833330790202,44.2599983215332
2018-01-23,44.32500076293945,44.86000061035156,44.20500183105469,44.2599983215332,130756400,44.25,44.43357140677316,43.97589274815151,43.532666524251304,43.55500030517578
2018-01-24,44.3125,44.32500076293945,43.29999923706055,43.55500030517578,204420400,44.2599983215332,44.33107158115932,44.01142856052944,43.5730832417806,42.77750015258789
2018-01-25,43.62749862670898,43.73749923706055,42.63249969482422,42.77750015258789,166116000,43.55500030517578,44.14964294433594,43.97714287894113,43.56008326212565,42.87749862670898
2018-01-26,43.0,43.0,42.51499938964844,42.87749862670898,156572000,42.77750015258789,43.87857110159738,43.914821352277485,43.55849990844727,41.9900016784668
2018-01-29,42.540000915527344,42.540000915527344,41.76750183105469,41.9900016784668,202561600,42.87749862670898,43.47500010899135,43.80071422031948,43.52258326212565,41.74250030517578
2018-01-30,41.38249969482422,41.84249877929688,41.17499923706055,41.74250030517578,184192800,41.9900016784668,43.06464276994978,43.66928563799177,43.478833262125654,41.85749816894531
2018-01-31,41.71749877929688,42.11000061035156,41.625,41.85749816894531,129915600,41.74250030517578,42.72285679408482,43.54678562709263,43.42433319091797,41.94499969482422
2018-02-01,41.79249954223633,42.15499877929688,41.68999862670898,41.94499969482422,188923200,41.85749816894531,42.39214270455496,43.41285705566406,43.35233319600423,40.125
2018-02-02,41.5,41.70000076293945,40.025001525878906,40.125,346375200,41.94499969482422,41.902142660958425,43.11660712105887,43.23533325195312,39.122501373291016
2018-02-05,39.775001525878906,40.970001220703125,39.0,39.122501373291016,290954000,40.125,41.37999997820173,42.76482146126883,43.08649991353353,40.75749969482422
2018-02-06,38.70750045776367,40.93000030517578,38.5,40.75749969482422,272975200,39.122501373291016,41.077142987932476,42.477857044764924,42.98666661580403,39.8849983215332
2018-02-07,40.772499084472656,40.84999847412109,39.76750183105469,39.8849983215332,206434400,40.75749969482422,40.77642822265625,42.1257141658238,42.857749938964844,38.78749847412109
2018-02-08,40.0724983215332,40.25,38.75749969482422,38.78749847412109,217562000,39.8849983215332,40.35428510393415,41.709463936941965,42.72924982706706,39.102500915527344
2018-02-09,39.26750183105469,39.47249984741211,37.560001373291016,39.102500915527344,282690400,38.78749847412109,39.96071406773159,41.3417854309082,42.610999806722006,40.6775016784668
2018-02-12,39.625,40.97249984741211,39.37749862670898,40.6775016784668,243278000,39.102500915527344,39.77964292253767,41.085892813546316,42.54124984741211,41.084999084472656
2018-02-13,40.48749923706055,41.1875,40.41249847412109,41.084999084472656,130196800,40.6775016784668,39.9167856488909,40.90946415492466,42.50049985249837,41.84249877929688
2018-02-14,40.7599983215332,41.8849983215332,40.720001220703125,41.84249877929688,162579600,41.084999084472656,40.30535670689174,40.84267834254673,42.45974985758463,43.247501373291016
2018-02-15,42.4474983215332,43.272499084472656,42.25,43.247501373291016,204588800,41.84249877929688,40.661071232386995,40.86910711015974,42.46608327229818,43.10749816894531
2018-02-16,43.09000015258789,43.70500183105469,42.942501068115234,43.10749816894531,160704400,43.247501373291016,41.12142835344587,40.94892828805106,42.461083221435544,42.962501525878906
2018-02-20,43.01250076293945,43.56499862670898,42.85499954223633,42.962501525878906,135722000,43.10749816894531,41.717857360839844,41.036071232386995,42.43483327229818,42.76750183105469
2018-02-21,43.20750045776367,43.52999877929688,42.75249862670898,42.76750183105469,149886400,42.962501525878906,42.241428920200896,41.10107149396624,42.40749994913737,43.125
2018-02-22,42.95000076293945,43.48749923706055,42.9275016784668,43.125,123967600,42.76750183105469,42.591071537562776,41.18535723005022,42.39224993387858,43.875
2018-02-23,43.41749954223633,43.91249847412109,43.3849983215332,43.875,135249600,43.125,42.98964309692383,41.45321437290737,42.40233332316081,44.74250030517578
2018-02-26,44.087501525878906,44.84749984741211,44.0525016784668,44.74250030517578,152648800,43.875,43.40392902919224,41.85464286804199,42.43308334350586,44.59749984741211
2018-02-27,44.775001525878906,45.119998931884766,44.540000915527344,44.59749984741211,155712400,44.74250030517578,43.59678595406668,42.12892859322684,42.443916702270506,44.52999877929688
2018-02-28,44.81499862670898,45.15499877929688,44.51250076293945,44.52999877929688,151128400,44.59749984741211,43.80000032697405,42.46071434020996,42.45999997456868,43.75
2018-03-01,44.6349983215332,44.94499969482422,43.165000915527344,43.75,195208000,44.52999877929688,43.91250010899135,42.8151787349156,42.425833257039386,44.0525016784668
2018-03-02,43.20000076293945,44.07500076293945,43.11249923706055,44.0525016784668,153816000,43.75,44.09607151576451,43.1687502179827,42.400416692097984,44.20500183105469
2018-03-05,43.8025016784668,44.435001373291016,43.630001068115234,44.20500183105469,113605600,44.0525016784668,44.250357491629465,43.42071451459612,42.386750030517575,44.16749954223633
2018-03-06,44.477500915527344,44.5625,44.032501220703125,44.16749954223633,95154000,44.20500183105469,44.292143140520366,43.6408931187221,42.38400001525879,43.75749969482422
2018-03-07,43.73500061035156,43.962501525878906,43.567501068115234,43.75749969482422,126814000,44.16749954223633,44.151428767613005,43.77767889840262,42.36725006103516,44.23500061035156
2018-03-08,43.869998931884766,44.27999877929688,43.76750183105469,44.23500061035156,95096400,43.75749969482422,44.099643162318635,43.84821455819266,42.38991673787435,44.994998931884766
2018-03-09,44.4900016784668,45.0,44.34749984741211,44.994998931884766,128740800,44.23500061035156,44.16607175554548,43.983036041259766,42.46383336385091,45.43000030517578
2018-03-12,45.0724983215332,45.59749984741211,45.0525016784668,45.43000030517578,128828400,44.994998931884766,44.40607179914202,44.15928595406668,42.548916753133135,44.99250030517578
2018-03-13,45.647499084472656,45.875,44.810001373291016,44.99250030517578,126774000,45.43000030517578,44.540357317243306,44.318214416503906,42.649000040690105,44.61000061035156
2018-03-14,45.08000183105469,45.130001068115234,44.45249938964844,44.61000061035156,117473600,44.99250030517578,44.598214285714285,44.424285888671875,42.74458338419596,44.66249847412109
2018-03-15,44.625,45.060001373291016,44.51750183105469,44.66249847412109,90975200,44.61000061035156,44.66892841884068,44.48053577968052,42.83808339436849,44.505001068115234
2018-03-16,44.66249847412109,44.77999877929688,44.40499877929688,44.505001068115234,157618800,44.66249847412109,44.77571432931082,44.463571548461914,42.92341677347819,43.82500076293945
2018-03-19,44.33000183105469,44.36750030517578,43.415000915527344,43.82500076293945,133787200,44.505001068115234,44.71714292253767,44.40839304242815,43.04675013224284,43.810001373291016
2018-03-20,43.810001373291016,44.20000076293945,43.73500061035156,43.810001373291016,78597600,43.82500076293945,44.54785755702427,44.35696465628488,43.20300013224284,42.817501068115234
2018-03-21,43.7599983215332,43.772499084472656,42.81499862670898,42.817501068115234,148219600,43.810001373291016,44.17464338030134,44.29035758972168,43.271666844685875,42.212501525878906
2018-03-22,42.5,43.16999816894531,42.150001525878906,42.212501525878906,165963200,42.817501068115234,43.777500697544646,44.15892900739397,43.34925028483073,41.23500061035156
2018-03-23,42.09749984741211,42.47999954223633,41.23500061035156,41.23500061035156,164115200,42.212501525878906,43.295357840401785,43.946786063058035,43.430833689371745,43.192501068115234
2018-03-26,42.01750183105469,43.275001525878906,41.61000061035156,43.192501068115234,150164800,41.23500061035156,43.08535821097238,43.877143314906526,43.56716702779134,42.084999084472656
2018-03-27,43.41999816894531,43.78749847412109,41.72999954223633,42.084999084472656,163690400,43.192501068115234,42.73964364188058,43.7576789855957,43.61408360799154,41.619998931884766
2018-03-28,41.8125,42.505001068115234,41.29750061035156,41.619998931884766,166674000,42.084999084472656,42.42464338030134,43.570893151419504,43.6319169362386,41.94499969482422
2018-03-29,41.95249938964844,42.9375,41.72499847412109,41.94499969482422,153594000,41.619998931884766,42.1582145690918,43.353036063058035,43.63533363342285,41.66999816894531
2018-04-02,41.65999984741211,42.23500061035156,41.11750030517578,41.66999816894531,150347200,41.94499969482422,41.994285583496094,43.08446448189871,43.582750193277995,42.09749984741211
2018-04-03,41.90999984741211,42.1875,41.220001220703125,42.09749984741211,121112000,41.66999816894531,41.97785677228655,42.8776787349156,43.54908358256022,42.90250015258789
2018-04-04,41.220001220703125,43.00249862670898,41.192501068115234,42.90250015258789,138422000,42.09749984741211,42.21607099260603,42.755714416503906,43.54708353678385,43.20000076293945
2018-04-05,43.14500045776367,43.557498931884766,43.02000045776367,43.20000076293945,107732800,42.90250015258789,42.21714237758091,42.65125029427664,43.56150016784668,42.095001220703125
2018-04-06,42.74250030517578,43.119998931884766,42.04999923706055,42.095001220703125,140021200,43.20000076293945,42.21857125418527,42.47910744803293,43.52716687520345,42.51250076293945
2018-04-09,42.470001220703125,43.272499084472656,42.462501525878906,42.51250076293945,116070800,42.095001220703125,42.34607151576451,42.38535744803293,43.4817502339681,43.3125
2018-04-10,43.25,43.5,42.88249969482422,43.3125,113634400,42.51250076293945,42.54142870221819,42.349821635655,43.43408355712891,43.11000061035156
2018-04-11,43.057498931884766,43.47999954223633,42.92499923706055,43.11000061035156,89726400,43.3125,42.7471433367048,42.370714460100444,43.38450024922689,43.53499984741211
2018-04-12,43.352500915527344,43.75,43.2599983215332,43.53499984741211,91557200,43.11000061035156,42.95250047956194,42.465178625924246,43.35133361816406,43.682498931884766
2018-04-13,43.69499969482422,43.959999084472656,43.462501525878906,43.682498931884766,100497200,43.53499984741211,43.06392887660435,42.63999993460519,43.34908358256022,43.95500183105469
2018-04-16,43.75749969482422,44.04750061035156,43.70750045776367,43.95500183105469,86313600,43.682498931884766,43.17178617204939,42.694464274815154,43.34583358764648,44.560001373291016
2018-04-17,44.122501373291016,44.73500061035156,44.102500915527344,44.560001373291016,106421600,43.95500183105469,43.52392905099051,42.87125015258789,43.357666905721025,44.459999084472656
2018-04-18,44.45249938964844,44.70500183105469,44.220001220703125,44.459999084472656,83018000,44.560001373291016,43.80214309692383,43.07410730634417,43.36741689046224,43.20000076293945
2018-04-19,43.43999862670898,43.84749984741211,43.165000915527344,43.20000076293945,139235200,44.459999084472656,43.78607177734375,43.163750239780974,43.348833592732746,41.43000030517578
2018-04-20,42.650001525878906,42.80500030517578,41.35749816894531,41.43000030517578,261964400,43.20000076293945,43.54607173374721,43.146607535226,43.25533358256022,41.310001373291016
2018-04-23,41.70750045776367,41.72999954223633,41.022499084472656,41.310001373291016,146062000,41.43000030517578,43.22821480887277,43.090357644217356,43.132500330607094,40.73500061035156
2018-04-24,41.41749954223633,41.58250045776367,40.30500030517578,40.73500061035156,134768000,41.310001373291016,42.80714362008231,42.93553624834333,42.97600034077962,40.91249847412109
2018-04-25,40.65499877929688,41.35499954223633,40.602500915527344,40.91249847412109,113528400,40.73500061035156,42.37250028337751,42.77214322771345,42.840000279744466,41.05500030517578
2018-04-26,41.02999877929688,41.432498931884766,40.84249877929688,41.05500030517578,111852000,40.91249847412109,41.87178584507534,42.69785744803293,42.72150026957194,40.58000183105469
2018-04-27,41.0,41.08250045776367,40.157501220703125,40.58000183105469,142623200,41.05500030517578,41.31750052315848,42.55982181004116,42.58541704813639,41.31499862670898
2018-04-30,40.532501220703125,41.81499862670898,40.459999084472656,41.31499862670898,169709600,40.58000183105469,41.04821450369699,42.417143140520366,42.47908363342285,42.275001525878906
2018-05-01,41.602500915527344,42.29999923706055,41.317501068115234,42.275001525878906,214277600,41.31499862670898,41.168928963797434,42.35750034877232,42.4274169921875,44.14250183105469
2018-05-02,43.807498931884766,44.4375,43.45000076293945,44.14250183105469,266157600,42.275001525878906,41.5735718863351,42.40089334760393,42.43850034077962,44.22249984741211
2018-05-03,43.970001220703125,44.375,43.61000061035156,44.22249984741211,136272800,44.14250183105469,42.071786063058035,42.43946484157017,42.485333633422854,45.95750045776367
2018-05-04,44.5625,46.0625,44.54249954223633,45.95750045776367,224805200,44.22249984741211,42.79250063214983,42.58250045776367,42.61016693115234,46.290000915527344
2018-05-07,46.29499816894531,46.91749954223633,46.1875,46.290000915527344,169805600,45.95750045776367,43.540357862200054,42.706071853637695,42.77866694132487,46.51250076293945
2018-05-08,46.247501373291016,46.55500030517578,45.91749954223633,46.51250076293945,113611200,46.290000915527344,44.38785770961216,42.852679116385325,42.88933359781901,46.84000015258789
2018-05-09,46.63750076293945,46.84999847412109,46.30500030517578,46.84000015258789,92844800,46.51250076293945,45.17714364188058,43.11267907278879,43.047833633422854,47.5099983215332
2018-05-10,46.935001373291016,47.59249877929688,46.91249847412109,47.5099983215332,111957200,46.84000015258789,45.92500032697405,43.54696464538574,43.244166946411134,47.147499084472656
2018-05-11,47.372501373291016,47.51499938964844,46.86249923706055,47.147499084472656,104848800,47.5099983215332,46.3542856488909,43.963928767613005,43.41758359273275,47.03749847412109
2018-05-14,47.25249862670898,47.38249969482422,46.96500015258789,47.03749847412109,83115200,47.147499084472656,46.75642830984933,44.414107186453684,43.59650026957194,46.61000061035156
2018-05-15,46.69499969482422,46.76750183105469,46.275001525878906,46.61000061035156,94780800,47.03749847412109,46.84964261736189,44.82107162475586,43.746916961669925,47.04499816894531
2018-05-16,46.51750183105469,47.1150016784668,46.5,47.04499816894531,76732400,46.61000061035156,46.95749936785017,45.248928615025115,43.885000228881836,46.747501373291016
2018-05-17,47.0,47.227500915527344,46.59000015258789,46.747501373291016,69176000,47.04499816894531,46.991070883614675,45.68946429661342,44.00325024922689,46.57749938964844
2018-05-18,46.79750061035156,46.95249938964844,46.532501220703125,46.57749938964844,73190800,46.747501373291016,46.95357077462332,46.06535720825195,44.152666854858396,46.907501220703125
2018-05-21,47.0,47.317501068115234,46.727500915527344,46.907501220703125,73603200,46.57749938964844,46.867499760219026,46.39625004359654,44.29916687011719,46.790000915527344
2018-05-22,47.095001220703125,47.220001220703125,46.69499969482422,46.790000915527344,60962800,46.907501220703125,46.81642859322684,46.58535712105887,44.41508356730143,47.09000015258789
2018-05-23,46.587501525878906,47.125,46.43999862670898,47.09000015258789,80233600,46.790000915527344,46.82392883300781,46.79017857142857,44.54775021870931,47.03749847412109
2018-05-24,47.192501068115234,47.209999084472656,46.5525016784668,47.03749847412109,92936000,47.09000015258789,46.88499995640346,46.86732128688267,44.66450017293294,47.14500045776367
2018-05-25,47.057498931884766,47.41249847412109,46.91249847412109,47.14500045776367,69844000,47.03749847412109,46.89928599766323,46.928392682756694,44.77991689046224,46.97499847412109
2018-05-29,46.900001525878906,47.1875,46.71749877929688,46.97499847412109,90056400,47.14500045776367,46.931785583496094,46.96142823355539,44.88058344523112,46.875
2018-05-30,46.93000030517578,47.0,46.69499969482422,46.875,74762000,46.97499847412109,46.97428567068918,46.96392822265625,44.95775006612142,46.71749877929688
2018-05-31,46.80500030517578,47.057498931884766,46.53499984741211,46.71749877929688,109931200,46.875,46.947142464774,46.90732111249651,45.0330000559489,47.560001373291016
2018-06-01,46.997501373291016,47.56499862670898,46.9375,47.560001373291016,93770000,46.71749877929688,47.057142530168804,46.936785561697825,45.17833340962728,47.95750045776367
2018-06-04,47.90999984741211,48.35499954223633,47.837501525878906,47.95750045776367,105064800,47.560001373291016,47.18107114519392,47.00249998910086,45.39591674804687,48.32749938964844
2018-06-05,48.26750183105469,48.48500061035156,48.09000015258789,48.32749938964844,86264000,47.95750045776367,47.365356990269255,47.125178473336355,45.62983334859212,48.494998931884766
2018-06-06,48.407501220703125,48.52000045776367,47.97999954223633,48.494998931884766,83734400,48.32749938964844,47.558213915143696,47.22874995640346,45.8884999593099,48.3650016784668
2018-06-07,48.53499984741211,48.54999923706055,48.084999084472656,48.3650016784668,85388800,48.494998931884766,47.75678580147879,47.344285692487446,46.13691673278809,47.92499923706055
2018-06-08,47.79249954223633,48.0,47.442501068115234,47.92499923706055,106627200,48.3650016784668,47.906785692487446,47.44053568158831,46.36591669718425,47.807498931884766
2018-06-11,47.837501525878906,47.99250030517578,47.5525016784668,47.807498931884766,73234000,47.92499923706055,48.0625,47.504821232386995,46.60683326721191,48.06999969482422
2018-06-12,47.84749984741211,48.15250015258789,47.78749847412109,48.06999969482422,67644400,47.807498931884766,48.13535690307617,47.59624971662249,46.831999969482425,47.67499923706055
2018-06-13,48.10499954223633,48.220001220703125,47.61000061035156,47.67499923706055,86553600,48.06999969482422,48.094999585832866,47.638035365513396,47.011999893188474,47.70000076293945
2018-06-14,47.88750076293945,47.89250183105469,47.55500030517578,47.70000076293945,86440400,47.67499923706055,48.00535692487444,47.68535695757185,47.13058319091797,47.209999084472656
2018-06-15,47.50749969482422,47.540000915527344,47.06499862670898,47.209999084472656,246876800,47.70000076293945,47.82178551810129,47.68999971662249,47.23016649881999,47.185001373291016
2018-06-18,46.970001220703125,47.30500030517578,46.79999923706055,47.185001373291016,73939600,47.209999084472656,47.65321404593332,47.704999923706055,47.271083196004234,46.42250061035156
2018-06-19,46.28499984741211,46.58250045776367,45.86249923706055,46.42250061035156,134314000,47.185001373291016,47.438571384974885,47.67267853873117,47.27549985249837,46.625
2018-06-20,46.587501525878906,46.79999923706055,46.432498931884766,46.625,82514800,46.42250061035156,47.26964296613421,47.66607148306711,47.279249827067055,46.3650016784668
2018-06-21,46.8125,47.087501525878906,46.23500061035156,46.3650016784668,102847600,46.625,47.02607182094029,47.58071436200823,47.26341654459635,46.22999954223633
2018-06-22,46.52999877929688,46.53749847412109,46.17499923706055,46.22999954223633,108801600,46.3650016784668,46.81964329310826,47.45732143947056,47.220749918619795,45.54249954223633
2018-06-25,45.84999847412109,46.22999954223633,45.182498931884766,45.54249954223633,126652400,46.22999954223633,46.51142883300781,47.25839287894113,47.16724993387858,46.10749816894531
2018-06-26,45.747501373291016,46.63249969482422,45.6349983215332,46.10749816894531,98276800,45.54249954223633,46.35392870221819,47.08785711015974,47.13624992370605,46.040000915527344
2018-06-27,46.307498931884766,46.81999969482422,46.00749969482422,46.040000915527344,101141200,46.10749816894531,46.19035720825195,46.92178562709263,47.11724993387858,46.375
2018-06-28,46.025001525878906,46.5525016784668,45.95000076293945,46.375,69460800,46.040000915527344,46.18357140677316,46.81107139587402,47.094916661580406,46.27750015258789
2018-06-29,46.5724983215332,46.79750061035156,45.727500915527344,46.27750015258789,90950800,46.375,46.13392857142857,46.70178576878139,47.079249954223634,46.79499816894531
2018-07-02,45.95500183105469,46.82500076293945,45.85499954223633,46.79499816894531,70925200,46.27750015258789,46.19535664149693,46.61071423121861,47.08649991353353,45.97999954223633
2018-07-03,46.9474983215332,46.98749923706055,45.8849983215332,45.97999954223633,55819200,46.79499816894531,46.159642355782644,46.489642824445454,47.05558319091797,46.34999847412109
2018-07-05,46.31499862670898,46.602500915527344,46.06999969482422,46.34999847412109,66416800,45.97999954223633,46.2749993460519,46.393214089529856,47.040916442871094,46.99250030517578
2018-07-06,46.35499954223633,47.10749816894531,46.29999923706055,46.99250030517578,69940800,46.34999847412109,46.40142822265625,46.377678462437224,47.037666447957356,47.64500045776367
2018-07-09,47.375,47.66999816894531,47.32500076293945,47.64500045776367,79026400,46.99250030517578,46.63071387154715,46.410535539899556,47.05791651407878,47.587501525878906
2018-07-10,47.6775016784668,47.81999969482422,47.54499816894531,47.587501525878906,63756400,47.64500045776367,46.80392837524414,46.49374989100865,47.072666549682616,46.970001220703125
2018-07-11,47.125,47.44499969482422,46.90250015258789,46.970001220703125,75326000,47.587501525878906,46.9028570992606,46.518392835344585,47.072499974568686,47.75749969482422
2018-07-12,47.38249969482422,47.852500915527344,47.32749938964844,47.75749969482422,72164400,46.970001220703125,47.040357317243306,46.61785697937012,47.10191663106283,47.83250045776367
2018-07-13,47.77000045776367,47.959999084472656,47.72499847412109,47.83250045776367,50055600,47.75749969482422,47.30500030517578,46.732321330479216,47.13908335367839,47.727500915527344
2018-07-16,47.880001068115234,48.16249847412109,47.60499954223633,47.727500915527344,60172400,47.83250045776367,47.501786368233816,46.888392857142854,47.14466667175293,47.86249923706055
2018-07-17,47.4375,47.96749877929688,47.29999923706055,47.86249923706055,62138000,47.727500915527344,47.62607192993164,47.013750076293945,47.14149996439616,47.59999847412109
2018-07-18,47.94499969482422,47.95000076293945,47.48249816894531,47.59999847412109,65573600,47.86249923706055,47.61964307512556,47.125178473336355,47.11724993387858,47.970001220703125
2018-07-19,47.42250061035156,48.13750076293945,47.42250061035156,47.970001220703125,81147200,47.59999847412109,47.674285888671875,47.23910713195801,47.09975001017253,47.86000061035156
2018-07-20,47.94499969482422,48.10749816894531,47.54249954223633,47.86000061035156,82704800,47.970001220703125,47.80142865862165,47.35214287894113,47.08291664123535,47.90250015258789
2018-07-23,47.66999816894531,47.9900016784668,47.38999938964844,47.90250015258789,63957600,47.86000061035156,47.822143009730745,47.43125016348703,47.08216667175293,48.25
2018-07-24,48.11249923706055,48.415000915527344,48.01250076293945,48.25,74791600,47.90250015258789,47.88178580147879,47.59339305332729,47.09691670735677,48.70500183105469
2018-07-25,48.26499938964844,48.712501525878906,48.10749816894531,48.70500183105469,66839600,48.25,48.021428789411274,47.76160757882254,47.11808344523112,48.5525016784668
2018-07-26,48.65250015258789,48.9900016784668,48.40250015258789,48.5525016784668,76304000,48.70500183105469,48.120000566755024,47.87303624834333,47.14733352661133,47.744998931884766
2018-07-27,48.747501373291016,48.79750061035156,47.525001525878906,47.744998931884766,96096000,48.5525016784668,48.140714917864116,47.88017899649484,47.148833465576175,47.477500915527344
2018-07-30,47.97499847412109,48.04999923706055,47.26750183105469,47.477500915527344,84118000,47.744998931884766,48.07035773141043,47.87232181004116,47.157750193278,47.5724983215332
2018-07-31,47.57500076293945,48.03499984741211,47.334999084472656,47.5724983215332,157492000,47.477500915527344,48.02928597586496,47.915357317243306,47.170666758219404,50.375
2018-08-01,49.782501220703125,50.43999862670898,49.32749938964844,50.375,271742800,47.5724983215332,48.382500239780974,48.10232162475586,47.302416737874346,51.84749984741211
2018-08-02,50.14500045776367,52.095001220703125,50.087501525878906,51.84749984741211,249616000,50.375,48.896428789411274,48.38910729544504,47.47650006612142,51.997501373291016
2018-08-03,51.75749969482422,52.185001373291016,51.369998931884766,51.997501373291016,133789600,51.84749984741211,49.366785866873606,48.69410732814244,47.66425005594889,52.26750183105469
2018-08-06,52.0,52.3125,51.76750183105469,52.26750183105469,101701600,51.997501373291016,49.89750017438616,49.00875037057059,47.865500132242836,51.77750015258789
2018-08-07,52.33000183105469,52.375,51.68999862670898,51.77750015258789,102349600,52.26750183105469,50.47357177734375,49.30714334760393,48.073333485921225,51.8125
2018-08-08,51.51250076293945,51.95249938964844,51.130001068115234,51.8125,90102000,51.77750015258789,51.092857360839844,49.58160754612514,48.26350021362305,52.220001220703125
2018-08-09,52.38249969482422,52.44499969482422,51.79999923706055,52.220001220703125,93970400,51.8125,51.75678634643555,49.89303616115025,48.46950022379557,51.88249969482422
2018-08-10,51.84000015258789,52.275001525878906,51.66749954223633,51.88249969482422,98444800,52.220001220703125,51.97214344569615,50.17732184273856,48.65308354695638,52.21749877929688
2018-08-13,52.32749938964844,52.73749923706055,51.92499923706055,52.21749877929688,103563600,51.88249969482422,52.0250004359654,50.460714612688335,48.851083501180014,52.4375
2018-08-14,52.540000915527344,52.63999938964844,52.06499862670898,52.4375,82992000,52.21749877929688,52.08785738263811,50.72732162475586,49.039166895548504,52.560001373291016
2018-08-15,52.30500030517578,52.685001373291016,52.08250045776367,52.560001373291016,115230400,52.4375,52.12964303152902,51.01357160295759,49.258500289916995,53.33000183105469
2018-08-16,52.9375,53.45249938964844,52.86750030517578,53.33000183105469,114001600,52.560001373291016,52.3514289855957,51.41250038146973,49.491167068481445,54.39500045776367
2018-08-17,53.36000061035156,54.48749923706055,53.290000915527344,54.39500045776367,141708000,53.33000183105469,52.72035762241909,51.906607491629465,49.73791707356771,53.8650016784668
2018-08-20,54.525001525878906,54.79499816894531,53.77750015258789,53.8650016784668,121150800,54.39500045776367,52.955357687813894,52.356072017124724,49.94525044759114,53.7599983215332
2018-08-21,54.20000076293945,54.29750061035156,53.50749969482422,53.7599983215332,104639200,53.8650016784668,53.22357177734375,52.59785761151995,50.151000340779625,53.76250076293945
2018-08-22,53.525001525878906,54.09000015258789,53.459999084472656,53.76250076293945,76072400,53.7599983215332,53.44428634643555,52.73464339120047,50.3774169921875,53.872501373291016
2018-08-23,53.66249847412109,54.26250076293945,53.650001525878906,53.872501373291016,75532800,53.76250076293945,53.649286542619976,52.86857196262905,50.58125038146973,54.040000915527344
2018-08-24,54.150001525878906,54.22499847412109,53.77750015258789,54.040000915527344,73905600,53.872501373291016,53.86071504865374,52.99517904009138,50.788167063395186,54.48500061035156
2018-08-27,54.28749847412109,54.685001373291016,54.08250045776367,54.48500061035156,82100400,54.040000915527344,54.02571487426758,53.18857192993164,51.01341705322265,54.92499923706055
2018-08-28,54.75249862670898,55.1349983215332,54.72999954223633,54.92499923706055,91107200,54.48500061035156,54.1014289855957,53.410893304007395,51.248833719889326,55.744998931884766
2018-08-29,55.03749847412109,55.872501373291016,54.852500915527344,55.744998931884766,109019200,54.92499923706055,54.37000002179827,53.66267885480608,51.520333735148114,56.25749969482422
2018-08-30,55.8125,57.06499862670898,55.59999847412109,56.25749969482422,195175200,55.744998931884766,54.72678593226841,53.97517885480608,51.79658368428548,56.907501220703125
2018-08-31,56.62749862670898,57.21749877929688,56.5,56.907501220703125,173360400,56.25749969482422,55.17607171194894,54.31017902919224,52.09816703796387,57.09000015258789
2018-09-04,57.102500915527344,57.29499816894531,56.657501220703125,57.09000015258789,109560400,56.907501220703125,55.63571439470564,54.64250046866281,52.40441703796387,56.71749877929688
2018-09-05,57.247501373291016,57.41749954223633,56.275001525878906,56.71749877929688,133332000,57.09000015258789,56.018214089529856,54.9394645690918,52.68666699727376,55.775001525878906
2018-09-06,56.557498931884766,56.837501525878906,55.32500076293945,55.775001525878906,137160000,56.71749877929688,56.20249993460519,55.11410740443638,52.9223336537679,55.32500076293945
2018-09-07,55.462501525878906,56.34249877929688,55.1775016784668,55.32500076293945,150479200,55.775001525878906,56.259643009730745,55.18053599766323,53.14808362325032,54.58250045776367
2018-09-10,55.23749923706055,55.462501525878906,54.11750030517578,54.58250045776367,158066000,55.32500076293945,56.09357179914202,55.231785910470144,53.37600034077962,55.962501525878906
2018-09-11,54.50249862670898,56.07500076293945,54.13999938964844,55.962501525878906,142996000,54.58250045776367,56.0514292035784,55.38910756792341,53.65883369445801,55.26750183105469
2018-09-12,56.23500061035156,56.25,54.959999084472656,55.26750183105469,197114800,55.962501525878906,55.81714357648577,55.496607644217356,53.91533381144206,56.602500915527344
2018-09-13,55.880001068115234,57.087501525878906,55.64250183105469,56.602500915527344,166825600,55.26750183105469,55.74750082833426,55.69160761151995,54.12291717529297,55.959999084472656
2018-09-14,56.4375,56.709999084472656,55.630001068115234,55.959999084472656,127997200,56.602500915527344,55.63928658621652,55.82875033787319,54.260000483194986,54.470001220703125
2018-09-17,55.53749847412109,55.73749923706055,54.317501068115234,54.470001220703125,148780400,55.959999084472656,55.452857971191406,55.827678952898296,54.34241714477539,54.560001373291016
2018-09-18,54.4474983215332,55.462501525878906,54.27999877929688,54.560001373291016,126286800,54.470001220703125,55.343572344098774,55.80160767691476,54.41883379618327,54.59249877929688
2018-09-19,54.625,54.90499877929688,53.82500076293945,54.59249877929688,108495200,54.560001373291016,55.34500067574637,55.719286237444194,54.51266708374023,55.00749969482422
2018-09-20,55.060001373291016,55.56999969482422,54.78749847412109,55.00749969482422,106435200,54.59249877929688,55.20857184273856,55.63000052315848,54.61916707356771,54.415000915527344
2018-09-21,55.19499969482422,55.34000015258789,54.3224983215332,54.415000915527344,384986800,55.00749969482422,55.08678599766323,55.451964787074495,54.69233373006185,55.1974983215332
2018-09-24,54.20500183105469,55.31499862670898,54.157501220703125,55.1974983215332,110773600,54.415000915527344,54.88607134137835,55.316786084856304,54.80283368428548,55.54750061035156
2018-09-25,54.9375,55.70500183105469,54.92499923706055,55.54750061035156,98217600,55.1974983215332,54.827142987932476,55.233214787074495,54.91383374532064,55.10499954223633
2018-09-26,55.25,55.9375,54.93999862670898,55.10499954223633,95938800,55.54750061035156,54.91785703386579,55.185357502528596,55.002750396728516,56.23749923706055
2018-09-27,55.95500183105469,56.61000061035156,55.8849983215332,56.23749923706055,120724800,55.10499954223633,55.157499585832866,55.25053596496582,55.12533365885417,56.435001373291016
2018-09-28,56.1974983215332,56.459999084472656,56.005001068115234,56.435001373291016,91717600,56.23749923706055,55.42071424211775,55.38285745893206,55.22883364359538,56.81499862670898
2018-10-01,56.98749923706055,57.35499954223633,56.587501525878906,56.81499862670898,94403200,56.435001373291016,55.67892837524414,55.44375010899135,55.309500249226886,57.31999969482422
2018-10-02,56.8125,57.5,56.657501220703125,57.31999969482422,99152800,56.81499862670898,56.09392820085798,55.5903570992606,55.42466684977214,58.01750183105469
2018-10-03,57.51250076293945,58.36750030517578,57.44499969482422,58.01750183105469,114619200,57.31999969482422,56.49678584507534,55.69142859322684,55.56658363342285,56.997501373291016
2018-10-04,57.69499969482422,58.087501525878906,56.682498931884766,56.997501373291016,128168000,58.01750183105469,56.70392881120954,55.76553589957101,55.67441698710124,56.0724983215332
2018-10-05,56.9900016784668,57.102500915527344,55.14500045776367,56.0724983215332,134322000,56.997501373291016,56.84214292253767,55.87999997820173,55.74775021870931,55.942501068115234
2018-10-08,55.5525016784668,56.20000076293945,55.04999923706055,55.942501068115234,118655600,56.0724983215332,56.80000032697405,55.97874995640346,55.81116689046224,56.71749877929688
2018-10-09,55.90999984741211,56.817501068115234,55.5625,56.71749877929688,107564000,55.942501068115234,56.8403570992606,56.13053567068918,55.88558349609375,54.09000015258789
2018-10-10,56.3650016784668,56.587501525878906,54.01250076293945,54.09000015258789,167962400,56.71749877929688,56.45107160295759,56.06499998910086,55.857750193277994,53.61249923706055
2018-10-11,53.630001068115234,54.875,53.08000183105469,53.61249923706055,212497600,54.09000015258789,55.92142868041992,56.00767844063895,55.78666687011719,55.52750015258789
2018-10-12,55.10499954223633,55.720001220703125,54.209999084472656,55.52750015258789,161351600,53.61249923706055,55.56571415492466,56.03125,55.76233355204264,54.34000015258789
2018-10-15,55.290000915527344,55.45750045776367,54.317501068115234,54.34000015258789,123164000,55.52750015258789,55.18607112339565,55.94499996730259,55.67675018310547,55.53749847412109
2018-10-16,54.73249816894531,55.747501373291016,54.18999862670898,55.53749847412109,116736000,54.34000015258789,55.10964257376535,55.97589274815151,55.625000127156575,55.29750061035156
2018-10-17,55.57500076293945,55.65999984741211,54.834999084472656,55.29750061035156,91541600,55.53749847412109,55.01749965122768,55.90874998910086,55.5776668548584,54.005001068115234
2018-10-18,54.46500015258789,54.935001373291016,53.25,54.005001068115234,130325200,55.29750061035156,54.62999997820173,55.73517853873117,55.51866683959961,54.82749938964844
2018-10-19,54.51499938964844,55.31499862670898,54.35749816894531,54.82749938964844,132314800,54.005001068115234,54.735357012067524,55.593214307512554,55.50208346048991,55.16249847412109
2018-10-22,54.9474983215332,55.84000015258789,54.73500061035156,55.16249847412109,115168400,54.82749938964844,54.95678547450474,55.43910707746233,55.521416727701826,55.682498931884766
2018-10-23,53.95750045776367,55.8125,53.67499923706055,55.682498931884766,155071200,55.16249847412109,54.97892815726144,55.27232115609305,55.51208330790202,53.772499084472656
2018-10-24,55.650001525878906,56.057498931884766,53.6349983215332,53.772499084472656,163702000,55.682498931884766,54.89785657610212,55.04196384974888,55.46224988301595,54.95000076293945
2018-10-25,54.4275016784668,55.345001220703125,54.1875,54.95000076293945,119423200,53.772499084472656,54.8139283316476,54.96178545270647,55.40716654459636,54.07500076293945
2018-10-26,53.97499847412109,55.04750061035156,53.16749954223633,54.07500076293945,189033600,54.95000076293945,54.63928549630301,54.82839257376535,55.344333267211915,53.060001373291016
2018-10-29,54.79750061035156,54.92250061035156,51.522499084472656,53.060001373291016,183742000,54.07500076293945,54.504285539899556,54.56714275905064,55.297333272298175,53.32500076293945
2018-10-30,52.78749847412109,53.79499816894531,52.317501068115234,53.32500076293945,146640000,53.060001373291016,54.28964287894113,54.512499945504324,55.25616658528646,54.71500015258789
2018-10-31,54.220001220703125,55.11249923706055,54.15499877929688,54.71500015258789,153435600,53.32500076293945,54.22571454729353,54.59125001089914,55.26024996439616,55.55500030517578
2018-11-01,54.76250076293945,55.59000015258789,54.20249938964844,55.55500030517578,233292800,54.71500015258789,54.20750045776367,54.593214307512554,55.27849998474121,51.869998931884766
2018-11-02,52.38750076293945,53.41249847412109,51.35749816894531,51.869998931884766,365314800,55.55500030517578,53.93571472167969,54.4167856488909,55.19366658528646,50.397499084472656
2018-11-05,51.07500076293945,51.09749984741211,49.54249954223633,50.397499084472656,264654800,51.869998931884766,53.285357339041575,54.049642835344585,55.03366661071777,50.942501068115234
2018-11-06,50.47999954223633,51.18000030517578,50.42250061035156,50.942501068115234,127531600,50.397499084472656,52.83785738263811,53.73857143947056,54.880166625976564,52.48749923706055
2018-11-07,51.49250030517578,52.51499938964844,51.032501220703125,52.48749923706055,133697600,50.942501068115234,52.756071363176616,53.630178451538086,54.79291661580404,52.122501373291016
2018-11-08,52.494998931884766,52.52999877929688,51.6875,52.122501373291016,101450400,52.48749923706055,52.584285736083984,53.436964307512554,54.65575002034505,51.11750030517578
2018-11-09,51.38750076293945,51.50249862670898,50.5625,51.11750030517578,137463200,52.122501373291016,52.070357186453684,53.148035866873606,54.47849998474121,48.54249954223633
2018-11-12,49.75,49.962501525878906,48.4474983215332,48.54249954223633,204542000,51.11750030517578,51.068571363176616,52.638035910470144,54.202750015258786,48.057498931884766
2018-11-13,47.907501220703125,49.29499816894531,47.86249923706055,48.057498931884766,187531600,48.54249954223633,50.52392850603376,52.22982161385672,53.89399998982747,46.70000076293945
2018-11-14,48.47499847412109,48.619998931884766,46.48249816894531,46.70000076293945,243204000,48.057498931884766,49.995714460100444,51.64053589957101,53.516749954223634,47.852500915527344
2018-11-15,47.09749984741211,47.99250030517578,46.72499847412109,47.852500915527344,185915200,46.70000076293945,49.554285866873606,51.19607162475586,53.21191660563151,48.38249969482422
2018-11-16,47.625,48.74250030517578,47.3650016784668,48.38249969482422,147713200,47.852500915527344,48.967857360839844,50.86196436200823,52.955583318074545,46.46500015258789
2018-11-19,47.5,47.67499923706055,46.247501373291016,46.46500015258789,167701200,48.38249969482422,48.1596429007394,50.37196431841169,52.6396666208903,44.244998931884766
2018-11-20,44.59249877929688,45.36750030517578,43.87749862670898,44.244998931884766,271300800,46.46500015258789,47.177856990269255,49.62410708836147,52.223916625976564,44.19499969482422
2018-11-21,44.932498931884766,45.067501068115234,44.13750076293945,44.19499969482422,124496800,44.244998931884766,46.556785583496094,48.812678473336355,51.89408327738444,43.0724983215332
2018-11-23,43.73500061035156,44.150001525878906,43.025001525878906,43.0724983215332,94496000,44.19499969482422,45.844642639160156,48.184285572596956,51.54274991353353,43.65499877929688
2018-11-26,43.560001373291016,43.73749923706055,42.56499862670898,43.65499877929688,179994000,43.0724983215332,45.409642355782644,47.70267840794155,51.14699986775716,43.560001373291016
2018-11-27,42.87749862670898,43.692501068115234,42.720001220703125,43.560001373291016,165549600,43.65499877929688,44.79642813546317,47.175357001168386,50.78766657511393,45.23500061035156
2018-11-28,44.182498931884766,45.3224983215332,43.73249816894531,45.23500061035156,184250000,43.560001373291016,44.346785409109934,46.657321384974885,50.44424997965495,44.88750076293945
2018-11-29,45.665000915527344,45.70000076293945,44.42499923706055,44.88750076293945,167080000,45.23500061035156,44.12142835344587,46.14053562709263,50.09724998474121,44.64500045776367
2018-11-30,45.0724983215332,45.08250045776367,44.25749969482422,44.64500045776367,158126000,44.88750076293945,44.17857142857143,45.67821420942034,49.78524996439616,46.20500183105469
2018-12-03,46.1150016784668,46.23500061035156,45.3025016784668,46.20500183105469,163210000,44.64500045776367,44.465714590890066,45.51125008719308,49.4978333791097,44.17250061035156
2018-12-04,45.23749923706055,45.59749984741211,44.067501068115234,44.17250061035156,165377200,46.20500183105469,44.62285777500698,45.23375020708357,49.13150011698405,43.68000030517578
2018-12-06,42.93999862670898,43.69499969482422,42.60499954223633,43.68000030517578,172393600,44.17250061035156,44.626429421561106,45.018035888671875,48.73141682942708,42.122501373291016
2018-12-07,43.372501373291016,43.622501373291016,42.07500076293945,42.122501373291016,169126400,43.68000030517578,44.42107227870396,44.60875020708357,48.3430835723877,42.400001525878906
2018-12-10,41.25,42.522499084472656,40.83250045776367,42.400001525878906,248104000,42.122501373291016,44.01607240949358,44.18142890930176,47.924750264485674,42.157501220703125
2018-12-11,42.915000915527344,42.9474983215332,41.75,42.157501220703125,189126800,42.400001525878906,43.626072474888396,43.873750414167134,47.527500279744466,42.275001525878906
2018-12-12,42.59999847412109,42.97999954223633,42.255001068115234,42.275001525878906,142510800,42.157501220703125,43.287501198904856,43.73303631373814,47.16800028483073,42.73749923706055
2018-12-13,42.622501373291016,43.14250183105469,42.38750076293945,42.73749923706055,127594400,42.275001525878906,42.79214368547712,43.628929138183594,46.815083567301436,41.369998931884766
2018-12-14,42.25,42.27000045776367,41.31999969482422,41.369998931884766,162814800,42.73749923706055,42.39178630283901,43.50732203892299,46.370250193278,40.98500061035156
2018-12-17,41.36249923706055,42.087501525878906,40.682498931884766,40.98500061035156,177151600,41.369998931884766,42.00678634643555,43.31660788399832,45.88458353678386,41.51750183105469
2018-12-18,41.345001220703125,41.88249969482422,41.09749984741211,41.51750183105469,135366000,40.98500061035156,41.920357840401785,43.170715059552876,45.53950030008952,40.22249984741211
2018-12-19,41.5,41.86249923706055,39.772499084472656,40.22249984741211,196189200,41.51750183105469,41.60928617204939,42.812679290771484,45.20033365885417,39.20750045776367
2018-12-20,40.09999847412109,40.52750015258789,38.82500076293945,39.20750045776367,259092000,40.22249984741211,41.187857491629465,42.40696498325893,44.80916697184245,37.682498931884766
2018-12-21,39.21500015258789,39.540000915527344,37.407501220703125,37.682498931884766,382978400,39.20750045776367,40.531785692487446,41.90964344569615,44.31566696166992,36.70750045776367
2018-12-24,37.03749847412109,37.88750076293945,36.647499084472656,36.70750045776367,148676800,37.682498931884766,39.67035729544504,41.23125049046108,43.80183359781901,39.29249954223633
2018-12-26,37.07500076293945,39.307498931884766,36.68000030517578,39.29249954223633,234330000,36.70750045776367,39.3735716683524,40.8826789855957,43.40766690572103,39.03749847412109
2018-12-27,38.959999084472656,39.192501068115234,37.51750183105469,39.03749847412109,212468400,39.29249954223633,39.09535707746233,40.55107171194894,43.090833536783855,39.057498931884766
2018-12-28,39.375,39.630001068115234,38.63750076293945,39.057498931884766,169165600,39.03749847412109,38.74392809186663,40.33214296613421,42.79083353678386,39.435001373291016
2018-12-31,39.63249969482422,39.84000015258789,39.119998931884766,39.435001373291016,140014000,39.057498931884766,38.63142830984933,40.12035724094936,42.548666890462236,39.47999954223633
2019-01-02,38.72249984741211,39.712501525878906,38.557498931884766,39.47999954223633,148158800,39.435001373291016,38.67035675048828,39.92910712105887,42.269583511352536,35.54750061035156
2019-01-03,35.994998931884766,36.43000030517578,35.5,35.54750061035156,365248800,39.47999954223633,38.365356990269255,39.44857134137835,41.84175020853679,37.06499862670898
2019-01-04,36.13249969482422,37.13750076293945,35.95000076293945,37.06499862670898,234428400,35.54750061035156,38.41642815726144,39.04339272635324,41.52841682434082,36.98249816894531
2019-01-07,37.17499923706055,37.20750045776367,36.47499847412109,36.98249816894531,219111200,37.06499862670898,38.08642796107701,38.7299998147147,41.28633346557617,37.6875
2019-01-08,37.38999938964844,37.95500183105469,37.130001068115234,37.6875,164101200,36.98249816894531,37.893571036202566,38.49446405683245,41.06941680908203,38.32749938964844
2019-01-09,37.8224983215332,38.63249969482422,37.407501220703125,38.32749938964844,180396400,37.6875,37.789285387311665,38.26660673958914,40.91125017801921,38.45000076293945
2019-01-10,38.125,38.49250030517578,37.71500015258789,38.45000076293945,143122800,38.32749938964844,37.6485710144043,38.13999966212681,40.73775024414063,38.0724983215332
2019-01-11,38.220001220703125,38.42499923706055,37.87749862670898,38.0724983215332,108092800,38.45000076293945,37.44749941144671,38.0589280809675,40.5548334757487,37.5
2019-01-14,37.712501525878906,37.817501068115234,37.30500030517578,37.5,129756800,38.0724983215332,37.7264278956822,38.04589244297573,40.297000122070315,38.26750183105469
2019-01-15,37.567501068115234,38.34749984741211,37.51250076293945,38.26750183105469,114843600,37.5,37.89821406773159,38.15732111249651,40.07633349100749,38.73500061035156
2019-01-16,38.27000045776367,38.970001220703125,38.25,38.73500061035156,122278800,38.26750183105469,38.14857155936105,38.117499760219026,39.87933349609375,38.96500015258789
2019-01-17,38.54999923706055,39.415000915527344,38.31499862670898,38.96500015258789,119284800,38.73500061035156,38.33107158115932,38.11232130868094,39.638000106811525,39.20500183105469
2019-01-18,39.375,39.470001220703125,38.994998931884766,39.20500183105469,135004000,38.96500015258789,38.45642907278879,38.12285723005022,39.47241681416829,38.32500076293945
2019-01-22,39.102500915527344,39.182498931884766,38.15499877929688,38.32500076293945,121576000,39.20500183105469,38.43857192993164,38.04357147216797,39.29391682942708,38.47999954223633
2019-01-23,38.53749847412109,38.78499984741211,37.92499923706055,38.47999954223633,92522400,38.32500076293945,38.496786390032085,37.9721429007394,39.17250010172526,38.17499923706055
2019-01-24,38.52750015258789,38.619998931884766,37.935001373291016,38.17499923706055,101766000,38.47999954223633,38.59321485246931,38.159821374075754,39.03166669209798,39.43999862670898
2019-01-25,38.869998931884766,39.532501220703125,38.58000183105469,39.43999862670898,134142000,38.17499923706055,38.76071439470564,38.32946423121861,38.94108327229817,39.07500076293945
2019-01-28,38.9474983215332,39.08250045776367,38.415000915527344,39.07500076293945,104768400,39.43999862670898,38.80928584507534,38.47892870221819,38.83441658020019,38.66999816894531
2019-01-29,39.0625,39.532501220703125,38.52750015258789,38.66999816894531,166348800,39.07500076293945,38.76714270455496,38.549107142857146,38.698833211263015,41.3125
2019-01-30,40.8125,41.53749847412109,40.057498931884766,41.3125,244439200,38.66999816894531,39.06821387154715,38.76232147216797,38.69691658020019,41.61000061035156
2019-01-31,41.52750015258789,42.25,41.13999938964844,41.61000061035156,162958400,41.3125,39.5374995640346,38.98803574698312,38.717749913533524,41.630001068115234
2019-02-01,41.7400016784668,42.244998931884766,41.48249816894531,41.630001068115234,130672400,41.61000061035156,39.9874997820173,39.24214308602469,38.72149988810221,42.8125
2019-02-04,41.852500915527344,42.915000915527344,41.81999969482422,42.8125,125982000,41.630001068115234,40.64999989100865,39.62160737173898,38.8078332265218,43.54499816894531
2019-02-05,43.21500015258789,43.77000045776367,43.087501525878906,43.54499816894531,144406400,42.8125,41.23642839704241,39.99857139587402,38.95241648356119,43.560001373291016
2019-02-06,43.66249847412109,43.89250183105469,43.212501525878906,43.560001373291016,112958400,43.54499816894531,41.87714276994978,40.343214307512554,39.14833323160806,42.73500061035156
2019-02-07,43.09999847412109,43.48500061035156,42.584999084472656,42.73500061035156,126966800,43.560001373291016,42.45785740443638,40.612500054495676,39.34924990336099,42.602500915527344
2019-02-08,42.247501373291016,42.665000915527344,42.10499954223633,42.602500915527344,95280000,42.73500061035156,42.64214324951172,40.85517856052944,39.459583282470696,42.35749816894531
2019-02-11,42.76250076293945,42.8025016784668,42.3125,42.35749816894531,83973600,42.602500915527344,42.748928615025115,41.143214089529856,39.570249938964835,42.72249984741211
2019-02-12,42.525001525878906,42.75,42.42499923706055,42.72249984741211,89134000,42.35749816894531,42.90499986921038,41.44624982561384,39.69241663614908,42.54499816894531
2019-02-13,42.84749984741211,43.119998931884766,42.47999954223633,42.54499816894531,89960800,42.72249984741211,42.86678532191685,41.75839260646275,39.796083196004226,42.70000076293945
2019-02-14,42.4275016784668,42.81499862670898,42.345001220703125,42.70000076293945,87342800,42.54499816894531,42.74607140677316,41.991249901907786,39.90341657002766,42.60499954223633
2019-02-15,42.8125,42.92499923706055,42.4375,42.60499954223633,98507200,42.70000076293945,42.60964257376535,42.24339267185756,40.13866653442382,42.73249816894531
2019-02-19,42.4275016784668,42.86000061035156,42.372501373291016,42.73249816894531,75891200,42.60499954223633,42.609285082135884,42.53357124328613,40.327583185831706,43.00749969482422
2019-02-20,42.79750061035156,43.33000183105469,42.747501373291016,43.00749969482422,104457600,42.73249816894531,42.66714205060686,42.654642650059294,40.528416570027666,42.76499938964844
2019-02-21,42.95000076293945,43.09249877929688,42.57500076293945,42.76499938964844,68998800,43.00749969482422,42.72535651070731,42.73714256286621,40.697666549682616,43.24250030517578
2019-02-22,42.89500045776367,43.25,42.845001220703125,43.24250030517578,75652800,42.76499938964844,42.79964229038784,42.852321079799104,40.86149991353353,43.557498931884766
2019-02-25,43.540000915527344,43.96749877929688,43.48749923706055,43.557498931884766,87493600,43.24250030517578,42.94428525652204,42.90553528921945,41.03174985249837,43.58250045776367
2019-02-26,43.4275016784668,43.82500076293945,43.29249954223633,43.58250045776367,68280800,43.557498931884766,43.07035664149693,42.90821402413504,41.21541659037272,43.71749877929688
2019-02-27,43.3025016784668,43.75,43.182498931884766,43.71749877929688,111341600,43.58250045776367,43.22928510393415,42.91946383884975,41.42266654968262,43.28749847412109
2019-02-28,43.58000183105469,43.727500915527344,43.22999954223633,43.28749847412109,112861600,43.71749877929688,43.308570861816406,42.958927971976145,41.589999771118165,43.74250030517578
2019-03-01,43.56999969482422,43.78749847412109,43.22249984741211,43.74250030517578,103544800,43.28749847412109,43.41357094900949,43.040356499808176,41.7569164276123,43.962501525878906
2019-03-04,43.92250061035156,44.4375,43.49250030517578,43.962501525878906,109744800,43.74250030517578,43.584642682756694,43.154999596732004,41.923499806722006,43.88249969482422
2019-03-05,43.98500061035156,44.0,43.6349983215332,43.88249969482422,78949600,43.962501525878906,43.67607116699219,43.23785672869001,42.07941640218099,43.630001068115234
2019-03-06,43.66749954223633,43.872501373291016,43.48500061035156,43.630001068115234,83241600,43.88249969482422,43.686428615025115,43.31535693577358,42.25624974568685,43.125
2019-03-07,43.46749877929688,43.61000061035156,43.005001068115234,43.125,99185600,43.630001068115234,43.62107140677316,43.34571402413504,42.41108309427897,43.227500915527344
2019-03-08,42.58000183105469,43.26750183105469,42.375,43.227500915527344,95997600,43.125,43.55107171194894,43.39017840794155,42.57949981689453,44.72499847412109
2019-03-11,43.872501373291016,44.77999877929688,43.837501525878906,44.72499847412109,128044000,43.227500915527344,43.75642885480608,43.53249985831125,42.755666478474936,45.227500915527344
2019-03-12,45.0,45.66749954223633,44.84249877929688,45.227500915527344,129870400,44.72499847412109,43.96857179914202,43.691071374075754,42.960749816894534,45.4275016784668
2019-03-13,45.5625,45.82500076293945,45.22999954223633,45.4275016784668,124130000,45.227500915527344,44.177857535226,43.88125010899135,43.185999933878584,45.932498931884766
2019-03-14,45.97499847412109,46.025001525878906,45.63999938964844,45.932498931884766,94318000,45.4275016784668,44.4707145690918,44.07339286804199,43.33999989827474,46.52999877929688
2019-03-15,46.212501525878906,46.83250045776367,45.935001373291016,46.52999877929688,156171600,45.932498931884766,44.88499995640346,44.285714285714285,43.50399983723958,47.005001068115234
2019-03-18,46.45000076293945,47.09749984741211,46.4474983215332,47.005001068115234,104879200,46.52999877929688,45.43928582327707,44.530178615025115,43.68316650390625,46.63249969482422
2019-03-19,47.087501525878906,47.247501373291016,46.47999954223633,46.63249969482422,126585600,47.005001068115234,45.92571422031948,44.73839296613421,43.810499827067055,47.040000915527344
2019-03-20,46.557498931884766,47.372501373291016,46.182498931884766,47.040000915527344,124140800,46.63249969482422,46.25642885480608,45.00642885480608,43.92699991861979,48.772499084472656
2019-03-21,47.505001068115234,49.08250045776367,47.45249938964844,48.772499084472656,204136800,47.040000915527344,46.762857164655415,45.36571448189871,44.10074984232585,47.76250076293945
2019-03-22,48.834999084472656,49.42250061035156,47.69499969482422,47.76250076293945,169630800,48.772499084472656,47.096428462437224,45.637142998831614,44.268333180745444,47.185001373291016
2019-03-25,47.87749862670898,47.994998931884766,46.650001525878906,47.185001373291016,175381200,47.76250076293945,47.27535738263811,45.87303597586496,44.42108319600423,46.6974983215332
2019-03-26,47.915000915527344,48.220001220703125,46.14500045776367,46.6974983215332,199202000,47.185001373291016,47.299285888671875,46.09214292253767,44.56574986775716,47.11750030517578
2019-03-27,47.1875,47.43999862670898,46.63750076293945,47.11750030517578,119393600,46.6974983215332,47.31535720825195,46.37732151576451,44.71224988301595,47.18000030517578
2019-03-28,47.23749923706055,47.38999938964844,46.88249969482422,47.18000030517578,83121600,47.11750030517578,47.39357158115932,46.6596429007394,44.866749954223636,47.48749923706055
2019-03-29,47.45750045776367,47.52000045776367,47.1349983215332,47.48749923706055,94256000,47.18000030517578,47.45749991280692,46.8569643838065,45.026333236694335,47.810001373291016
2019-04-01,47.90999984741211,47.91999816894531,47.095001220703125,47.810001373291016,111448000,47.48749923706055,47.320000239780974,47.04142870221819,45.19983329772949,48.505001068115234
2019-04-02,47.772499084472656,48.6150016784668,47.76250076293945,48.505001068115234,91062800,47.810001373291016,47.42607171194894,47.26125008719308,45.392250061035156,48.837501525878906
2019-04-03,48.3125,49.125,48.28749847412109,48.837501525878906,93087200,48.505001068115234,47.662143162318635,47.468750272478374,45.58658345540365,48.92250061035156
2019-04-04,48.6974983215332,49.09249877929688,48.28499984741211,48.92250061035156,76457200,48.837501525878906,47.98000063214983,47.63964326041086,45.79183349609375,49.25
2019-04-05,49.11249923706055,49.275001525878906,48.98249816894531,49.25,74106400,48.92250061035156,48.28464344569615,47.80000032697405,45.99208348592122,50.025001525878906
2019-04-08,49.10499954223633,50.057498931884766,49.084999084472656,50.025001525878906,103526800,49.25,48.691072191510884,48.0423218863351,46.20766690572103,49.875
2019-04-09,50.08000183105469,50.712501525878906,49.807498931884766,49.875,143072800,50.025001525878906,49.03214372907366,48.24482182094029,46.41741689046224,50.15499877929688
2019-04-10,49.66999816894531,50.185001373291016,49.54499816894531,50.15499877929688,86781200,49.875,49.36714335850307,48.34357179914202,46.63200022379557,49.73749923706055
2019-04-11,50.212501525878906,50.25,49.61000061035156,49.73749923706055,83603200,50.15499877929688,49.54321452549526,48.4846431187221,46.84700024922689,49.71749877929688
2019-04-12,49.79999923706055,50.03499984741211,49.0525016784668,49.71749877929688,111042800,49.73749923706055,49.66892841884068,48.66553579057966,47.04616686503093,49.807498931884766
2019-04-15,49.64500045776367,49.962501525878906,49.50249862670898,49.807498931884766,70146400,49.71749877929688,49.79535675048828,48.88767869131906,47.2410001118978,49.8125
2019-04-16,49.8650016784668,50.34249877929688,49.63999938964844,49.8125,102785600,49.807498931884766,49.87571389334543,49.080178669520784,47.43866678873699,50.782501220703125
2019-04-17,49.8849983215332,50.845001220703125,49.65250015258789,50.782501220703125,115627200,49.8125,49.98392813546317,49.33750016348703,47.67708346048992,50.96500015258789
2019-04-18,50.77999877929688,51.03749847412109,50.630001068115234,50.96500015258789,96783200,50.782501220703125,50.13964244297573,49.58589308602469,47.938416798909515,51.13249969482422
2019-04-22,50.70750045776367,51.23500061035156,50.584999084472656,51.13249969482422,77758000,50.96500015258789,50.2792854309082,49.82321439470564,48.20191675821941,51.869998931884766
2019-04-23,51.10749816894531,51.9375,50.97499847412109,51.869998931884766,93292000,51.13249969482422,50.58392824445452,50.063571384974885,48.44008344014487,51.790000915527344
2019-04-24,51.84000015258789,52.119998931884766,51.76250076293945,51.790000915527344,70162400,51.869998931884766,50.87999997820173,50.27446419852121,48.65883344014487,51.31999969482422
2019-04-25,51.70750045776367,51.93999862670898,51.27999877929688,51.31999969482422,74172800,51.790000915527344,51.09607151576451,50.445714133126394,48.85525004069011,51.07500076293945
2019-04-26,51.22499847412109,51.25,50.52999877929688,51.07500076293945,74596400,51.31999969482422,51.276428767613005,50.576071330479216,49.026666768391934,51.15250015258789
2019-04-29,51.09999847412109,51.49250030517578,50.96500015258789,51.15250015258789,88818800,51.07500076293945,51.32928575788225,50.65660694667271,49.180750147501634,50.16749954223633
2019-04-30,50.76499938964844,50.84999847412109,49.77750015258789,50.16749954223633,186139600,51.15250015258789,51.2153570992606,50.677499771118164,49.28616676330567,52.630001068115234
2019-05-01,52.470001220703125,53.82749938964844,52.307498931884766,52.630001068115234,259309200,50.16749954223633,51.429285866873606,50.8542856488909,49.48608347574871,52.28749847412109
2019-05-02,52.459999084472656,53.16249847412109,52.032501220703125,52.28749847412109,127985200,52.630001068115234,51.48892865862165,51.036428451538086,49.66100006103515,52.9375
2019-05-03,52.72249984741211,52.959999084472656,52.557498931884766,52.9375,83569600,52.28749847412109,51.6528570992606,51.26642853873117,49.79983342488607,52.119998931884766
2019-05-06,51.0724983215332,52.209999084472656,50.875,52.119998931884766,129772400,52.9375,51.76714270455496,51.43160711015974,49.94508336385091,50.71500015258789
2019-05-07,51.470001220703125,51.85499954223633,50.20750045776367,50.71500015258789,155054800,52.119998931884766,51.71571404593332,51.49607140677316,50.06274998982747,50.72499847412109
2019-05-08,50.47499847412109,51.334999084472656,50.4375,50.72499847412109,105358000,50.71500015258789,51.65464237758091,51.49196406773159,50.19699999491374,50.18000030517578
2019-05-09,50.09999847412109,50.41999816894531,49.165000915527344,50.18000030517578,139634400,50.72499847412109,51.65642820085798,51.435892650059294,50.29908332824707,49.29499816894531
2019-05-10,49.35499954223633,49.712501525878906,48.192501068115234,49.29499816894531,164834800,50.18000030517578,51.17999921526228,51.30464254106794,50.36958325703939,46.43000030517578
2019-05-13,46.9275016784668,47.369998931884766,45.712501525878906,46.43000030517578,229722400,49.29499816894531,50.343213762555806,50.916071210588726,50.33433329264323,47.165000915527344
2019-05-14,46.602500915527344,47.42499923706055,46.352500915527344,47.165000915527344,146118800,46.43000030517578,49.518571036202566,50.58571406773159,50.31283327738444,47.72999954223633
2019-05-15,46.567501068115234,47.9375,46.505001068115234,47.72999954223633,106178800,47.165000915527344,48.89142826625279,50.32928548540388,50.28699989318848,47.52000045776367
2019-05-16,47.477500915527344,48.11750030517578,47.209999084472656,47.52000045776367,132125600,47.72999954223633,48.43499973842076,50.075356892177034,50.24308319091797,47.25
2019-05-17,46.73249816894531,47.72499847412109,46.68999862670898,47.25,131516400,47.52000045776367,47.938571384974885,49.7966068812779,50.18733317057292,45.772499084472656
2019-05-20,45.880001068115234,46.087501525878906,45.06999969482422,45.772499084472656,154449200,47.25,47.30892835344587,49.482678277151926,50.07141647338867,46.650001525878906
2019-05-21,46.30500030517578,47.0,46.17499923706055,46.650001525878906,113459200,45.772499084472656,46.93107169015067,49.05553545270647,49.95891647338867,45.69499969482422
2019-05-22,46.165000915527344,46.4275016784668,45.63750076293945,45.69499969482422,118994400,46.650001525878906,46.82607160295759,48.584642682756694,49.819583129882815,44.915000915527344
2019-05-23,44.95000076293945,45.1349983215332,44.45249938964844,44.915000915527344,146118800,45.69499969482422,46.50464303152902,48.01160703386579,49.64491653442383,44.74250030517578
2019-05-24,45.04999923706055,45.53499984741211,44.65499877929688,44.74250030517578,94858800,44.915000915527344,46.07785742623465,47.48464284624372,49.47841657002767,44.557498931884766
2019-05-28,44.72999954223633,45.147499084472656,44.477500915527344,44.557498931884766,111792800,44.74250030517578,45.65464292253767,47.044821330479216,49.30641657511392,44.345001220703125
2019-05-29,44.10499954223633,44.837501525878906,44.0,44.345001220703125,113924800,44.557498931884766,45.23964309692383,46.58910724094936,49.124333318074534,44.57500076293945
2019-05-30,44.48749923706055,44.807498931884766,44.16749954223633,44.57500076293945,84873600,44.345001220703125,45.06857190813337,46.18875013078962,48.949750010172515,43.76750183105469
2019-05-31,44.057498931884766,44.497501373291016,43.747501373291016,43.76750183105469,108174400,44.57500076293945,44.656786237444194,45.793928963797434,48.715916697184234,43.32500076293945
2019-06-03,43.900001525878906,44.47999954223633,42.567501068115234,43.32500076293945,161584400,43.76750183105469,44.31821496146066,45.572143282209126,48.461250050862624,44.90999984741211
2019-06-04,43.86000061035156,44.95750045776367,43.630001068115234,44.90999984741211,123872000,43.32500076293945,44.31750052315848,45.41107177734375,48.25383338928222,45.6349983215332
2019-06-05,46.06999969482422,46.247501373291016,45.28499984741211,45.6349983215332,119093600,44.90999984741211,44.445000239780974,45.26142883300781,48.04600003560383,46.30500030517578
2019-06-06,45.77000045776367,46.36750030517578,45.53749847412109,46.30500030517578,90105200,45.6349983215332,44.69464329310826,45.174643107822966,47.86316668192545,47.53749847412109
2019-06-07,46.62749862670898,47.97999954223633,46.442501068115234,47.53749847412109,122737600,46.30500030517578,45.15071432931082,45.19517871311733,47.73708330790201,48.14500045776367
2019-06-10,47.95249938964844,48.84249877929688,47.90499877929688,48.14500045776367,104883600,47.53749847412109,45.660714285714285,45.36464309692383,47.639416631062815,48.70249938964844
2019-06-11,48.71500015258789,49.0,48.400001525878906,48.70249938964844,107731600,48.14500045776367,46.365713936941965,45.51125008719308,47.55774993896484,48.54750061035156
2019-06-12,48.48749923706055,48.99250030517578,48.34749984741211,48.54750061035156,73012800,48.70249938964844,47.11178534371512,45.71500015258789,47.50374997456868,48.53749847412109
2019-06-13,48.67499923706055,49.1974983215332,48.400001525878906,48.53749847412109,86698400,48.54750061035156,47.629999433244976,45.97374997820173,47.36733322143554,48.185001373291016
2019-06-14,47.88750076293945,48.397499084472656,47.57500076293945,48.185001373291016,75046000,48.53749847412109,47.994285583496094,46.21964291163853,47.230583318074544,48.47249984741211
2019-06-17,48.22499847412109,48.7400016784668,48.04249954223633,48.47249984741211,58676400,48.185001373291016,48.30392837524414,46.4992858341762,47.08174997965495,49.61249923706055
2019-06-18,49.01250076293945,50.0724983215332,48.8025016784668,49.61249923706055,106204000,48.47249984741211,48.60035705566406,46.875535692487446,46.99816665649414,49.46749877929688
2019-06-19,49.91999816894531,49.970001220703125,49.32749938964844,49.46749877929688,84496800,49.61249923706055,48.789285387311665,47.22499983651297,46.95658327738444,49.8650016784668
2019-06-20,50.09249877929688,50.15250015258789,49.50749969482422,49.8650016784668,86056000,49.46749877929688,48.955357142857146,47.660535539899556,46.9279167175293,49.69499969482422
2019-06-21,49.70000076293945,50.212501525878906,49.53749847412109,49.69499969482422,191202400,49.8650016784668,49.119285583496094,48.11553546360561,46.91175003051758,49.64500045776367
2019-06-24,49.6349983215332,50.040000915527344,49.54249954223633,49.64500045776367,72881600,49.69499969482422,49.27750015258789,48.45374979291643,46.92341677347819,48.89250183105469
2019-06-25,49.60749816894531,49.81499862670898,48.8224983215332,48.89250183105469,84281200,49.64500045776367,49.37857164655413,48.686428615025115,47.005500157674156,49.95000076293945
2019-06-26,49.442501068115234,50.247501373291016,49.337501525878906,49.95000076293945,104270000,48.89250183105469,49.58964320591518,48.94678579057966,47.09833348592122,49.935001373291016
2019-06-27,50.0724983215332,50.39250183105469,49.89250183105469,49.935001373291016,83598800,49.95000076293945,49.635714939662385,49.11803599766323,47.17183354695638,49.47999954223633
2019-06-28,49.66999816894531,49.875,49.26250076293945,49.47999954223633,124442400,49.935001373291016,49.63750076293945,49.21339307512556,47.23716684977214,50.38750076293945
2019-07-01,50.79249954223633,51.122501373291016,50.16249847412109,50.38750076293945,109012000,49.47999954223633,49.71214348929269,49.33375031607492,47.34175020853679,50.682498931884766
2019-07-02,50.352500915527344,50.782501220703125,50.34000015258789,50.682498931884766,67740800,50.38750076293945,49.85321480887277,49.48625019618443,47.50541687011719,51.102500915527344
2019-07-03,50.81999969482422,51.11000061035156,50.67250061035156,51.102500915527344,45448000,50.682498931884766,50.06142915998186,49.66946465628488,47.6538335164388,51.057498931884766
2019-07-05,50.837501525878906,51.27000045776367,50.72499847412109,51.057498931884766,69062000,51.102500915527344,50.370714460100444,49.87464305332729,47.83258349100749,50.005001068115234
2019-07-08,50.20249938964844,50.34999847412109,49.602500915527344,50.005001068115234,101354400,51.057498931884766,50.37857164655413,49.98410742623465,48.00225016276042,50.310001373291016
2019-07-09,49.79999923706055,50.37749862670898,49.70249938964844,50.310001373291016,82312000,50.005001068115234,50.43214307512556,50.03392900739397,48.18783353169759,50.807498931884766
2019-07-10,50.462501525878906,50.932498931884766,50.38999938964844,50.807498931884766,71588400,50.310001373291016,50.62178584507534,50.129643304007395,48.39616686503093,50.4375
2019-07-11,50.82749938964844,51.09749984741211,50.4275016784668,50.4375,80767200,50.807498931884766,50.62892859322684,50.170536041259766,48.599250157674156,50.82500076293945
2019-07-12,50.61249923706055,51.0,50.54999923706055,50.82500076293945,70380800,50.4375,50.64928599766323,50.251250403267996,48.807583491007485,51.3025016784668
2019-07-15,51.022499084472656,51.46749877929688,51.0,51.3025016784668,67789600,50.82500076293945,50.677857535226,50.36964334760393,49.05875015258789,51.125
2019-07-16,51.147499084472656,51.52750015258789,50.875,51.125,67467200,51.3025016784668,50.687500544956755,50.529107502528596,49.31875012715658,50.837501525878906
2019-07-17,51.01250076293945,51.272499084472656,50.817501068115234,50.837501525878906,56430000,51.125,50.80642918178013,50.592500414167134,49.5163335164388,51.415000915527344
2019-07-18,51.0,51.470001220703125,50.92499923706055,51.415000915527344,74162400,50.837501525878906,50.96428625924246,50.69821466718401,49.70900026957194,50.647499084472656
2019-07-19,51.4474983215332,51.625,50.59000015258789,50.647499084472656,83717200,51.415000915527344,50.941429138183594,50.781607491629465,49.853750228881836,51.80500030517578
2019-07-22,50.91249847412109,51.807498931884766,50.90250015258789,51.80500030517578,89111600,50.647499084472656,51.13678632463728,50.88285745893206,49.99600028991699,52.209999084472656
2019-07-23,52.1150016784668,52.227500915527344,51.8224983215332,52.209999084472656,73420800,51.80500030517578,51.33464322771345,50.991964612688335,50.131500244140625,52.16749954223633
2019-07-24,51.91749954223633,52.28749847412109,51.79249954223633,52.16749954223633,59966400,52.209999084472656,51.4582143511091,51.06803594316755,50.247000249226886,51.755001068115234
2019-07-25,52.22249984741211,52.310001373291016,51.682498931884766,51.755001068115234,55638400,52.16749954223633,51.54821450369699,51.11785752432687,50.35391693115234,51.935001373291016
2019-07-26,51.869998931884766,52.432498931884766,51.78499984741211,51.935001373291016,70475600,51.755001068115234,51.70500019618443,51.25571468898228,50.46716702779134,52.41999816894531
2019-07-29,52.1150016784668,52.65999984741211,52.11000061035156,52.41999816894531,86693600,51.935001373291016,51.848571232386995,51.40642874581473,50.608333587646484,52.19499969482422
2019-07-30,52.18999862670898,52.540000915527344,51.82749938964844,52.19499969482422,135742800,52.41999816894531,52.06964274815151,51.50553594316755,50.73241691589355,53.2599983215332
2019-07-31,54.10499954223633,55.34249877929688,52.82500076293945,53.2599983215332,277125600,52.19499969482422,52.277499607631135,51.70714296613421,50.85400021870931,52.10749816894531
2019-08-01,53.47499847412109,54.50749969482422,51.685001373291016,52.10749816894531,216071600,53.2599983215332,52.26285661969866,51.798749923706055,50.942000198364255,51.005001068115234
2019-08-02,51.38249969482422,51.60749816894531,50.407501220703125,51.005001068115234,163448400,52.10749816894531,52.096785409109934,51.77749988010952,50.9800001780192,48.334999084472656
2019-08-05,49.497501373291016,49.66249847412109,48.14500045776367,48.334999084472656,209572000,51.005001068115234,51.60821369716099,51.57821410042899,50.93466682434082,49.25
2019-08-06,49.07749938964844,49.51750183105469,48.5099983215332,49.25,143299200,48.334999084472656,51.22464207240513,51.46482113429478,50.92150014241536,49.7599983215332
2019-08-07,48.852500915527344,49.88999938964844,48.45500183105469,49.7599983215332,133457600,49.25,50.8446420942034,51.3466066632952,50.95041669209798,50.85749816894531
2019-08-08,50.04999923706055,50.88249969482422,49.84749984741211,50.85749816894531,108038000,49.7599983215332,50.65357044764927,51.36160659790039,50.98066660563151,50.247501373291016
2019-08-09,50.32500076293945,50.68999862670898,49.8224983215332,50.247501373291016,98478800,50.85749816894531,50.22321374075754,51.250356674194336,50.99108327229818,50.119998931884766
2019-08-12,49.90499877929688,50.51250076293945,49.78749847412109,50.119998931884766,89927600,50.247501373291016,49.93928527832031,51.10107094900949,51.01241658528646,52.24250030517578
2019-08-13,50.255001068115234,53.03499984741211,50.119998931884766,52.24250030517578,188874000,50.119998931884766,50.116070883614675,51.106428146362305,51.074249903361,50.6875
2019-08-14,50.790000915527344,51.61000061035156,50.647499084472656,50.6875,146189600,52.24250030517578,50.45214244297573,51.03017807006836,51.07441660563151,50.435001373291016
2019-08-15,50.8650016784668,51.28499984741211,49.91749954223633,50.435001373291016,108909600,50.6875,50.62142835344587,50.923035212925505,51.0521666208903,51.625
2019-08-16,51.06999969482422,51.790000915527344,50.959999084472656,51.625,110481600,50.435001373291016,50.887857164655415,50.86624962942941,51.071083323160806,52.587501525878906
2019-08-19,52.65499877929688,53.182498931884766,52.50749969482422,52.587501525878906,97654400,51.625,51.13500050136021,50.89428547450474,51.15716667175293,52.59000015258789
2019-08-20,52.720001220703125,53.337501525878906,52.58000183105469,52.59000015258789,107537200,52.587501525878906,51.46964318411691,50.846428462437224,51.23316663106282,53.15999984741211
2019-08-21,53.247501373291016,53.41249847412109,52.900001525878906,53.15999984741211,86141600,52.59000015258789,51.90392902919224,50.92160715375628,51.31158332824707,53.1150016784668
2019-08-22,53.29750061035156,53.61000061035156,52.6875,53.1150016784668,89014800,53.15999984741211,52.02857208251953,51.07232148306711,51.40083338419596,50.65999984741211
2019-08-23,52.35749816894531,53.01250076293945,50.25,50.65999984741211,187272000,53.1150016784668,52.02464348929269,51.23839296613421,51.39533335367839,51.622501373291016
2019-08-26,51.46500015258789,51.79750061035156,51.26499938964844,51.622501373291016,104174400,50.65999984741211,52.19428634643555,51.407857349940706,51.40600001017253,51.040000915527344
2019-08-27,51.96500015258789,52.13750076293945,50.88249969482422,51.040000915527344,103493200,51.622501373291016,52.11071504865374,51.49928610665457,51.40316670735677,51.38249969482422
2019-08-28,51.025001525878906,51.43000030517578,50.83000183105469,51.38249969482422,63755200,51.040000915527344,51.93857192993164,51.536786215645925,51.42133331298828,52.25249862670898
2019-08-29,52.125,52.33000183105469,51.665000915527344,52.25249862670898,83962000,51.38249969482422,51.89035742623465,51.68000030517578,51.449249903361,52.185001373291016
2019-08-30,52.540000915527344,52.61249923706055,51.79999923706055,52.185001373291016,84573600,52.25249862670898,51.75107192993164,51.82750047956194,51.50049997965495,51.42499923706055
2019-09-03,51.60749816894531,51.744998931884766,51.05500030517578,51.42499923706055,80092000,52.185001373291016,51.509643009730745,51.76910754612514,51.48783327738444,52.29750061035156
2019-09-04,52.09749984741211,52.369998931884766,51.83000183105469,52.29750061035156,76752400,51.42499923706055,51.74357169015067,51.88410758972168,51.490749994913735,53.31999969482422
2019-09-05,53.0,53.49250030517578,52.87749862670898,53.31999969482422,95654800,52.29750061035156,51.9860714503697,52.09017889840262,51.52916666666667,53.31499862670898
2019-09-06,53.51250076293945,53.60499954223633,53.12749862670898,53.31499862670898,77449200,53.31999969482422,52.31107112339565,52.21089308602469,51.58116658528646,53.54249954223633
2019-09-09,53.709999084472656,54.11000061035156,52.76750183105469,53.54249954223633,109237600,53.31499862670898,52.619642530168804,52.27910723005022,51.63474985758464,54.17499923706055
2019-09-10,53.46500015258789,54.19499969482422,52.9275016784668,54.17499923706055,127111600,53.54249954223633,52.89428547450474,52.3923214503697,51.69324989318848,55.897499084472656
2019-09-11,54.51750183105469,55.9275016784668,54.432498931884766,55.897499084472656,177158400,54.17499923706055,53.42464229038784,52.58785711015974,51.81666653951009,55.772499084472656
2019-09-12,56.20000076293945,56.60499954223633,55.71500015258789,55.772499084472656,128906800,55.897499084472656,54.04571369716099,52.77767835344587,51.90041656494141,54.6875
2019-09-13,55.0,55.1974983215332,54.255001068115234,54.6875,159053200,55.772499084472656,54.387142181396484,53.06535693577358,51.98641662597656,54.97499847412109
2019-09-16,54.432498931884766,55.032501220703125,54.38999938964844,54.97499847412109,84632400,54.6875,54.62357057843889,53.3048210144043,52.11874987284342,55.17499923706055
2019-09-17,54.9900016784668,55.20500183105469,54.77999877929688,55.17499923706055,73274800,54.97499847412109,54.88928495134626,53.60017803737095,52.34674987792969,55.692501068115234
2019-09-18,55.26499938964844,55.712501525878906,54.86000061035156,55.692501068115234,101360000,55.17499923706055,55.19642802647182,53.90803527832031,52.56149991353353,55.2400016784668
2019-09-19,55.50249862670898,55.93999862670898,55.09249877929688,55.2400016784668,88242400,55.692501068115234,55.348571232386995,54.12142835344587,52.744166692097984,54.432498931884766
2019-09-20,55.345001220703125,55.63999938964844,54.36750030517578,54.432498931884766,221652400,55.2400016784668,55.13928549630301,54.28196389334543,52.86333338419596,54.68000030517578
2019-09-23,54.73749923706055,54.959999084472656,54.41249847412109,54.68000030517578,76662000,54.432498931884766,54.98321424211775,54.51446396963937,53.01108334859212,54.41999816894531
2019-09-24,55.25749969482422,55.622501373291016,54.29750061035156,54.41999816894531,124763200,54.68000030517578,54.94499969482422,54.66607093811035,53.15441665649414,55.25749969482422
2019-09-25,54.63750076293945,55.375,54.28499984741211,55.25749969482422,87613600,54.41999816894531,54.985357012067524,54.804463795253206,53.25491663614909,54.97249984741211
2019-09-26,55.0,55.23500061035156,54.70750045776367,54.97249984741211,75334000,55.25749969482422,54.95642852783203,54.92285673958914,53.39774996439616,54.70500183105469
2019-09-27,55.1349983215332,55.2400016784668,54.31999969482422,54.70500183105469,101408000,54.97249984741211,54.81535720825195,55.00589261736189,53.54008331298828,55.99250030517578
2019-09-30,55.22499847412109,56.14500045776367,55.1974983215332,55.99250030517578,103909600,54.70500183105469,54.922857012067524,55.13571412222726,53.68566665649414,56.147499084472656
2019-10-01,56.26750183105469,57.05500030517578,56.04999923706055,56.147499084472656,139223200,55.99250030517578,55.16785703386579,55.1535712650844,53.8043332417806,54.7400016784668
2019-10-02,55.76499938964844,55.89500045776367,54.48249816894531,54.7400016784668,138449200,56.147499084472656,55.17642865862165,55.0798214503697,53.875999959309894,55.20500183105469
2019-10-03,54.60749816894531,55.2400016784668,53.782501220703125,55.20500183105469,114426000,54.7400016784668,55.28857203892299,55.116785866873606,53.94416669209798,56.75249862670898
2019-10-04,56.40999984741211,56.872501373291016,55.97249984741211,56.75249862670898,138478800,55.20500183105469,55.502143314906526,55.24375016348703,54.06541659037272,56.76499938964844
2019-10-07,56.567501068115234,57.48249816894531,56.459999084472656,56.76499938964844,122306000,56.75249862670898,55.75821467808315,55.35732160295759,54.268916575113934,56.09999847412109
2019-10-08,56.45500183105469,57.01499938964844,56.08250045776367,56.09999847412109,111820000,56.76499938964844,55.95749991280692,55.38642856052944,54.41816647847494,56.75749969482422
2019-10-09,56.75749969482422,56.9474983215332,56.40999984741211,56.75749969482422,74770400,56.09999847412109,56.066785539899556,55.49482127598354,54.60874977111816,57.522499084472656
2019-10-10,56.98249816894531,57.61000061035156,56.82500076293945,57.522499084472656,113013600,56.75749969482422,56.263214111328125,55.715535572596956,54.813416417439775,59.0525016784668
2019-10-11,58.23749923706055,59.40999984741211,58.07749938964844,59.0525016784668,166795600,57.522499084472656,56.879285539899556,56.0278570992606,55.040083185831705,58.96749877929688
2019-10-14,58.72499847412109,59.532501220703125,58.66749954223633,58.96749877929688,96427600,59.0525016784668,57.41678510393415,56.35267857142857,55.26616643269857,58.83000183105469
2019-10-15,59.09749984741211,59.41249847412109,58.720001220703125,58.83000183105469,87360000,58.96749877929688,57.71357127598354,56.60785729544504,55.512999852498375,58.59249877929688
2019-10-16,58.34249877929688,58.810001373291016,58.29999923706055,58.59249877929688,73903200,58.83000183105469,57.97464261736189,56.866428647722515,55.72283312479655,58.81999969482422
2019-10-17,58.772499084472656,59.03749847412109,58.380001068115234,58.81999969482422,67585200,58.59249877929688,58.36321422031948,57.1603570665632,55.90616645812988,59.102500915527344
2019-10-18,58.647499084472656,59.39500045776367,58.5724983215332,59.102500915527344,97433600,58.81999969482422,58.69821439470564,57.38249996730259,56.099083201090494,60.12749862670898
2019-10-21,59.380001068115234,60.247501373291016,59.33000183105469,60.12749862670898,87247200,59.102500915527344,59.070357186453684,57.6667856488909,56.318583170572914,59.9900016784668
2019-10-22,60.290000915527344,60.54999923706055,59.90499877929688,59.9900016784668,82293600,60.12749862670898,59.20428575788225,58.0417856488909,56.51241658528646,60.79499816894531
2019-10-23,60.525001525878906,60.810001373291016,60.30500030517578,60.79499816894531,75828800,59.9900016784668,59.4653570992606,58.44107110159738,56.67566655476888,60.89500045776367
2019-10-24,61.12749862670898,61.20000076293945,60.45249938964844,60.89500045776367,69275200,60.79499816894531,59.76035690307617,58.736964089529856,56.84641660054525,61.64500045776367
2019-10-25,60.790000915527344,61.682498931884766,60.720001220703125,61.64500045776367,73477200,60.89500045776367,60.19642857142857,59.08553559439523,57.0783332824707,62.26250076293945
2019-10-28,61.85499954223633,62.3125,61.68000030517578,62.26250076293945,96572800,61.64500045776367,60.688214438302175,59.52571432931082,57.32125002543132,60.8224983215332
2019-10-29,62.24250030517578,62.4375,60.64250183105469,60.8224983215332,142839600,62.26250076293945,60.93392835344587,59.816071374075754,57.50949999491374,60.81499862670898
2019-10-30,61.18999862670898,61.32500076293945,60.3025016784668,60.81499862670898,124522000,60.8224983215332,61.032142639160156,60.05124991280692,57.68024991353353,62.18999862670898
2019-10-31,61.810001373291016,62.29249954223633,59.31499862670898,62.18999862670898,139162000,60.81499862670898,61.34642791748047,60.275356837681365,57.911916478474936,63.95500183105469
2019-11-01,62.3849983215332,63.98249816894531,62.290000915527344,63.95500183105469,151125200,62.18999862670898,61.797857012067524,60.63160705566406,58.2293332417806,64.375
2019-11-04,64.3324966430664,64.4625015258789,63.845001220703125,64.375,103272000,63.95500183105469,62.29499980381557,61.02767835344587,58.55249989827474,64.28250122070312
2019-11-05,64.26249694824219,64.54750061035156,64.08000183105469,64.28250122070312,79897600,64.375,62.67178562709263,61.4341070992606,58.88125,64.30999755859375
2019-11-06,64.19249725341797,64.37249755859375,63.84249877929688,64.30999755859375,75864400,64.28250122070312,62.96428516932896,61.82624980381557,59.18299992879232,64.85749816894531
2019-11-07,64.68499755859375,65.0875015258789,64.52749633789062,64.85749816894531,94940400,64.30999755859375,63.54071371895926,62.237321036202566,59.51249987284343,65.03500366210938
2019-11-08,64.67250061035156,65.11000061035156,64.2125015258789,65.03500366210938,69986400,64.85749816894531,64.14357158115932,62.58785711015974,59.85683326721191,65.55000305175781
2019-11-11,64.57499694824219,65.61750030517578,64.56999969482422,65.55000305175781,81821200,65.03500366210938,64.62357221330915,62.98500006539481,60.17541669209798,65.48999786376953
2019-11-12,65.38749694824219,65.69750213623047,65.2300033569336,65.48999786376953,87388800,65.55000305175781,64.84285736083984,63.320357186453684,60.486833318074545,66.11750030517578
2019-11-13,65.28250122070312,66.19499969482422,65.26750183105469,66.11750030517578,102734400,65.48999786376953,65.09178597586495,63.69339288984026,60.86608327229818,65.66000366210938
2019-11-14,65.9375,66.22000122070312,65.5250015258789,65.66000366210938,89182800,66.11750030517578,65.288572038923,63.98017883300781,61.21458333333333,66.44000244140625
2019-11-15,65.91999816894531,66.44499969482422,65.75250244140625,66.44000244140625,100206400,65.66000366210938,65.59285845075335,64.27857181004116,61.53750012715658,66.7750015258789
2019-11-18,66.44999694824219,66.85749816894531,66.05750274658203,66.7750015258789,86703200,66.44000244140625,65.86678750174386,64.70375061035156,61.87116686503092,66.57250213623047
2019-11-19,66.9749984741211,67.0,66.34750366210938,66.57250213623047,76167200,66.7750015258789,66.08643014090401,65.11500086103167,62.22025032043457,65.79750061035156
2019-11-20,66.38500213623047,66.5199966430664,65.0999984741211,65.79750061035156,106234400,66.57250213623047,66.12178693498883,65.37267957414899,62.52158368428548,65.50250244140625
2019-11-21,65.92250061035156,66.00250244140625,65.29499816894531,65.50250244140625,121395200,65.79750061035156,66.12357330322266,65.48321533203125,62.78758379618327,65.44499969482422
2019-11-22,65.64749908447266,65.79499816894531,65.20999908447266,65.44499969482422,65325200,65.50250244140625,66.02750178745815,65.55964388166156,63.000667063395184,66.59249877929688
2019-11-25,65.67749786376953,66.61000061035156,65.62999725341797,66.59249877929688,84020400,65.44499969482422,66.16071537562779,65.72464370727539,63.25483373006185,66.07250213623047
2019-11-26,66.73500061035156,66.79000091552734,65.625,66.07250213623047,105207600,66.59249877929688,66.10821533203125,65.8505368913923,63.49625040690104,66.95999908447266
2019-11-27,66.3949966430664,66.99500274658203,66.32749938964844,66.95999908447266,65235600,66.07250213623047,66.1346435546875,66.00071552821568,63.775167083740236,66.8125
2019-11-29,66.6500015258789,67.0,66.4749984741211,66.8125,46617600,66.95999908447266,66.16892896379743,66.12767955235073,64.04158376057943,66.04000091552734
2019-12-02,66.81749725341797,67.0625,65.86250305175781,66.04000091552734,94487200,66.8125,66.20357186453683,66.16267939976284,64.27283376057943,64.86250305175781
2019-12-03,64.57749938964844,64.88249969482422,64.07250213623047,64.86250305175781,114430400,66.04000091552734,66.11214338030133,66.117858341762,64.43066724141438,65.43499755859375
2019-12-04,65.26750183105469,65.82749938964844,65.16999816894531,65.43499755859375,67181600,64.86250305175781,66.11071450369698,66.06910814557757,64.61216710408529,66.3949966430664
2019-12-05,65.94750213623047,66.47250366210938,65.68250274658203,66.3949966430664,74424400,65.43499755859375,66.08249991280692,66.12160764421735,64.79883371988932,67.67749786376953
2019-12-06,66.87000274658203,67.75,66.82499694824219,67.67749786376953,106075600,66.3949966430664,66.31178501674107,66.21000017438617,65.02491696675618,66.7300033569336
2019-12-09,67.5,67.69999694824219,66.22750091552734,66.7300033569336,128042400,67.67749786376953,66.2789284842355,66.20678601946149,65.19441706339518,67.12000274658203
2019-12-10,67.1500015258789,67.51750183105469,66.46499633789062,67.12000274658203,90420400,66.7300033569336,66.32285744803292,66.24589320591518,65.35633379618326,67.69249725341797
2019-12-11,67.20249938964844,67.7750015258789,67.125,67.69249725341797,78756800,67.12000274658203,66.55892835344586,66.38125010899135,65.58533376057943,67.86499786376953
2019-12-12,66.94499969482422,68.13999938964844,66.83000183105469,67.86499786376953,137310400,67.69249725341797,66.98785618373326,66.5499997820173,65.82033373514811,68.7874984741211
2019-12-13,67.86499786376953,68.82499694824219,67.73249816894531,68.7874984741211,133587600,67.86499786376953,67.46678488595145,66.78874969482422,66.04025039672851,69.96499633789062
2019-12-16,69.25,70.19750213623047,69.24500274658203,69.96499633789062,128186000,68.7874984741211,67.97678484235492,67.02964237758091,66.24058354695639,70.10250091552734
2019-12-17,69.89250183105469,70.44249725341797,69.69999694824219,70.10250091552734,114158400,69.96499633789062,68.32321384974888,67.31749943324498,66.43150024414062,69.93499755859375
2019-12-18,69.94999694824219,70.4749984741211,69.77999877929688,69.93499755859375,116028400,70.10250091552734,68.78107016427177,67.52999932425362,66.61991678873697,70.00499725341797
2019-12-19,69.875,70.29499816894531,69.73750305175781,70.00499725341797,98369200,69.93499755859375,69.1932122366769,67.75803484235492,66.80975011189778,69.86000061035156
2019-12-20,70.55750274658203,70.6624984741211,69.63999938964844,69.86000061035156,275978000,70.00499725341797,69.5028555733817,68.03089196341378,66.976500193278,71.0
2019-12-23,70.13249969482422,71.0625,70.09249877929688,71.0,98572000,69.86000061035156,69.95071302141461,68.46928460257394,67.17533340454102,71.06749725341797
2019-12-24,71.17250061035156,71.22250366210938,70.7300033569336,71.06749725341797,48478800,71.0,70.27642713274274,68.8716060093471,67.35924987792968,72.47750091552734
2019-12-26,71.20500183105469,72.49500274658203,71.17500305175781,72.47750091552734,93121200,71.06749725341797,70.63535635811942,69.30607060023716,67.59216664632162,72.44999694824219
2019-12-27,72.77999877929688,73.49250030517578,72.02999877929688,72.44999694824219,146266000,72.47750091552734,70.97071293422154,69.64696339198521,67.80324986775716,72.87999725341797
2019-12-30,72.36499786376953,73.17250061035156,71.30500030517578,72.87999725341797,144114400,72.44999694824219,71.39142717633929,70.08624867030552,68.04391632080078,73.4124984741211
2019-12-31,72.48249816894531,73.41999816894531,72.37999725341797,73.4124984741211,100805600,72.87999725341797,71.87821306501117,70.53571265084403,68.27633285522461,75.0875015258789
2020-01-02,74.05999755859375,75.1500015258789,73.79750061035156,75.0875015258789,135480400,73.4124984741211,72.62499891008649,71.06392724173409,68.55341618855795,74.35749816894531
2020-01-03,74.2874984741211,75.1449966430664,74.125,74.35749816894531,146322800,75.0875015258789,73.10464150565011,71.52767726353237,68.8129160563151,74.94999694824219
2020-01-06,73.44750213623047,74.98999786376953,73.1875,74.94999694824219,118387200,74.35749816894531,73.65928431919643,71.96785572596959,69.11799926757813,74.59750366210938
2020-01-07,74.95999908447266,75.2249984741211,74.37000274658203,74.59750366210938,108872000,74.94999694824219,73.96214185442243,72.29874910627093,69.4211659749349,75.79750061035156
2020-01-08,74.29000091552734,76.11000061035156,74.29000091552734,75.79750061035156,132079200,74.59750366210938,74.4403566632952,72.70553479875836,69.76624933878581,77.40750122070312
2020-01-09,76.80999755859375,77.60749816894531,76.55000305175781,77.40750122070312,170108400,75.79750061035156,75.08714294433594,73.23928506033761,70.12674942016602,77.5824966430664
2020-01-10,77.6500015258789,78.1675033569336,77.0625,77.5824966430664,140644800,77.40750122070312,75.68285696847099,73.78053501674107,70.5104159037272,79.23999786376953
2020-01-13,77.91000366210938,79.26750183105469,77.7874984741211,79.23999786376953,121532000,77.5824966430664,76.27607073102679,74.45053482055664,70.91974919637045,78.16999816894531
2020-01-14,79.17500305175781,79.39250183105469,78.0425033569336,78.16999816894531,161954400,79.23999786376953,76.82071358816964,74.96267754690987,71.29833246866862,77.83499908447266
2020-01-15,77.9625015258789,78.875,77.38749694824219,77.83499908447266,121923600,78.16999816894531,77.23285675048828,75.44607053484235,71.69149907430013,78.80999755859375
2020-01-16,78.39749908447266,78.92500305175781,78.02249908447266,78.80999755859375,108829200,77.83499908447266,77.8346415928432,75.89839172363281,72.15641555786132,79.68250274658203
2020-01-17,79.06749725341797,79.68499755859375,78.75,79.68250274658203,137816400,78.80999755859375,78.38964189801898,76.41499928065709,72.63133239746094,79.14250183105469
2020-01-21,79.29750061035156,79.75499725341797,79.0,79.14250183105469,110843200,79.68250274658203,78.6374991280692,76.86232103620257,73.05624923706054,79.42500305175781
2020-01-22,79.6449966430664,79.99749755859375,79.32749938964844,79.42500305175781,101832400,79.14250183105469,78.90071432931083,77.29178564889091,73.44783274332683,79.80750274658203
2020-01-23,79.4800033569336,79.88999938964844,78.9124984741211,79.80750274658203,104472000,79.42500305175781,78.9817864554269,77.62892859322685,73.88374938964844,79.57749938964844
2020-01-24,80.0625,80.8324966430664,79.37999725341797,79.57749938964844,146537600,79.80750274658203,79.18285805838448,78.00178582327706,74.29899927775065,77.23750305175781
2020-01-27,77.51499938964844,77.94249725341797,76.22000122070312,77.23750305175781,161940000,79.57749938964844,79.09750148228237,78.16517911638532,74.6171661376953,79.42250061035156
2020-01-28,78.1500015258789,79.5999984741211,78.04750061035156,79.42250061035156,162234000,77.23750305175781,79.18500191824776,78.50982175554547,75.00241622924804,81.08499908447266
2020-01-29,81.11250305175781,81.9625015258789,80.34500122070312,81.08499908447266,216229200,79.42250061035156,79.38535853794643,78.8875002179827,75.41233291625977,80.96749877929688
2020-01-30,80.13500213623047,81.02249908447266,79.6875,80.96749877929688,126743200,81.08499908447266,79.64607238769531,79.14178575788226,75.77908299763997,77.37750244140625
2020-01-31,80.23249816894531,80.66999816894531,77.07250213623047,77.37750244140625,199588400,80.96749877929688,79.35357230050224,79.12714331490653,76.0215830485026,77.16500091552734
2020-02-03,76.07499694824219,78.37249755859375,75.55500030517578,77.16500091552734,173788400,77.37750244140625,78.976072038923,78.97892924717495,76.2625831604004,79.7125015258789
2020-02-04,78.82749938964844,79.91000366210938,78.40750122070312,79.7125015258789,136616400,77.16500091552734,78.99535805838448,79.08910805838448,76.58616663614909,80.36250305175781
2020-02-05,80.87999725341797,81.19000244140625,79.73750305175781,80.36250305175781,118826800,79.7125015258789,79.44178662981305,79.26964405604771,76.93625005086263,81.30249786376953
2020-02-06,80.64250183105469,81.30500030517578,80.06500244140625,81.30249786376953,105425600,80.36250305175781,79.71035766601562,79.4476797921317,77.27966664632162,80.00749969482422
2020-02-07,80.59249877929688,80.8499984741211,79.5,80.00749969482422,117684000,81.30249786376953,79.55642918178013,79.47089385986328,77.57766672770182,80.38749694824219
2020-02-10,78.54499816894531,80.38749694824219,78.4625015258789,80.38749694824219,109348800,80.00749969482422,79.47357177734375,79.55982208251953,77.84133326212564,79.90249633789062
2020-02-11,80.9000015258789,80.9749984741211,79.67749786376953,79.90249633789062,94323200,80.38749694824219,79.83428519112724,79.59392874581474,78.08974990844726,81.80000305175781
2020-02-12,80.36750030517578,81.80500030517578,80.36750030517578,81.80000305175781,113730400,79.90249633789062,80.49642835344586,79.73625019618443,78.3870834350586,81.21749877929688
2020-02-13,81.04750061035156,81.55500030517578,80.8375015258789,81.21749877929688,94747600,81.80000305175781,80.711427961077,79.85339300973075,78.64725011189779,81.23750305175781
2020-02-14,81.18499755859375,81.49500274658203,80.7125015258789,81.23750305175781,80113600,81.21749877929688,80.836427961077,80.13910729544503,78.85225016276041,79.75
2020-02-18,78.83999633789062,79.9375,78.65249633789062,79.75,152531200,81.23750305175781,80.61464255196708,80.16250010899135,79.03200022379558,80.90499877929688
2020-02-19,80.0,81.14250183105469,80.0,80.90499877929688,93984000,79.75,80.74285670689174,80.14964294433594,79.23050028483073,80.07499694824219
2020-02-20,80.65750122070312,81.1624984741211,79.55249786376953,80.07499694824219,100566000,80.90499877929688,80.69821384974888,80.08589281354632,79.41308339436848,78.26249694824219
2020-02-21,79.65499877929688,80.11250305175781,77.625,78.26249694824219,129554000,80.07499694824219,80.46392822265625,80.14910670689174,79.49524993896485,74.54499816894531
2020-02-24,74.31500244140625,76.04499816894531,72.30750274658203,74.54499816894531,222195200,78.26249694824219,79.42749895368304,79.96196365356445,79.39983317057292,72.0199966430664
2020-02-25,75.23750305175781,75.63249969482422,71.53250122070312,72.0199966430664,230673600,74.54499816894531,78.11357007707868,79.41249901907784,79.21441650390625,73.1624984741211
2020-02-26,71.63249969482422,74.47000122070312,71.625,73.1624984741211,198054800,72.0199966430664,76.95999799455915,78.89821297781808,79.01183319091797,68.37999725341797
2020-02-27,70.2750015258789,71.5,68.23999786376953,68.37999725341797,320605600,73.1624984741211,75.33571188790458,77.97517721993583,78.68549982706706,68.33999633789062
2020-02-28,64.31500244140625,69.60250091552734,64.09249877929688,68.33999633789062,426510000,68.37999725341797,73.54071153913226,77.141784123012,78.36899973551432,74.70249938964844
2020-03-02,70.56999969482422,75.36000061035156,69.43000030517578,74.70249938964844,341397200,68.33999633789062,72.77321188790458,76.73571286882672,78.23208312988281,72.33000183105469
2020-03-03,75.9175033569336,76.0,71.44999694824219,72.33000183105469,319475600,74.70249938964844,71.92571258544922,76.19482040405273,77.9869997660319,75.68499755859375
2020-03-04,74.11000061035156,75.8499984741211,73.28250122070312,75.68499755859375,219178400,72.33000183105469,72.08856964111328,75.75803429739815,77.87174962361654,73.2300033569336
2020-03-05,73.87999725341797,74.88749694824219,72.85250091552734,73.2300033569336,187572800,75.68499755859375,72.2614277430943,75.18749891008649,77.66524963378906,72.25749969482422
2020-03-06,70.5,72.70500183105469,70.30750274658203,72.25749969482422,226176800,73.2300033569336,72.13214220319476,74.54607009887695,77.41358286539713,66.5425033569336
2020-03-09,65.9375,69.52249908447266,65.75,66.5425033569336,286744800,72.25749969482422,71.86964307512555,73.60267748151507,76.97908299763998,71.33499908447266
2020-03-10,69.28500366210938,71.61000061035156,67.34249877929688,71.33499908447266,285290000,66.5425033569336,72.29750061035156,72.9191060747419,76.78233286539714,68.85749816894531
2020-03-11,69.34750366210938,70.30500030517578,67.96499633789062,68.85749816894531,255598800,71.33499908447266,71.4625004359654,72.117856161935,76.43016611735025,62.057498931884766
2020-03-12,63.98500061035156,67.5,62.0,62.057498931884766,418474000,68.85749816894531,69.99500002179828,70.96035630362374,75.795916112264,69.49250030517578
2020-03-13,66.22250366210938,69.9800033569336,63.23749923706055,69.49250030517578,370732000,62.057498931884766,69.11035755702427,70.59946359906878,75.41341616312663,60.5525016784668
2020-03-16,60.48749923706055,64.7699966430664,60.0,60.5525016784668,322423600,69.49250030517578,67.29928588867188,69.7803568158831,74.85258280436197,63.21500015258789
2020-03-17,61.87749862670898,64.40249633789062,59.59999847412109,63.21500015258789,324056000,60.5525016784668,66.00750023978097,69.06982122148786,74.38758277893066,61.66749954223633
2020-03-18,59.942501068115234,62.5,59.27999877929688,61.66749954223633,300233600,63.21500015258789,65.31107112339565,68.5903570992606,73.78608271280925,61.19499969482422
2020-03-19,61.84749984741211,63.209999084472656,60.65250015258789,61.19499969482422,271857200,61.66749954223633,63.8624997820173,68.08000019618443,73.1471659342448,57.310001373291016
2020-03-20,61.79499816894531,62.95750045776367,57.0,57.310001373291016,401693200,61.19499969482422,62.21285738263811,66.83767890930176,72.34741605122885,56.09249877929688
2020-03-23,57.02000045776367,57.125,53.15250015258789,56.09249877929688,336752800,57.310001373291016,61.36071450369699,65.67785726274762,71.5502493540446,61.720001220703125
2020-03-24,59.09000015258789,61.92250061035156,58.57500076293945,61.720001220703125,287531200,56.09249877929688,60.250357491629465,64.68035752432687,70.92799949645996,61.380001068115234
2020-03-25,62.6875,64.5625,61.07500076293945,61.380001068115234,303602000,61.720001220703125,60.36857169015067,63.833928789411274,70.31058298746744,64.61000061035156
2020-03-26,61.630001068115234,64.66999816894531,61.59000015258789,64.61000061035156,252087200,61.380001068115234,60.567857469831196,63.28767885480608,69.73758290608724,61.935001373291016
2020-03-27,63.1875,63.96749877929688,61.76250076293945,61.935001373291016,204216800,64.61000061035156,60.606072017124724,62.95857157026018,69.0948329925537,63.70249938964844
2020-03-30,62.685001373291016,63.880001068115234,62.34999847412109,63.70249938964844,167976400,61.935001373291016,60.96428625924246,62.41339302062988,68.5103328704834,63.5724983215332
2020-03-31,63.900001525878906,65.62249755859375,63.0,63.5724983215332,197002000,63.70249938964844,61.85892868041992,62.03589303152902,67.97108281453451,60.227500915527344
2020-04-01,61.625,62.18000030517578,59.782501220703125,60.227500915527344,176218400,63.5724983215332,62.44964327130999,61.90517888750349,67.28183288574219,61.23249816894531
2020-04-02,60.084999084472656,61.28749847412109,59.22499847412109,61.23249816894531,165934000,60.227500915527344,62.37999997820173,61.3151787349156,66.65374959309896,60.352500915527344
2020-04-03,60.70000076293945,61.42499923706055,59.74250030517578,60.352500915527344,129880000,61.23249816894531,62.23321424211775,61.30089296613421,66.0567497253418,65.61750030517578
2020-04-06,62.72499847412109,65.77749633789062,62.345001220703125,65.61750030517578,201820400,60.352500915527344,62.37714276994978,61.47250011989048,65.75916646321615,64.85749816894531
2020-04-07,67.69999694824219,67.92500305175781,64.75,64.85749816894531,202887200,65.61750030517578,62.794642312186106,61.700357164655415,65.52041651407878,66.51750183105469
2020-04-08,65.68499755859375,66.84249877929688,65.30750274658203,66.51750183105469,168895200,64.85749816894531,63.19678551810129,62.080535888671875,65.29891662597656,66.99749755859375
2020-04-09,67.17500305175781,67.51750183105469,66.17500305175781,66.99749755859375,161834800,66.51750183105469,63.68607112339565,62.772499901907786,65.25283330281576,68.3125
2020-04-13,67.07749938964844,68.42500305175781,66.4574966430664,68.3125,131022800,66.99749755859375,64.84107099260602,63.64535713195801,65.2519167582194,71.76249694824219
2020-04-14,70.0,72.0625,69.51249694824219,71.76249694824219,194994800,68.3125,66.34535653250558,64.36267825535366,65.15391667683919,71.10749816894531
2020-04-15,70.5999984741211,71.5824966430664,70.15750122070312,71.10749816894531,131154400,71.76249694824219,67.88178471156529,65.05749947684151,65.11316655476888,71.67250061035156
2020-04-16,71.84500122070312,72.05000305175781,70.5875015258789,71.67250061035156,157125200,71.10749816894531,68.74678475516183,65.5619637625558,64.97941665649414,70.69999694824219
2020-04-17,71.17250061035156,71.73750305175781,69.21499633789062,70.69999694824219,215250000,71.67250061035156,69.58142743791852,66.18803487505231,64.89508310953777,69.23249816894531
2020-04-20,69.48750305175781,70.41999816894531,69.2125015258789,69.23249816894531,130015200,70.69999694824219,69.96928405761719,66.58303478785923,64.7942497253418,67.09249877929688
2020-04-21,69.06999969482422,69.3125,66.35749816894531,67.09249877929688,180991600,69.23249816894531,69.98285566057477,66.83446339198521,64.81258290608724,69.0250015258789
2020-04-22,68.40249633789062,69.4749984741211,68.05000305175781,69.0250015258789,116862400,67.09249877929688,70.0846415928432,67.46285629272461,64.73558298746745,68.75749969482422
2020-04-23,68.96749877929688,70.4375,68.71749877929688,68.75749969482422,124814400,69.0250015258789,69.65535627092633,68.00035640171596,64.73224970499675,70.74250030517578
2020-04-24,69.30000305175781,70.75250244140625,69.25,70.74250030517578,126161200,68.75749969482422,69.60321371895927,68.74249921526227,65.02174975077311,70.7925033569336
2020-04-27,70.44999694824219,71.13500213623047,69.98750305175781,70.7925033569336,117087600,70.74250030517578,69.47749982561383,69.11214229038784,65.06508318583171,69.6449966430664
2020-04-28,71.2699966430664,71.4574966430664,69.55000305175781,69.6449966430664,112004800,70.7925033569336,69.32678549630302,69.45410646711078,65.36816635131837,71.93250274658203
2020-04-29,71.18250274658203,72.4175033569336,70.97250366210938,71.93250274658203,137280800,69.6449966430664,69.7125004359654,69.8408922467913,65.65874977111817,73.44999694824219
2020-04-30,72.48999786376953,73.63249969482422,72.0875015258789,73.44999694824219,183064000,71.93250274658203,70.62071446010044,70.30178506033761,66.05149968465169,72.26750183105469
2020-05-01,71.5625,74.75,71.4625015258789,72.26750183105469,240616800,73.44999694824219,71.08392878941127,70.58428519112724,66.4205830891927,73.29000091552734
2020-05-04,72.2925033569336,73.42250061035156,71.58000183105469,73.29000091552734,133568000,72.26750183105469,71.73142896379743,70.69339261736188,66.95324974060058,74.38999938964844
2020-05-05,73.76499938964844,75.25,73.61499786376953,74.38999938964844,147751200,73.29000091552734,72.25250026157924,70.92785699026925,67.5631664276123,75.15750122070312
2020-05-06,75.11499786376953,75.80999755859375,74.71749877929688,75.15750122070312,142333600,74.38999938964844,72.87607138497489,71.17678560529437,68.01108309427897,75.93499755859375
2020-05-07,75.80500030517578,76.2925033569336,75.49250030517578,75.93499755859375,115215200,75.15750122070312,73.77464294433594,71.55071422031948,68.49624964396159,77.53250122070312
2020-05-08,76.41000366210938,77.5875015258789,76.07250213623047,77.53250122070312,133838400,75.93499755859375,74.57464272635323,72.14357158115932,68.92699966430663,78.75250244140625
2020-05-11,77.0250015258789,79.26249694824219,76.80999755859375,78.75250244140625,145946400,77.53250122070312,75.33214351109096,72.9764289855957,69.48758303324381,77.85250091552734
2020-05-12,79.4574966430664,79.92250061035156,77.72750091552734,77.85250091552734,162301200,78.75250244140625,76.13000052315849,73.60696465628487,69.95924975077311,76.9124984741211
2020-05-13,78.0374984741211,78.98750305175781,75.80249786376953,76.9124984741211,200622400,77.85250091552734,76.64750017438617,74.1894645690918,70.40391642252604,77.38500213623047
2020-05-14,76.12750244140625,77.44750213623047,75.38249969482422,77.38500213623047,158929200,76.9124984741211,77.07535770961216,74.6639289855957,70.97583312988282,76.92749786376953
2020-05-15,75.0875015258789,76.9749984741211,75.05249786376953,76.92749786376953,166348400,77.38500213623047,77.32821437290737,75.10214287894112,71.49899978637696,78.73999786376953
2020-05-18,78.2925033569336,79.125,77.58000183105469,78.73999786376953,135178400,76.92749786376953,77.7289287022182,75.75178582327706,72.11191635131836,78.28500366210938
2020-05-19,78.75749969482422,79.62999725341797,78.25250244140625,78.28500366210938,101729600,78.73999786376953,77.83642905099052,76.20553588867188,72.53416646321615,79.80750274658203
2020-05-20,79.16999816894531,79.87999725341797,79.12999725341797,79.80750274658203,111504800,78.28500366210938,77.98714338030133,76.65964344569615,73.03249994913737,79.2125015258789
2020-05-21,79.66500091552734,80.22250366210938,78.96749877929688,79.2125015258789,102688800,79.80750274658203,78.18142918178013,77.1557148524693,73.4556666056315,79.72250366210938
2020-05-22,78.94249725341797,79.80750274658203,78.8375015258789,79.72250366210938,81803200,79.2125015258789,78.58285849434989,77.61517933436802,73.8798334757487,79.18250274658203
2020-05-26,80.875,81.05999755859375,79.125,79.18250274658203,125522000,79.72250366210938,78.83964429582868,77.95750100272042,74.24216690063477,79.52749633789062
2020-05-27,79.03500366210938,79.67749786376953,78.27249908447266,79.52749633789062,112945200,79.18250274658203,79.21107264927456,78.26964351109096,74.50100021362304,79.5625
2020-05-28,79.19249725341797,80.86000061035156,78.90750122070312,79.5625,133560800,79.52749633789062,79.32857295445034,78.52875082833427,74.78283360799153,79.48500061035156
2020-05-29,79.8125,80.2874984741211,79.11750030517578,79.48500061035156,153532400,79.5625,79.50000108991351,78.668215070452,75.0432502746582,80.4625015258789
2020-06-01,79.4375,80.5875015258789,79.30249786376953,80.4625015258789,80791200,79.48500061035156,79.59357234409877,78.79035786220005,75.36866709391276,80.83499908447266
2020-06-02,80.1875,80.86000061035156,79.73249816894531,80.83499908447266,87642800,80.4625015258789,79.82535770961216,79.00339344569615,75.75541712443034,81.27999877929688
2020-06-03,81.16500091552734,81.55000305175781,80.57499694824219,81.27999877929688,104491200,80.83499908447266,80.04785701206752,79.3153577532087,76.228333791097,80.58000183105469
2020-06-04,81.09750366210938,81.40499877929688,80.19499969482422,80.58000183105469,87560400,81.27999877929688,80.24749973842076,79.54357201712472,76.61350046793619,82.875
2020-06-05,80.8375015258789,82.9375,80.80750274658203,82.875,137250400,80.58000183105469,80.72571454729352,79.96839359828404,77.08408381144206,83.36499786376953
2020-06-08,82.5625,83.4000015258789,81.83000183105469,83.36499786376953,95654400,82.875,81.26892852783203,80.29875074114118,77.50483373006185,85.99749755859375
2020-06-09,83.03500366210938,86.40249633789062,83.00250244140625,85.99749755859375,147712400,83.36499786376953,82.19928523472377,80.84964316231864,78.01166687011718,88.20999908447266
2020-06-10,86.9749984741211,88.69249725341797,86.52249908447266,88.20999908447266,166651600,85.99749755859375,83.30607060023716,81.44982147216797,78.63050028483073,83.9749984741211
2020-06-11,87.32749938964844,87.76499938964844,83.87000274658203,83.9749984741211,201662400,88.20999908447266,83.75464194161552,81.78999982561383,79.03191680908203,84.69999694824219
2020-06-12,86.18000030517578,86.94999694824219,83.55500030517578,84.69999694824219,200146000,83.9749984741211,84.2432131086077,82.14553506033761,79.40691680908203,85.74749755859375
2020-06-15,83.3125,86.41999816894531,83.1449966430664,85.74749755859375,138808800,84.69999694824219,84.98142678397042,82.6144632611956,79.85625,88.0199966430664
2020-06-16,87.86499786376953,88.30000305175781,86.18000030517578,88.0199966430664,165428800,85.74749755859375,85.71642630440849,83.22107042585101,80.34724985758463,87.89749908447266
2020-06-17,88.7874984741211,88.8499984741211,87.77249908447266,87.89749908447266,114406400,88.0199966430664,86.36392647879464,83.81642750331334,80.79749984741211,87.93250274658203
2020-06-18,87.85250091552734,88.36250305175781,87.30500030517578,87.93250274658203,96820400,87.89749908447266,86.6403557913644,84.41982051304409,81.22333323160807,87.43000030517578
2020-06-19,88.66000366210938,89.13999938964844,86.2874984741211,87.43000030517578,264476000,87.93250274658203,86.52892739432198,84.91749899727958,81.60649998982747,89.71749877929688
2020-06-22,87.83499908447266,89.86499786376953,87.7874984741211,89.71749877929688,135445200,87.43000030517578,87.34928458077567,85.5519632611956,82.01266657511393,91.63249969482422
2020-06-23,91.0,93.09500122070312,90.56749725341795,91.63249969482422,212155600,89.71749877929688,88.33964211600167,86.29142761230469,82.44199981689454,90.01499938964844
2020-06-24,91.25,92.19750213623048,89.62999725341797,90.01499938964844,192623200,91.63249969482422,88.94928523472377,86.9653560093471,82.84741643269857,91.20999908447266
2020-06-25,90.1750030517578,91.25,89.39250183105469,91.20999908447266,137522400,90.01499938964844,89.40499986921039,87.56071308680943,83.32399978637696,88.40750122070312
2020-06-26,91.10250091552734,91.33000183105467,88.25499725341797,88.40750122070312,205256800,91.20999908447266,89.4778573172433,87.92089189801898,83.69141642252605,90.44499969482422
2020-06-29,88.3125,90.5425033569336,87.81999969482422,90.44499969482422,130646000,88.40750122070312,89.83678545270648,88.23857062203544,84.14199981689453,91.1999969482422
2020-06-30,90.0199966430664,91.49500274658205,90.0,91.1999969482422,140223200,90.44499969482422,90.37535640171596,88.45214189801898,84.5573331197103,91.02749633789062
2020-07-01,91.27999877929688,91.83999633789062,90.97750091552734,91.02749633789062,110737200,91.1999969482422,90.56249891008649,88.95589174543109,84.98208287556966,91.02749633789062
2020-07-02,91.9625015258789,92.61750030517578,90.91000366210938,91.02749633789062,114041600,91.02749633789062,90.47606985909599,89.40785598754883,85.35608266194662,93.4625015258789
2020-07-06,92.5,93.94499969482422,92.46749877929688,93.4625015258789,118655600,91.02749633789062,90.96857016427177,89.95892769949776,85.83108266194661,93.17250061035156
2020-07-07,93.85250091552734,94.65499877929688,93.05750274658205,93.17250061035156,112424400,93.4625015258789,91.24892752511161,90.32696369716099,86.27941589355468,95.34249877929688
2020-07-08,94.18000030517578,95.375,94.08999633789062,95.34249877929688,117092000,93.17250061035156,92.23964146205357,90.85874938964844,86.81808242797851,95.75250244140624
2020-07-09,96.2624969482422,96.31749725341795,94.67250061035156,95.75250244140624,125642800,95.34249877929688,92.99785614013672,91.41732079642159,87.35891596476237,95.91999816894533
2020-07-10,95.33499908447266,95.9800033569336,94.70500183105467,95.91999816894533,90257200,95.75250244140624,93.6721420288086,92.02374921526227,87.90416590372722,95.47750091552734
2020-07-13,97.26499938964844,99.95500183105467,95.25749969482422,95.47750091552734,191649200,95.91999816894533,94.30785696847099,92.43517793927874,88.43724924723307,97.05750274658205
2020-07-14,94.83999633789062,97.25499725341795,93.87750244140624,97.05750274658205,170989200,95.47750091552734,95.1692864554269,92.82267815726144,88.99041595458985,97.7249984741211
2020-07-15,98.98999786376952,99.24749755859376,96.48999786376952,97.7249984741211,153198000,97.05750274658205,95.77821459089007,93.37339237758091,89.5534159342448,96.52249908447266
2020-07-16,96.5625,97.40499877929688,95.90499877929688,96.52249908447266,110577600,97.7249984741211,96.2567858014788,93.7528566632952,90.06149927775066,96.32749938964844
2020-07-17,96.9875030517578,97.14749908447266,95.83999633789062,96.32749938964844,92186800,96.52249908447266,96.39750017438617,94.31857081821987,90.5864158630371,98.35749816894533
2020-07-20,96.4175033569336,98.5,96.0625,98.35749816894533,90318000,96.32749938964844,96.76964242117745,94.88374928065709,91.1024991353353,97.0
2020-07-21,99.17250061035156,99.25,96.74250030517578,97.0,103433200,98.35749816894533,96.92392839704242,95.2980352129255,91.55699920654297,97.27249908447266
2020-07-22,96.69249725341795,97.9749984741211,96.60250091552734,97.27249908447266,89001600,97.0,97.18035670689174,95.74410683768136,91.93283259073893,92.84500122070312
2020-07-23,96.99749755859376,97.07749938964844,92.01000213623048,92.84500122070312,197004400,97.27249908447266,96.57857077462333,95.87392861502511,92.08733266194662,92.61499786376952
2020-07-24,90.9875030517578,92.97000122070312,89.1449966430664,92.61499786376952,185438800,92.84500122070312,95.84857068743024,95.81339263916016,92.37533264160156,94.80999755859376
2020-07-27,93.70999908447266,94.90499877929688,93.4800033569336,94.80999755859376,121214000,92.61499786376952,95.60392761230469,95.93035670689174,92.71233266194662,93.25250244140624
2020-07-28,94.36750030517578,94.5500030517578,93.24749755859376,93.25250244140624,103625600,94.80999755859376,95.16464233398438,95.78107125418526,92.96249949137369,95.04000091552734
2020-07-29,93.75,95.2300033569336,93.7125015258789,95.04000091552734,90329200,93.25250244140624,94.69071415492466,95.73017828805106,93.19649963378906,96.19000244140624
2020-07-30,94.1875,96.29750061035156,93.76750183105467,96.19000244140624,158130000,95.04000091552734,94.5750002179827,95.74946430751255,93.47291641235351,106.26000213623048
2020-07-31,102.88500213623048,106.41500091552734,100.8249969482422,106.26000213623048,374336800,96.19000244140624,95.85892922537667,96.51964296613421,94.08383305867513,108.9375
2020-08-03,108.1999969482422,111.6374969482422,107.89250183105467,108.9375,308151200,106.26000213623048,98.15785762241909,97.3682141985212,94.80074971516927,109.66500091552734
2020-08-04,109.13249969482422,110.79000091552734,108.3874969482422,109.66500091552734,173071600,108.9375,100.59357234409877,98.2210715157645,95.46566645304362,110.0625
2020-08-05,109.37750244140624,110.39250183105467,108.89749908447266,110.0625,121776800,109.66500091552734,102.77250126429966,99.18821443830218,96.07999979654947,113.90249633789062
2020-08-06,110.40499877929688,114.4124984741211,109.79750061035156,113.90249633789062,202428800,110.0625,105.72250039236886,100.44357136317662,96.87624969482422,111.1125030517578
2020-08-07,113.20500183105467,113.6750030517578,110.2925033569336,111.1125030517578,198045600,113.90249633789062,108.01857212611607,101.35464314052037,97.53966649373372,112.72750091552734
2020-08-10,112.5999984741211,113.7750015258789,110.0,112.72750091552734,212403600,111.1125030517578,110.38107190813336,102.47803606305804,98.35033315022787,109.375
2020-08-11,111.97000122070312,112.48249816894533,109.10749816894533,109.375,187902400,112.72750091552734,110.82607160295758,103.34250041416713,98.9813331604004,113.01000213623048
2020-08-12,110.49749755859376,113.2750015258789,110.29750061035156,113.01000213623048,165598000,109.375,111.40785762241909,104.78285762241909,99.70833333333333,115.01000213623048
2020-08-13,114.43000030517578,116.0425033569336,113.92749786376952,115.01000213623048,210082000,113.01000213623048,112.17142922537667,106.38250078473773,100.507750193278,114.90750122070312
2020-08-14,114.83000183105467,115.0,113.04499816894533,114.90750122070312,165565200,115.01000213623048,112.8635722569057,107.81803676060268,101.3037503560384,114.60749816894533
2020-08-17,116.0625,116.0875015258789,113.9625015258789,114.60749816894533,119561600,114.90750122070312,112.96428680419922,109.34339359828404,102.00858357747396,115.5625
2020-08-18,114.35250091552734,116.0,114.00749969482422,115.5625,105633600,114.60749816894533,113.6000006539481,110.80928639003209,102.75491689046224,115.7074966430664
2020-08-19,115.98249816894533,117.1624984741211,115.61000061035156,115.7074966430664,145538000,115.5625,114.02571432931083,112.2033931187221,103.43375015258789,118.2750015258789
2020-08-20,115.75,118.39250183105467,115.73249816894533,118.2750015258789,126907200,115.7074966430664,115.2971431187221,113.06160736083984,104.18450012207032,124.37000274658205
2020-08-21,119.2624969482422,124.86750030517578,119.25,124.37000274658205,338054800,118.2750015258789,116.92000034877233,114.1639289855957,105.13283360799154,125.85749816894533
2020-08-24,128.69749450683594,128.78500366210938,123.9375,125.85749816894533,345937600,124.37000274658205,118.46964263916017,115.32053593226841,106.14550018310547,124.8249969482422
2020-08-25,124.69750213623048,125.18000030517578,123.05249786376952,124.8249969482422,211495600,125.85749816894533,119.88642774309433,116.375,107.0710833231608,126.52249908447266
2020-08-26,126.18000030517578,126.99250030517578,125.0824966430664,126.52249908447266,163022400,124.8249969482422,121.58857073102679,117.276428767613,108.03100001017252,125.01000213623048
2020-08-27,127.14250183105467,127.48500061035156,123.8324966430664,125.01000213623048,155552400,126.52249908447266,122.93821389334542,118.26910727364677,108.98058344523112,124.80750274658205
2020-08-28,126.0124969482422,126.44249725341795,124.57749938964844,124.80750274658205,187630000,125.01000213623048,124.23821476527623,119.13196454729352,109.92991689046224,129.0399932861328
2020-08-31,127.58000183105467,131.0,126.0,129.0399932861328,225702700,124.80750274658205,125.77607073102679,120.53660692487445,110.95266672770182,134.17999267578125
2020-09-01,132.75999450683594,134.8000030517578,130.52999877929688,134.17999267578125,151948100,129.0399932861328,127.17749786376953,122.04874910627093,112.19199981689454,131.39999389648438
2020-09-02,137.58999633789062,137.97999572753906,127.0,131.39999389648438,200119000,134.17999267578125,127.96928296770368,123.21946280343192,113.32958297729492,120.87999725341795
2020-09-03,126.91000366210938,128.83999633789062,120.5,120.87999725341795,257599600,131.39999389648438,127.4057115827288,123.64606966291156,114.26408284505209,120.95999908447266
2020-09-04,120.06999969482422,123.6999969482422,110.88999938964844,120.95999908447266,332607200,120.87999725341795,126.61106872558594,124.09981972830636,115.20891621907552,112.81999969482422
2020-09-08,113.9499969482422,118.98999786376952,112.68000030517578,112.81999969482422,231366600,120.95999908447266,124.86963980538505,123.90392684936523,115.80924962361654,117.31999969482422
2020-09-09,117.26000213623048,119.13999938964844,115.26000213623048,117.31999969482422,176940500,112.81999969482422,123.79999651227679,124.01910563877651,116.6114995320638,113.48999786376952
2020-09-10,120.36000061035156,120.5,112.5,113.48999786376952,182274400,117.31999969482422,121.57856859479632,123.67731966291156,117.22649943033854,112.0
2020-09-11,114.56999969482422,115.2300033569336,110.0,112.0,180860300,113.48999786376952,118.40999821254185,122.7937480381557,117.75349934895833,115.36000061035156
2020-09-14,114.72000122070312,115.93000030517578,112.8000030517578,115.36000061035156,140150100,112.0,116.11857060023716,122.04392678397042,118.05683263142903,115.54000091552734
2020-09-15,118.33000183105467,118.83000183105467,113.61000061035156,115.54000091552734,184642000,115.36000061035156,115.35571398053851,121.38071278163365,118.27691599527995,112.12999725341795
2020-09-16,115.2300033569336,116.0,112.04000091552734,112.12999725341795,154679000,115.54000091552734,114.0942851475307,120.35267693655831,118.3590825398763,110.33999633789062
2020-09-17,109.72000122070312,112.1999969482422,108.70999908447266,110.33999633789062,178011000,112.12999725341795,113.73999895368304,119.30481937953404,118.36833241780599,106.83999633789062
2020-09-18,110.4000015258789,110.87999725341795,106.08999633789062,106.83999633789062,287104900,110.33999633789062,112.24285561697823,118.0214260646275,118.13291575113932,110.08000183105467
2020-09-21,104.54000091552734,110.19000244140624,103.0999984741211,110.08000183105467,195713800,106.83999633789062,111.7557133265904,116.66714096069336,118.09849904378255,111.80999755859376
2020-09-22,112.68000030517578,112.86000061035156,109.16000366210938,111.80999755859376,183055400,110.08000183105467,111.72857012067523,115.06928416660854,118.06791559855144,107.12000274658205
2020-09-23,111.62000274658205,112.11000061035156,106.7699966430664,107.12000274658205,150718700,111.80999755859376,110.55142756870815,113.33499908447266,117.9927490234375,108.22000122070312
2020-09-24,105.16999816894533,110.25,105.0,108.22000122070312,167743300,107.12000274658205,109.5057133265904,112.43071365356445,117.83308232625326,112.27999877929688
2020-09-25,108.43000030517578,112.44000244140624,107.66999816894533,112.27999877929688,149981400,108.22000122070312,109.52714211600167,111.81071363176618,117.74208221435546,114.95999908447266
2020-09-28,115.01000213623048,115.31999969482422,112.77999877929688,114.95999908447266,137672400,112.27999877929688,110.18714250837054,111.96357073102679,117.74383214314778,114.08999633789062
2020-09-29,114.5500030517578,115.30999755859376,113.56999969482422,114.08999633789062,99382200,114.95999908447266,111.22285679408482,111.73285620553153,117.72658208211263,115.80999755859376
2020-09-30,113.79000091552734,117.26000213623048,113.62000274658205,115.80999755859376,142675200,114.08999633789062,112.04142761230469,111.89857046944755,117.73483200073242,116.79000091552734
2020-10-01,117.63999938964844,117.72000122070312,115.83000183105467,116.79000091552734,116120400,115.80999755859376,112.7528566632952,112.24071339198521,117.77091547648112,113.0199966430664
2020-10-02,112.88999938964844,115.37000274658205,112.22000122070312,113.0199966430664,144712000,116.79000091552734,113.59571293422154,112.07357025146484,117.59574864705404,116.5
2020-10-05,113.91000366210938,116.6500015258789,113.5500030517578,116.5,106243800,113.0199966430664,114.77856990269252,112.14214161464146,117.33341522216797,113.16000366210938
2020-10-06,115.6999969482422,116.12000274658205,112.25,113.16000366210938,161498200,116.5,114.90428488595145,112.21571350097656,116.91016540527343,115.08000183105467
2020-10-07,114.62000274658205,115.5500030517578,114.12999725341795,115.08000183105467,96849000,113.16000366210938,114.92142813546317,112.55428532191685,116.58533223470052,114.97000122070312
2020-10-08,116.25,116.4000015258789,114.58999633789062,114.97000122070312,83477200,115.08000183105467,115.0471431187221,113.13499995640346,116.20024897257487,116.97000122070312
2020-10-09,115.27999877929688,117.0,114.91999816894533,116.97000122070312,100506900,114.97000122070312,115.21285792759487,113.62714276994977,115.93224894205729,124.4000015258789
2020-10-12,120.05999755859376,125.18000030517578,119.27999877929688,124.4000015258789,240226800,116.97000122070312,116.3000008719308,114.526428767613,115.91866556803386,121.0999984741211
2020-10-13,125.2699966430664,125.38999938964844,119.6500015258789,121.0999984741211,262330500,124.4000015258789,117.45428684779576,115.52499989100865,115.65399907430013,121.19000244140624
2020-10-14,121.0,123.02999877929688,119.62000274658205,121.19000244140624,150712000,121.0999984741211,118.12428719656808,116.45142854963031,115.22099939982097,120.70999908447266
2020-10-15,118.72000122070312,121.1999969482422,118.1500015258789,120.70999908447266,112559200,121.19000244140624,119.2028579711914,117.05357142857143,114.86466623942057,119.0199966430664
2020-10-16,121.27999877929688,121.5500030517578,118.80999755859376,119.0199966430664,115393800,120.70999908447266,119.76571437290737,117.34357125418526,114.80266621907552,115.9800033569336
2020-10-19,119.95999908447266,120.41999816894533,115.66000366210938,115.9800033569336,120639300,119.0199966430664,119.91000039236886,117.47857175554547,114.63666636149088,117.51000213623048
2020-10-20,116.1999969482422,118.9800033569336,115.62999725341795,117.51000213623048,124423700,115.9800033569336,119.98714338030133,117.6000006539481,114.79299977620443,116.87000274658205
2020-10-21,116.66999816894533,118.70999908447266,116.4499969482422,116.87000274658205,89946000,117.51000213623048,118.91142926897321,117.605715070452,114.77799987792969,115.75
2020-10-22,117.4499969482422,118.04000091552734,114.58999633789062,115.75,101988000,116.87000274658205,118.1471437726702,117.80071531023297,114.8533332824707,115.04000091552734
2020-10-23,116.38999938964844,116.5500030517578,114.27999877929688,115.04000091552734,82572600,115.75,117.26857212611607,117.69642966134208,114.95466664632161,115.0500030517578
2020-10-26,114.01000213623048,116.5500030517578,112.87999725341795,115.0500030517578,111850700,115.04000091552734,116.46000126429966,117.83142961774554,114.94433339436848,116.5999984741211
2020-10-27,115.48999786376952,117.27999877929688,114.54000091552734,116.5999984741211,92276800,115.0500030517578,116.11428724016461,117.94000080653599,114.97966664632162,111.1999969482422
2020-10-28,115.0500030517578,115.43000030517578,111.0999984741211,111.1999969482422,143937800,116.5999984741211,115.43142918178013,117.6707147870745,114.94866663614908,115.31999969482422
2020-10-29,112.37000274658205,116.93000030517578,112.1999969482422,115.31999969482422,146129200,111.1999969482422,115.11857169015067,117.55285753522601,115.11466674804687,108.86000061035156
2020-10-30,111.05999755859376,111.98999786376952,107.72000122070312,108.86000061035156,190272600,115.31999969482422,113.97428567068917,116.4428574698312,115.18200022379557,108.7699966430664
2020-11-02,109.11000061035156,110.68000030517578,107.31999969482422,108.7699966430664,122866900,108.86000061035156,112.97714233398438,115.56214305332729,115.13833338419596,110.44000244140624
2020-11-03,109.66000366210938,111.48999786376952,108.7300033569336,110.44000244140624,107624400,108.7699966430664,112.31999969482422,114.79428591047015,115.09266688028971,114.9499969482422
2020-11-04,114.13999938964844,115.58999633789062,112.3499984741211,114.9499969482422,138235500,110.44000244140624,112.3057131086077,114.38285718645368,115.35366668701172,119.02999877929688
2020-11-05,117.9499969482422,119.62000274658205,116.87000274658205,119.02999877929688,126387100,114.9499969482422,112.6528560093471,114.38357162475586,115.71399993896485,118.69000244140624
2020-11-06,118.31999969482422,119.1999969482422,116.12999725341795,118.69000244140624,114457900,119.02999877929688,113.72285679408482,114.57714298793248,115.92766672770182,116.31999969482422
2020-11-09,120.5,121.98999786376952,116.0500030517578,116.31999969482422,154515300,118.69000244140624,113.86571393694196,114.49214281354632,115.9730000813802,115.97000122070312
2020-11-10,115.5500030517578,117.58999633789062,114.12999725341795,115.97000122070312,138023400,116.31999969482422,114.88142830984933,114.42785699026925,116.0356669108073,119.48999786376952
2020-11-11,117.19000244140624,119.62999725341795,116.44000244140624,119.48999786376952,112295000,115.97000122070312,116.41285705566406,114.69499969482422,116.15833358764648,119.20999908447266
2020-11-12,119.62000274658205,120.52999877929688,118.56999969482422,119.20999908447266,103162300,119.48999786376952,117.66571371895927,114.99285670689174,116.23900019327799,119.26000213623048
2020-11-13,119.44000244140624,119.66999816894533,117.87000274658205,119.26000213623048,81581900,119.20999908447266,118.28142874581474,115.29357092721122,116.44700037638346,120.3000030517578
2020-11-16,118.91999816894533,120.98999786376952,118.1500015258789,120.3000030517578,91183000,119.26000213623048,118.46285792759487,115.55785696847099,116.57366714477538,119.38999938964844
2020-11-17,119.5500030517578,120.66999816894533,118.95999908447266,119.38999938964844,74271000,120.3000030517578,118.56285749162946,116.14285714285714,116.7813336690267,118.02999877929688
2020-11-18,118.61000061035156,119.81999969482422,118.0,118.02999877929688,76322100,119.38999938964844,118.80714307512555,116.33642850603376,116.87966690063476,118.63999938964844
2020-11-19,117.58999633789062,119.05999755859376,116.80999755859376,118.63999938964844,74113000,118.02999877929688,119.18857138497489,117.03499984741211,117.00200017293294,117.33999633789062
2020-11-20,118.63999938964844,118.7699966430664,117.29000091552734,117.33999633789062,73604300,118.63999938964844,118.88142830984933,117.6471426827567,117.01433334350585,113.8499984741211
2020-11-23,117.18000030517578,117.62000274658205,113.75,113.8499984741211,127959300,117.33999633789062,118.11571393694196,117.89071382795062,116.66266657511393,115.16999816894533
2020-11-24,113.91000366210938,115.8499984741211,112.58999633789062,115.16999816894533,113874200,113.8499984741211,117.53142765590123,117.90642820085797,116.46499989827474,116.02999877929688
2020-11-25,115.5500030517578,116.75,115.16999816894533,116.02999877929688,76499200,115.16999816894533,116.92142704554966,117.69214248657227,116.29299977620443,116.58999633789062
2020-11-27,116.56999969482422,117.48999786376952,116.22000122070312,116.58999633789062,46691300,116.02999877929688,116.52142660958427,117.54214205060687,116.15566635131836,119.0500030517578
2020-11-30,116.97000122070312,120.97000122070312,116.80999755859376,119.0500030517578,169410200,116.58999633789062,116.66714150565011,117.73714229038784,116.1566665649414,122.72000122070312
2020-12-01,121.01000213623048,123.47000122070312,120.01000213623048,122.72000122070312,127728200,119.0500030517578,117.24999891008649,118.2192851475307,116.38133316040039,123.08000183105467
2020-12-02,122.0199966430664,123.37000274658205,120.88999938964844,123.08000183105467,89004200,122.72000122070312,118.06999969482422,118.47571400233677,116.56699981689454,122.94000244140624
2020-12-03,123.5199966430664,123.77999877929688,122.20999908447266,122.94000244140624,78967600,123.08000183105467,119.36857169015066,118.74214281354632,116.76933314005534,122.25
2020-12-04,122.5999984741211,122.86000061035156,121.5199966430664,122.25,78260400,122.94000244140624,120.38000052315847,118.95571408952985,116.985999806722,123.75
2020-12-07,122.30999755859376,124.56999969482422,122.25,123.75,86712000,122.25,121.48285784040176,119.20214244297573,117.27633310953776,124.37999725341795
2020-12-08,124.37000274658205,124.9800033569336,123.08999633789062,124.37999725341795,82225500,123.75,122.59571511404853,119.5585708618164,117.58733291625977,121.77999877929688
2020-12-09,124.52999877929688,125.9499969482422,121.0,121.77999877929688,115089200,124.37999725341795,122.98571450369697,119.82642800467355,117.75999959309895,123.23999786376952
2020-12-10,120.5,123.87000274658205,120.1500015258789,123.23999786376952,81312200,121.77999877929688,123.05999973842074,120.15499932425362,118.16133295694986,122.41000366210938
2020-12-11,122.43000030517578,122.76000213623048,120.5500030517578,122.41000366210938,86939800,123.23999786376952,122.96428571428571,120.51714270455497,118.39766642252604,121.77999877929688
2020-12-14,122.5999984741211,123.3499984741211,121.54000091552734,121.77999877929688,79184500,122.41000366210938,122.79857090541294,121.0835712977818,118.82833302815756,127.87999725341795
2020-12-15,124.33999633789062,127.9000015258789,124.12999725341795,127.87999725341795,157243700,121.77999877929688,123.6028562273298,121.99142837524414,119.4653330485026,127.80999755859376
2020-12-16,127.41000366210938,128.3699951171875,126.55999755859376,127.80999755859376,98208600,127.87999725341795,124.18285587855748,122.83285685947963,120.0443328857422,128.6999969482422
2020-12-17,128.89999389648438,129.5800018310547,128.0399932861328,128.6999969482422,94359800,127.80999755859376,124.7999986921038,123.69785690307617,120.50266621907552,126.66000366210938
2020-12-18,128.9600067138672,129.10000610351562,126.12000274658205,126.66000366210938,192541500,128.6999969482422,125.4971422467913,124.24142837524414,120.75699971516927,128.22999572753906
2020-12-21,125.0199966430664,128.30999755859375,123.4499969482422,128.22999572753906,121251600,126.66000366210938,126.20999908447266,124.63499941144671,121.0749994913737,131.8800048828125
2020-12-22,131.61000061035156,134.41000366210938,129.64999389648438,131.8800048828125,168904800,128.22999572753906,127.56285640171596,125.26357105800084,121.5936663309733,130.9600067138672
2020-12-23,132.16000366210938,132.42999267578125,130.77999877929688,130.9600067138672,88223700,131.8800048828125,128.87428610665458,125.83642850603376,122.09333318074545,131.97000122070312
2020-12-24,131.32000732421875,133.4600067138672,131.10000610351562,131.97000122070312,54930100,130.9600067138672,129.4585723876953,126.53071430751255,122.50933329264323,136.69000244140625
2020-12-28,133.99000549316406,137.33999633789062,133.50999450683594,136.69000244140625,124486200,131.97000122070312,130.7271445138114,127.45500019618443,123.09200007120768,134.8699951171875
2020-12-29,138.0500030517578,138.7899932861328,134.33999633789062,134.8699951171875,121047300,136.69000244140625,131.60857282366072,128.20428575788225,123.61233317057291,133.72000122070312
2020-12-30,135.5800018310547,135.99000549316406,133.39999389648438,133.72000122070312,96452100,134.8699951171875,132.61714390345983,129.05714307512557,124.05966644287109,132.69000244140625
2020-12-31,134.0800018310547,134.74000549316406,131.72000122070312,132.69000244140625,99116600,133.72000122070312,133.25428771972656,129.7321434020996,124.50299987792968,129.41000366210938
2021-01-04,133.52000427246094,133.61000061035156,126.76000213623048,129.41000366210938,143301900,132.69000244140625,132.90143040248327,130.2321434020996,124.88233337402343,131.00999450683594
2021-01-05,128.88999938964844,131.74000549316406,128.42999267578125,131.00999450683594,97664900,129.41000366210938,132.90857151576452,130.89142881120955,125.29466654459635,126.5999984741211
2021-01-06,127.72000122070312,131.0500030517578,126.37999725341795,126.5999984741211,155088000,131.00999450683594,132.1414282662528,130.80000032697404,125.6033332824707,130.9199981689453
2021-01-07,128.36000061035156,131.6300048828125,127.86000061035156,130.9199981689453,109578200,126.5999984741211,131.31714194161552,131.02214322771346,126.17233327229818,132.0500030517578
2021-01-08,132.42999267578125,132.6300048828125,130.22999572753906,132.0500030517578,105158200,130.9199981689453,130.91428593226843,131.26142937796456,126.73500010172526,128.97999572753906
2021-01-11,129.19000244140625,130.1699981689453,128.5,128.97999572753906,100384500,132.0500030517578,130.23714229038782,131.42714309692383,127.16666666666667,128.8000030517578
2021-01-12,128.5,129.69000244140625,126.86000061035156,128.8000030517578,91951100,128.97999572753906,129.68142809186662,131.4678579057966,127.57366689046223,130.88999938964844
2021-01-13,128.75999450683594,131.4499969482422,128.49000549316406,130.88999938964844,88636800,128.8000030517578,129.89285605294364,131.39714322771346,127.9683334350586,128.91000366210938
2021-01-14,130.8000030517578,131.0,128.75999450683594,128.91000366210938,90221800,130.88999938964844,129.59285736083984,131.25071443830217,128.17466684977214,127.13999938964844
2021-01-15,128.77999877929688,130.22000122070312,127.0,127.13999938964844,111598500,128.91000366210938,129.67000034877233,130.90571430751257,128.31000010172525,127.83000183105467
2021-01-19,127.77999877929688,128.7100067138672,126.94000244140624,127.83000183105467,90757300,127.13999938964844,129.22857230050224,130.27285712105888,128.4730000813802,132.02999877929688
2021-01-20,128.66000366210938,132.49000549316406,128.5500030517578,132.02999877929688,104319500,127.83000183105467,129.22571454729353,130.07000023978097,128.79900004069012,136.8699951171875
2021-01-21,133.8000030517578,139.6699981689453,133.58999633789062,136.8699951171875,120150900,132.02999877929688,130.3528573172433,130.29499980381556,129.23633321126303,139.07000732421875
2021-01-22,136.27999877929688,139.85000610351562,135.02000427246094,139.07000732421875,114459400,136.8699951171875,131.82000078473772,130.75071443830217,129.72600021362305,142.9199981689453
2021-01-25,143.07000732421875,145.08999633789062,136.5399932861328,142.9199981689453,157611700,139.07000732421875,133.53857203892298,131.7157140459333,130.43066685994467,143.16000366210938
2021-01-26,143.60000610351562,144.3000030517578,141.3699951171875,143.16000366210938,98390600,142.9199981689453,135.57428632463728,132.58357184273856,131.09466705322265,142.05999755859375
2021-01-27,143.42999267578125,144.3000030517578,140.41000366210938,142.05999755859375,140843800,143.16000366210938,137.7057146344866,133.68785749162947,131.74966684977213,137.08999633789062
2021-01-28,139.52000427246094,141.99000549316406,136.6999969482422,137.08999633789062,142621100,142.05999755859375,139.02857099260603,134.12857164655412,132.26000010172527,131.9600067138672
2021-01-29,135.8300018310547,136.74000549316406,130.2100067138672,131.9600067138672,177523800,137.08999633789062,139.01857212611608,134.1221433367048,132.39600041707357,134.13999938964844
2021-02-01,133.75,135.3800048828125,130.92999267578125,134.13999938964844,106239800,131.9600067138672,138.62857273646765,134.49071502685547,132.60700047810872,134.99000549316406
2021-02-02,135.72999572753906,136.30999755859375,134.61000061035156,134.99000549316406,83305400,134.13999938964844,138.04571533203125,134.93285805838448,132.81666742960613,133.94000244140625
2021-02-03,135.75999450683594,135.77000427246094,133.61000061035156,133.94000244140625,89880900,134.99000549316406,136.76285879952567,135.15071541922433,133.0593340555827,137.38999938964844
2021-02-04,136.3000030517578,137.39999389648438,134.58999633789062,137.38999938964844,84183100,133.94000244140625,135.9385724748884,135.75642939976282,133.36466751098632,136.75999450683594
2021-02-05,137.35000610351562,137.4199981689453,135.86000061035156,136.75999450683594,75693800,137.38999938964844,135.18142918178015,136.44357190813338,133.5273338317871,136.91000366210938
2021-02-08,136.02999877929688,136.9600067138672,134.9199981689453,136.91000366210938,71297200,136.75999450683594,135.1557159423828,137.09214346749442,133.72566706339518,136.00999450683594
2021-02-09,136.6199951171875,137.8800048828125,135.85000610351562,136.00999450683594,76774200,136.91000366210938,135.73428562709265,137.37642887660436,133.86033350626627,135.38999938964844
2021-02-10,136.47999572753906,136.99000549316406,134.39999389648438,135.38999938964844,73046600,136.00999450683594,135.91285705566406,137.27071489606584,133.81700007120767,135.1300048828125
2021-02-11,135.89999389648438,136.38999938964844,133.77000427246094,135.1300048828125,64280000,135.38999938964844,135.932856968471,136.9892861502511,133.82566706339517,135.3699951171875
2021-02-12,134.35000610351562,135.52999877929688,133.69000244140625,135.3699951171875,60145100,135.1300048828125,136.13714163643974,136.4500002179827,133.88066685994465,133.19000244140625
2021-02-16,135.49000549316406,136.00999450683594,132.7899932861328,133.19000244140625,80576300,135.3699951171875,135.53714207240515,135.73785727364677,133.89733352661133,130.83999633789062
2021-02-17,131.25,132.22000122070312,129.47000122070312,130.83999633789062,97918500,133.19000244140625,134.6914280482701,134.9364286150251,133.94499994913738,129.7100067138672
2021-02-18,129.1999969482422,130.0,127.41000366210938,129.7100067138672,96856700,130.83999633789062,133.66285705566406,134.40928649902344,133.90166702270508,129.8699951171875
2021-02-19,130.24000549316406,130.7100067138672,128.8000030517578,129.8699951171875,87668800,129.7100067138672,132.78571428571428,134.25999995640345,134.0106669108073,126.0
2021-02-22,128.00999450683594,129.72000122070312,125.5999984741211,126.0,103916400,129.8699951171875,131.4442858014788,133.67857142857142,133.84666697184244,125.86000061035156
2021-02-23,123.76000213623048,126.70999908447266,118.38999938964844,125.86000061035156,158273000,126.0,130.1199994768415,133.02642822265625,133.6403335571289,125.3499984741211
2021-02-24,124.94000244140624,125.55999755859376,122.2300033569336,125.3499984741211,111039900,125.86000061035156,128.6885713849749,132.41285651070731,133.51933364868165,120.98999786376952
2021-02-25,124.68000030517578,126.45999908447266,120.54000091552734,120.98999786376952,148199500,125.3499984741211,126.94571358816964,131.2414278302874,133.25900014241537,121.26000213623048
2021-02-26,122.58999633789062,124.8499984741211,121.1999969482422,121.26000213623048,164560400,120.98999786376952,125.57714298793248,130.13428551810128,132.9380002339681,127.79000091552734
2021-03-01,123.75,127.93000030517578,122.79000091552734,127.79000091552734,116307900,121.26000213623048,125.3028564453125,129.48285675048828,132.90066680908203,125.12000274658205
2021-03-02,128.41000366210938,128.72000122070312,125.01000213623048,125.12000274658205,102260900,127.79000091552734,124.62428610665458,128.70500019618444,132.83333358764648,122.05999755859376
2021-03-03,124.80999755859376,125.70999908447266,121.83999633789062,122.05999755859376,112966300,125.12000274658205,124.06142861502511,127.75285720825195,132.6410001118978,120.12999725341795
2021-03-04,121.75,123.5999984741211,118.62000274658205,120.12999725341795,178155000,122.05999755859376,123.24285670689174,126.68142809186664,132.24433339436848,121.41999816894533
2021-03-05,120.9800033569336,121.94000244140624,117.56999969482422,121.41999816894533,153766600,120.12999725341795,122.68142809186664,125.68499973842076,131.72933349609374,116.36000061035156
2021-03-08,120.93000030517578,121.0,116.20999908447266,116.36000061035156,154376600,121.41999816894533,122.01999991280692,124.48285675048828,130.9723332722982,121.08999633789062
2021-03-09,119.02999877929688,122.05999755859376,118.79000091552734,121.08999633789062,129525800,116.36000061035156,121.99571337018695,123.78642817905971,130.24466654459636,119.9800033569336
2021-03-10,121.69000244140624,122.16999816894533,119.4499969482422,119.9800033569336,111943300,121.08999633789062,120.87999943324498,123.09142793927874,129.47199986775715,121.95999908447266
2021-03-11,122.54000091552734,123.20999908447266,121.26000213623048,121.95999908447266,103026500,119.9800033569336,120.42857033865792,122.52642822265625,128.8019999186198,121.02999877929688
2021-03-12,120.4000015258789,121.16999816894533,119.16000366210938,121.02999877929688,88105100,121.95999908447266,120.28142765590123,122.17142813546317,128.26666666666668,123.98999786376952
2021-03-15,121.41000366210938,124.0,120.41999816894533,123.98999786376952,92403800,121.02999877929688,120.83285631452289,122.03785651070731,128.00099970499676,125.56999969482422
2021-03-16,125.6999969482422,127.22000122070312,124.72000122070312,125.56999969482422,115227900,123.98999786376952,121.42571367536273,122.05357088361468,127.7153330485026,124.76000213623048
2021-03-17,124.0500030517578,125.86000061035156,122.33999633789062,124.76000213623048,111932600,125.56999969482422,122.62571389334542,122.32285690307617,127.37433293660482,120.52999877929688
2021-03-18,122.87999725341795,123.18000030517578,120.31999969482422,120.52999877929688,121229700,124.76000213623048,122.54571424211774,122.27071380615234,126.92733281453451,119.98999786376952
2021-03-19,119.9000015258789,121.43000030517578,119.68000030517578,119.98999786376952,185549500,120.52999877929688,122.5471420288086,121.71357073102679,126.34733276367187,123.38999938964844
2021-03-22,120.33000183105467,123.87000274658205,120.26000213623048,123.38999938964844,111912300,119.98999786376952,122.75142778669085,121.58999906267438,125.90166625976562,122.54000091552734
2021-03-23,123.33000183105467,124.23999786376952,122.13999938964844,122.54000091552734,95467100,123.38999938964844,122.96714237758091,121.62428501674107,125.42266616821288,120.08999633789062
2021-03-24,122.81999969482422,122.9000015258789,120.06999969482422,120.08999633789062,88530500,122.54000091552734,122.40999930245536,121.62142780848912,124.89199956258138,120.58999633789062
2021-03-25,119.54000091552734,121.66000366210938,119.0,120.58999633789062,98844700,120.08999633789062,121.69857025146484,121.56214196341378,124.39866612752279,121.20999908447266
2021-03-26,120.3499984741211,121.4800033569336,118.91999816894533,121.20999908447266,94071200,120.58999633789062,121.19142695835659,121.90857042585101,123.93466593424479,121.38999938964844
2021-03-29,121.6500015258789,122.58000183105467,120.7300033569336,121.38999938964844,80819200,121.20999908447266,121.3142841884068,121.92999921526227,123.46866607666016,119.9000015258789
2021-03-30,120.11000061035156,120.4000015258789,118.86000061035156,119.9000015258789,85671900,121.38999938964844,121.30142756870815,121.92428479875836,123.02566604614258,122.1500015258789
2021-03-31,121.6500015258789,123.5199966430664,121.1500015258789,122.1500015258789,118323800,119.9000015258789,121.12428501674107,121.93785640171596,122.73599955240886,123.0
2021-04-01,123.66000366210938,124.18000030517578,122.48999786376952,123.0,75089100,122.1500015258789,121.18999917166573,122.07857077462333,122.51233266194662,125.9000015258789
2021-04-05,123.87000274658205,126.16000366210938,123.06999969482422,125.9000015258789,88651200,123.0,122.01999991280692,122.21499960763114,122.37999954223633,126.20999908447266
2021-04-06,126.5,127.12999725341795,125.6500015258789,126.20999908447266,80171300,125.9000015258789,122.82285744803292,122.26071384974888,122.38699951171876,127.9000015258789
2021-04-07,125.83000183105467,127.91999816894533,125.13999938964844,127.9000015258789,83466700,126.20999908447266,123.77857208251953,122.48499952043805,122.45499954223632,130.36000061035156
2021-04-08,128.9499969482422,130.38999938964844,128.52000427246094,130.36000061035156,88844600,127.9000015258789,125.06000082833427,123.18714250837054,122.621999613444,133.0
2021-04-09,129.8000030517578,133.0399932861328,129.47000122070312,133.0,106686700,130.36000061035156,126.93142918178013,124.11642837524414,123.02233301798502,131.24000549316406
2021-04-12,132.52000427246094,132.85000610351562,130.6300048828125,131.24000549316406,91420000,133.0,128.23000117710657,124.67714309692383,123.35499979654948,134.42999267578125
2021-04-13,132.44000244140625,134.66000366210938,131.92999267578125,134.42999267578125,91266500,131.24000549316406,129.86285727364677,125.52642822265625,123.5763328552246,132.02999877929688
2021-04-14,134.94000244140625,135.0,131.66000366210938,132.02999877929688,87222800,134.42999267578125,130.7385711669922,126.37928553989956,123.80666605631511,134.5
2021-04-15,133.82000732421875,135.0,133.63999938964844,134.5,89347100,132.02999877929688,131.9228570120675,127.37285723005023,124.22133280436198,134.16000366210938
2021-04-16,134.3000030517578,134.6699981689453,133.27999877929688,134.16000366210938,84922400,134.5,132.817143031529,128.2978575570243,124.68899968465169,134.83999633789062
2021-04-19,133.50999450683594,135.47000122070312,133.33999633789062,134.83999633789062,94264200,134.16000366210938,133.45714242117745,129.25857162475586,125.13633295694987,133.11000061035156
2021-04-20,135.02000427246094,135.52999877929688,131.80999755859375,133.11000061035156,94812300,134.83999633789062,133.47285679408483,130.2021429879325,125.69466629028321,133.5
2021-04-21,132.36000061035156,133.75,131.3000030517578,133.5,68847100,133.11000061035156,133.79571315220423,131.0128571646554,126.10833307902018,131.94000244140625
2021-04-22,133.0399932861328,134.14999389648438,131.41000366210938,131.94000244140625,84566500,133.5,133.44000026157923,131.651428767613,126.50699971516927,134.32000732421875
2021-04-23,132.16000366210938,135.1199951171875,132.16000366210938,134.32000732421875,78657500,131.94000244140625,133.76714433942522,132.2528577532087,126.91899998982747,134.72000122070312
2021-04-26,134.8300018310547,135.05999755859375,133.55999755859375,134.72000122070312,66905100,134.32000732421875,133.79857308523995,132.86071504865373,127.37533340454101,134.38999938964844
2021-04-27,135.00999450683594,135.41000366210938,134.11000061035156,134.38999938964844,66015800,134.72000122070312,133.83142961774553,133.32428632463728,127.72200012207031,133.5800018310547
2021-04-28,134.30999755859375,135.02000427246094,133.0800018310547,133.5800018310547,107760100,134.38999938964844,133.65143040248327,133.55428641183036,127.98900019327799,133.47999572753906
2021-04-29,136.47000122070312,137.07000732421875,132.4499969482422,133.47999572753906,151101000,133.5800018310547,133.70428684779577,133.5885718209403,128.2796666463216,131.4600067138672
2021-04-30,131.77999877929688,133.55999755859375,131.07000732421875,131.4600067138672,109839500,133.47999572753906,133.41285923549108,133.60428619384766,128.6440002441406,132.5399932861328
2021-05-03,132.0399932861328,134.07000732421875,131.8300018310547,132.5399932861328,75135100,131.4600067138672,133.49857221330916,133.4692862374442,129.06233342488608,127.8499984741211
2021-05-04,131.19000244140625,131.49000549316406,126.6999969482422,127.8499984741211,137564700,132.5399932861328,132.57428523472376,133.1707147870745,129.21100006103515,128.10000610351562
2021-05-05,129.1999969482422,130.4499969482422,127.97000122070312,128.10000610351562,84000900,127.8499984741211,131.62857164655412,132.71357236589705,129.39633356730144,129.74000549316406
2021-05-06,127.88999938964844,129.75,127.12999725341795,129.74000549316406,78128300,128.10000610351562,130.96428680419922,132.39785821097237,129.71800053914387,130.2100067138672
2021-05-07,130.85000610351562,131.25999450683594,129.47999572753906,130.2100067138672,78973300,129.74000549316406,130.4828589303153,132.0671446663993,130.03866755167644,126.8499984741211
2021-05-10,129.41000366210938,129.5399932861328,126.80999755859376,126.8499984741211,88071200,130.2100067138672,129.5357164655413,131.62000165666853,130.22666753133137,125.91000366210938
2021-05-11,123.5,126.2699966430664,122.7699966430664,125.91000366210938,126142800,126.8499984741211,128.74285888671875,131.0778590611049,130.3773343404134,122.7699966430664
2021-05-12,123.4000015258789,124.63999938964844,122.25,122.7699966430664,112172300,125.91000366210938,127.3471450805664,130.42285864693778,130.47300084431967,124.97000122070312
2021-05-13,124.58000183105467,126.1500015258789,124.26000213623048,124.97000122070312,105861300,122.7699966430664,126.9357169015067,129.75500106811523,130.56700083414714,127.4499969482422
2021-05-14,126.25,127.88999938964844,125.8499984741211,127.4499969482422,81918000,124.97000122070312,126.84285845075335,129.23571504865373,130.7153340657552,126.2699966430664
2021-05-17,126.81999969482422,126.93000030517578,125.16999816894533,126.2699966430664,74244600,127.4499969482422,126.3471429007394,128.65571485246932,130.72766723632813,124.8499984741211
2021-05-18,126.55999755859376,126.98999786376952,124.77999877929688,124.8499984741211,63342900,126.2699966430664,125.58142743791852,128.0321431841169,130.68233388264974,124.69000244140624
2021-05-19,123.16000366210938,124.91999816894533,122.86000061035156,124.69000244140624,92612000,124.8499984741211,125.27285657610211,127.40428652082171,130.57533391316733,127.30999755859376
2021-05-20,125.2300033569336,127.72000122070312,125.0999984741211,127.30999755859376,76857100,124.69000244140624,125.47285570417132,127.10785729544503,130.4736671447754,125.43000030517578
2021-05-21,127.81999969482422,128.0,125.20999908447266,125.43000030517578,79295400,127.30999755859376,125.8528562273298,126.6000006539481,130.2213338216146,127.0999984741211
2021-05-24,126.01000213623048,127.94000244140624,125.94000244140624,127.0999984741211,63092900,125.43000030517578,126.15714154924665,126.54642922537667,130.08333358764648,126.9000015258789
2021-05-25,127.81999969482422,128.32000732421875,126.31999969482422,126.9000015258789,72009500,127.0999984741211,126.07857077462333,126.46071461268834,129.83233388264975,126.8499984741211
2021-05-26,126.95999908447266,127.38999938964844,126.41999816894533,126.8499984741211,56575900,126.9000015258789,126.16142817905971,126.25428553989956,129.65966720581054,125.27999877929688
2021-05-27,126.44000244140624,127.63999938964844,125.08000183105467,125.27999877929688,94625600,126.8499984741211,126.22285679408482,125.90214211600167,129.35233383178712,124.61000061035156
2021-05-28,125.56999969482422,125.8000030517578,124.5500030517578,124.61000061035156,71311100,125.27999877929688,126.211427961077,125.74214226858956,129.03400039672852,124.27999877929688
2021-06-01,125.08000183105467,125.3499984741211,123.94000244140624,124.27999877929688,67637100,124.61000061035156,125.77857099260602,125.62571334838867,128.68200047810873,125.05999755859376
2021-06-02,124.27999877929688,125.23999786376952,124.0500030517578,125.05999755859376,59278900,124.27999877929688,125.72571345738002,125.78928484235492,128.41366704305014,123.54000091552734
2021-06-03,124.68000030517578,124.8499984741211,123.12999725341795,123.54000091552734,76229200,125.05999755859376,125.21714237758091,125.68714196341378,128.0816670735677,125.88999938964844
2021-06-04,124.06999969482422,126.16000366210938,123.8499984741211,125.88999938964844,75169300,123.54000091552734,125.07285635811942,125.57571356637138,127.88000030517578,125.9000015258789
2021-06-07,126.16999816894533,126.31999969482422,124.83000183105467,125.9000015258789,71057600,125.88999938964844,124.93714250837054,125.54928534371513,127.59933344523112,126.73999786376952
2021-06-08,126.5999984741211,128.4600067138672,126.20999908447266,126.73999786376952,74403800,125.9000015258789,125.14571380615234,125.68428530011859,127.33333333333333,127.12999725341795
2021-06-09,127.20999908447266,127.75,126.5199966430664,127.12999725341795,56877900,126.73999786376952,125.5057133265904,125.8585706438337,127.09133326212564,126.11000061035156
2021-06-10,127.0199966430664,128.19000244140625,125.94000244140624,126.11000061035156,71186400,127.12999725341795,125.76714215959821,125.77285657610211,126.84233322143555,127.3499984741211
2021-06-11,126.52999877929688,127.44000244140624,126.0999984741211,127.3499984741211,53522400,126.11000061035156,126.0942851475307,125.90999930245536,126.63799997965495,130.47999572753906
2021-06-14,127.81999969482422,130.5399932861328,127.06999969482422,130.47999572753906,96906500,127.3499984741211,127.08571297781808,126.1514276776995,126.60533294677734,129.63999938964844
2021-06-15,129.94000244140625,130.60000610351562,129.38999938964844,129.63999938964844,62746300,130.47999572753906,127.62142726353237,126.34714181082589,126.5086664835612,130.14999389648438
2021-06-16,130.3699951171875,130.88999938964844,128.4600067138672,130.14999389648438,91815000,129.63999938964844,128.22856903076172,126.58285576956612,126.58533299763998,131.7899932861328
2021-06-17,129.8000030517578,132.5500030517578,129.64999389648438,131.7899932861328,96721700,130.14999389648438,128.9499969482422,127.04785537719727,126.70833257039388,130.4600067138672
2021-06-18,130.7100067138672,131.50999450683594,130.24000549316406,130.4600067138672,108953300,131.7899932861328,129.42571258544922,127.46571295601981,126.73233261108399,132.3000030517578
2021-06-21,130.3000030517578,132.41000366210938,129.2100067138672,132.3000030517578,79663300,130.4600067138672,130.30999864850725,128.03857040405273,126.80199915568033,133.97999572753906
2021-06-22,132.1300048828125,134.0800018310547,131.6199951171875,133.97999572753906,74783600,132.3000030517578,131.25714111328125,128.67571313040597,127.03966573079427,133.6999969482422
2021-06-23,133.77000427246094,134.32000732421875,133.22999572753906,133.6999969482422,60214200,133.97999572753906,131.7171412876674,129.40142713274275,127.29933217366536,133.41000366210938
2021-06-24,134.4499969482422,134.63999938964844,132.92999267578125,133.41000366210938,68711000,133.6999969482422,132.2557133265904,129.9385702950614,127.65399907430013,133.11000061035156
2021-06-25,133.4600067138672,133.88999938964844,132.80999755859375,133.11000061035156,70783700,133.41000366210938,132.67857142857142,130.45357022966658,127.9253323872884,134.77999877929688
2021-06-28,133.41000366210938,135.25,133.35000610351562,134.77999877929688,62111300,133.11000061035156,133.10571507045202,131.0278560093471,128.1696657816569,136.3300018310547
2021-06-29,134.8000030517578,136.49000549316406,134.35000610351562,136.3300018310547,64556100,134.77999877929688,133.9442858014788,131.684999193464,128.50499928792317,136.9600067138672
2021-06-30,136.1699981689453,137.41000366210938,135.8699951171875,136.9600067138672,63261400,136.3300018310547,134.61000061035156,132.4599996294294,128.90866622924804,137.27000427246094
2021-07-01,136.60000610351562,137.3300018310547,135.75999450683594,137.27000427246094,52485800,136.9600067138672,135.0800018310547,133.16857147216797,129.32799962361653,139.9600067138672
2021-07-02,137.89999389648438,140.0,137.75,139.9600067138672,78852600,137.27000427246094,135.9742889404297,133.84571511404855,129.749666595459,142.02000427246094
2021-07-06,140.07000732421875,143.14999389648438,140.07000732421875,142.02000427246094,108181800,139.9600067138672,137.20428902762276,134.73000117710657,130.30266672770182,144.57000732421875
2021-07-07,143.5399932861328,144.88999938964844,142.66000366210938,144.57000732421875,104911600,142.02000427246094,138.84143284388952,135.76000213623047,130.8850003560384,143.24000549316406
2021-07-08,141.5800018310547,144.05999755859375,140.6699981689453,143.24000549316406,105575500,144.57000732421875,140.05000523158483,136.57786015101843,131.4296671549479,145.11000061035156
2021-07-09,142.75,145.64999389648438,142.64999389648438,145.11000061035156,99890800,143.24000549316406,141.30429077148438,137.62428828648157,132.03833389282227,144.5
2021-07-12,146.2100067138672,146.32000732421875,144.0,144.5,76299700,145.11000061035156,142.38143266950334,138.49571663992745,132.67900060017902,145.63999938964844
2021-07-13,144.02999877929688,147.4600067138672,143.6300048828125,145.63999938964844,100827100,144.5,143.57714625767298,139.32857404436385,133.38000055948893,149.14999389648438
2021-07-14,148.10000610351562,149.57000732421875,147.67999267578125,149.14999389648438,127050800,145.63999938964844,144.89000156947546,140.43214525495256,134.20900039672853,148.47999572753906
2021-07-15,149.24000549316406,150.0,147.08999633789062,148.47999572753906,106820300,149.14999389648438,145.81285749162947,141.5085732596261,134.98966700236002,146.38999938964844
2021-07-16,148.4600067138672,149.75999450683594,145.8800048828125,146.38999938964844,93251400,148.47999572753906,146.07285635811942,142.45714460100447,135.75133361816407,142.4499969482422
2021-07-19,143.75,144.07000732421875,141.6699981689453,142.4499969482422,121434600,146.38999938964844,145.95999799455916,143.00500161307198,136.30333353678387,146.14999389648438
2021-07-20,143.4600067138672,147.10000610351562,142.9600067138672,146.14999389648438,96350000,142.4499969482422,146.1085684640067,143.70642961774553,136.97833328247071,145.39999389648438
2021-07-21,145.52999877929688,146.1300048828125,144.6300048828125,145.39999389648438,74993500,146.14999389648438,146.23713902064733,144.30928584507532,137.60033315022787,146.8000030517578
2021-07-22,145.94000244140625,148.1999969482422,145.80999755859375,146.8000030517578,77338200,145.39999389648438,146.4028538295201,144.99000004359655,138.25600001017253,148.55999755859375
2021-07-23,147.5500030517578,148.72000122070312,146.9199981689453,148.55999755859375,71447400,146.8000030517578,146.31856863839286,145.60428510393416,139.00433324178059,148.99000549316406
2021-07-26,148.27000427246094,149.8300018310547,147.6999969482422,148.99000549316406,72434100,148.55999755859375,146.39142717633928,146.10214233398438,139.72566680908204,146.77000427246094
2021-07-27,149.1199951171875,149.2100067138672,145.5500030517578,146.77000427246094,104818600,148.99000549316406,146.44571358816964,146.25928497314453,140.26866709391277,144.97999572753906
2021-07-28,144.80999755859375,146.97000122070312,142.5399932861328,144.97999572753906,118931200,146.77000427246094,146.80714198521204,146.38356998988561,140.78000030517578,145.63999938964844
2021-07-29,144.69000244140625,146.5500030517578,144.5800018310547,145.63999938964844,56699500,144.97999572753906,146.73428562709265,146.42142704554968,141.29633382161458,145.86000061035156
2021-07-30,144.3800048828125,146.3300018310547,144.11000061035156,145.86000061035156,70440600,145.63999938964844,146.8000008719308,146.51856994628906,141.7653340657552,145.52000427246094
2021-08-02,146.36000061035156,146.9499969482422,145.25,145.52000427246094,62880000,145.86000061035156,146.61714390345983,146.50999886648995,142.267333984375,147.36000061035156
2021-08-03,145.80999755859375,148.0399932861328,145.17999267578125,147.36000061035156,64786600,145.52000427246094,146.44571576799666,146.38214220319475,142.7693339029948,146.9499969482422
2021-08-04,147.27000427246094,147.7899932861328,146.27999877929688,146.9499969482422,56368300,147.36000061035156,146.15428597586495,146.27285657610213,143.20166727701823,147.05999755859375
2021-08-05,146.97999572753906,147.83999633789062,146.1699981689453,147.05999755859375,46397700,146.9499969482422,146.19571358816964,146.32071358816964,143.64700063069662,146.13999938964844
2021-08-06,146.35000610351562,147.11000061035156,145.6300048828125,146.13999938964844,54126800,147.05999755859375,146.3614283970424,146.58428519112724,144.0713338216146,146.08999633789062
2021-08-09,146.1999969482422,146.6999969482422,145.52000427246094,146.08999633789062,48908700,146.13999938964844,146.42571367536272,146.57999965122767,144.50400034586588,145.60000610351562
2021-08-10,146.44000244140625,147.7100067138672,145.3000030517578,145.60000610351562,69023100,146.08999633789062,146.3885716029576,146.5942862374442,144.8646672566732,145.86000061035156
2021-08-11,146.0500030517578,146.72000122070312,145.52999877929688,145.86000061035156,48493500,145.60000610351562,146.43714250837053,146.52714320591517,145.18233388264974,148.88999938964844
2021-08-12,146.19000244140625,149.0500030517578,145.83999633789062,148.88999938964844,72282600,145.86000061035156,146.6557137625558,146.55071476527624,145.5800003051758,149.10000610351562
2021-08-13,148.97000122070312,149.44000244140625,148.27000427246094,149.10000610351562,59375000,148.88999938964844,146.96285792759485,146.5585719517299,145.97433369954427,151.1199951171875
2021-08-16,148.5399932861328,151.19000244140625,146.47000122070312,151.1199951171875,103296000,149.10000610351562,147.54285757882255,146.8692855834961,146.3463333129883,150.19000244140625
2021-08-17,150.22999572753906,151.67999267578125,149.08999633789062,150.19000244140625,92229700,151.1199951171875,148.12142944335938,147.2414289202009,146.61866658528646,146.36000061035156
2021-08-18,149.8000030517578,150.72000122070312,146.14999389648438,146.36000061035156,86326000,150.19000244140625,148.16000148228235,147.29285757882255,146.67833302815754,146.6999969482422
2021-08-19,145.02999877929688,148.0,144.5,146.6999969482422,86960300,146.36000061035156,148.317143031529,147.3528573172433,146.79366607666014,148.19000244140625
2021-08-20,147.44000244140625,148.5,146.77999877929688,148.19000244140625,60549600,146.6999969482422,148.6500004359654,147.54357147216797,146.89633280436198,149.7100067138672
2021-08-23,148.30999755859375,150.19000244140625,147.88999938964844,149.7100067138672,60131800,148.19000244140625,148.76714433942522,147.71142905099052,147.06999969482422,149.6199951171875
2021-08-24,149.4499969482422,150.86000061035156,149.14999389648438,149.6199951171875,48606400,149.7100067138672,148.84142848423548,147.90214320591517,147.20266621907552,148.36000061035156
2021-08-25,149.80999755859375,150.32000732421875,147.8000030517578,148.36000061035156,58991300,149.6199951171875,148.4471435546875,147.995000566755,147.17633310953775,147.5399932861328
2021-08-26,148.35000610351562,149.1199951171875,147.50999450683594,147.5399932861328,48597200,148.36000061035156,148.06857081821985,148.09500013078963,147.1449996948242,148.60000610351562
2021-08-27,147.47999572753906,148.75,146.8300018310547,148.60000610351562,55802400,147.5399932861328,148.3885716029576,148.27428654262,147.21866658528646,153.1199951171875
2021-08-30,149.0,153.49000549316406,148.61000061035156,153.1199951171875,90956700,148.60000610351562,149.3057141985212,148.8114286150251,147.57433319091797,151.8300018310547
2021-08-31,152.66000366210938,152.8000030517578,151.2899932861328,151.8300018310547,86453100,153.1199951171875,149.82571411132812,149.23785727364677,147.76366678873697,152.50999450683594
2021-09-01,152.8300018310547,154.97999572753906,152.33999633789062,152.50999450683594,80313700,151.8300018310547,150.2257123674665,149.49642835344588,148.00066680908202,153.64999389648438
2021-09-02,153.8699951171875,154.72000122070312,152.39999389648438,153.64999389648438,71115500,152.50999450683594,150.80142647879464,149.82142748151506,148.22899983723957,154.3000030517578
2021-09-03,153.75999450683594,154.6300048828125,153.08999633789062,154.3000030517578,57808700,153.64999389648438,151.6499982561384,150.04857090541296,148.4203333536784,156.69000244140625
2021-09-07,154.97000122070312,157.25999450683594,154.38999938964844,156.69000244140625,82278300,154.3000030517578,152.95714242117745,150.51285661969865,148.6769999186198,155.11000061035156
2021-09-08,156.97999572753906,157.0399932861328,153.97999572753906,155.11000061035156,74420200,156.69000244140625,153.88714163643974,151.13785661969865,148.9549997965495,154.07000732421875
2021-09-09,155.49000549316406,156.11000061035156,153.9499969482422,154.07000732421875,57305700,155.11000061035156,154.02285766601562,151.66428593226843,149.25800018310548,148.97000122070312
2021-09-10,155.0,155.47999572753906,148.6999969482422,148.97000122070312,140893200,154.07000732421875,153.6142861502511,151.72000013078963,149.36900024414064,149.5500030517578
2021-09-13,150.6300048828125,151.4199981689453,148.75,149.5500030517578,102404300,148.97000122070312,153.1914302280971,151.70857129778182,149.49200032552082,148.1199951171875
2021-09-14,150.35000610351562,151.07000732421875,146.91000366210938,148.1199951171875,109296300,149.5500030517578,152.40143040248327,151.60142844063895,149.57866668701172,149.02999877929688
2021-09-15,148.55999755859375,149.44000244140625,146.3699951171875,149.02999877929688,83281300,148.1199951171875,151.64857264927454,151.64928545270647,149.63433329264322,148.7899932861328
2021-09-16,148.44000244140625,148.97000122070312,147.22000122070312,148.7899932861328,68034100,149.02999877929688,150.51999991280692,151.7385711669922,149.69566650390624,146.05999755859375
2021-09-17,148.82000732421875,148.82000732421875,145.75999450683594,146.05999755859375,129868800,148.7899932861328,149.22714233398438,151.55714198521204,149.6623331705729,142.94000244140625
2021-09-20,143.8000030517578,144.83999633789062,141.27000427246094,142.94000244140625,123478900,146.05999755859375,147.63714163643974,150.82999965122767,149.5556666056315,143.42999267578125
2021-09-21,143.92999267578125,144.60000610351562,142.77999877929688,143.42999267578125,75834000,142.94000244140625,146.84571184430803,150.22999899727958,149.46699981689454,145.85000610351562
2021-09-22,144.4499969482422,146.42999267578125,143.6999969482422,145.85000610351562,76404300,143.42999267578125,146.31714085170202,149.75428553989954,149.47533315022787,146.8300018310547
2021-09-23,146.64999389648438,147.0800018310547,145.63999938964844,146.8300018310547,64838200,145.85000610351562,146.13285609654017,149.26714324951172,149.5076665242513,146.9199981689453
2021-09-24,145.66000366210938,147.47000122070312,145.55999755859375,146.9199981689453,53477900,146.8300018310547,145.83142743791853,148.74000004359655,149.44199981689454,145.3699951171875
2021-09-27,145.47000122070312,145.9600067138672,143.82000732421875,145.3699951171875,74150700,146.9199981689453,145.34285627092635,147.93142809186662,149.31766611735026,141.91000366210938
2021-09-28,143.25,144.75,141.69000244140625,141.91000366210938,108972300,145.3699951171875,144.75,146.9885711669922,149.010666402181,142.8300018310547
2021-09-29,142.47000122070312,144.4499969482422,142.02999877929688,142.8300018310547,74602000,141.91000366210938,144.73428562709265,146.1857136317662,148.7653330485026,141.5
2021-09-30,143.66000366210938,144.3800048828125,141.27999877929688,141.5,89056700,142.8300018310547,144.4585723876953,145.65214211600167,148.60333302815755,142.64999389648438
2021-10-01,141.89999389648438,142.9199981689453,139.11000061035156,142.64999389648438,94639600,141.5,144.00142778669084,145.15928431919642,148.46833292643228,139.13999938964844
2021-10-04,141.75999450683594,142.2100067138672,138.27000427246094,139.13999938964844,98322000,142.64999389648438,142.9028560093471,144.51785605294364,148.16666615804036,141.11000061035156
2021-10-05,139.49000549316406,142.24000549316406,139.36000061035156,141.11000061035156,80861100,139.13999938964844,142.07285635811942,143.95214189801897,147.87999928792317,142.0
2021-10-06,139.47000122070312,142.14999389648438,138.3699951171875,142.0,83221100,141.11000061035156,141.59142848423548,143.46714237758093,147.6259994506836,143.2899932861328
2021-10-07,143.05999755859375,144.22000122070312,142.72000122070312,143.2899932861328,61732700,142.0,141.788569859096,143.26928492954798,147.45699920654297,142.89999389648438
2021-10-08,144.02999877929688,144.17999267578125,142.55999755859375,142.89999389648438,58773200,143.2899932861328,141.79856872558594,143.26642717633928,147.30233256022134,142.80999755859375
2021-10-11,142.27000427246094,144.80999755859375,141.80999755859375,142.80999755859375,64452200,142.89999389648438,141.98571123395647,143.2221418108259,147.1093322753906,141.50999450683594
2021-10-12,143.22999572753906,143.25,141.0399932861328,141.50999450683594,73035900,142.80999755859375,141.8228541782924,142.91214098249162,146.7223322550456,140.91000366210938
2021-10-13,141.24000549316406,141.39999389648438,139.1999969482422,140.91000366210938,78762700,141.50999450683594,142.0757119315011,142.4892839704241,146.35833231608072,143.75999450683594
2021-10-14,142.11000061035156,143.8800048828125,141.50999450683594,143.75999450683594,69907100,140.91000366210938,142.45428248814173,142.26356942313058,146.06666564941406,144.83999633789062
2021-10-15,143.77000427246094,144.89999389648438,143.50999450683594,144.83999633789062,67940300,143.75999450683594,142.85999625069755,142.2257123674665,145.77299906412762,146.5500030517578
2021-10-18,143.4499969482422,146.83999633789062,143.16000366210938,146.5500030517578,85589200,144.83999633789062,143.3257119315011,142.55714089529855,145.51466573079426,148.75999450683594
2021-10-19,147.00999450683594,149.1699981689453,146.5500030517578,148.75999450683594,76378900,146.5500030517578,144.16285487583704,142.9807118007115,145.25033213297527,149.25999450683594
2021-10-20,148.6999969482422,149.75,148.1199951171875,149.25999450683594,58418800,148.75999450683594,145.08428301130022,143.53499712262834,145.05533192952473,149.47999572753906
2021-10-21,148.80999755859375,149.63999938964844,147.8699951171875,149.47999572753906,61421000,149.25999450683594,146.2228546142578,144.0228543962751,144.90233154296874,148.69000244140625
2021-10-22,149.69000244140625,150.17999267578125,148.63999938964844,148.69000244140625,58883400,149.47999572753906,147.33428301130022,144.70499747140067,144.89299825032552,148.63999938964844
2021-10-25,148.67999267578125,149.3699951171875,147.6199951171875,148.63999938964844,50720600,148.69000244140625,148.03142656598772,145.24285452706474,144.86266479492187,149.32000732421875
2021-10-26,149.3300018310547,150.83999633789062,149.00999450683594,149.32000732421875,60893400,148.63999938964844,148.67142813546317,145.76571219308036,144.9026652018229,148.85000610351562
2021-10-27,149.36000061035156,149.72999572753906,148.49000549316406,148.85000610351562,56094900,149.32000732421875,149.0,146.16285596575057,144.89666544596355,152.57000732421875
2021-10-28,149.82000732421875,153.1699981689453,149.72000122070312,152.57000732421875,100077900,148.85000610351562,149.5442875453404,146.85357121058874,145.02266591389974,149.8000030517578
2021-10-29,147.22000122070312,149.94000244140625,146.41000366210938,149.8000030517578,124953200,152.57000732421875,149.6214316231864,147.3528573172433,145.14733276367187,148.9600067138672
2021-11-01,148.99000549316406,149.6999969482422,147.8000030517578,148.9600067138672,74588300,149.8000030517578,149.5471474783761,147.88500104631697,145.3479995727539,150.02000427246094
2021-11-02,148.66000366210938,151.57000732421875,148.64999389648438,150.02000427246094,69122000,148.9600067138672,149.73714773995536,148.5357153756278,145.56766662597656,151.49000549316406
2021-11-03,150.38999938964844,151.97000122070312,149.82000732421875,151.49000549316406,54511500,150.02000427246094,150.144291469029,149.08785901750838,145.75566660563152,150.9600067138672
2021-11-04,151.5800018310547,152.42999267578125,150.63999938964844,150.9600067138672,60394600,151.49000549316406,150.37857709612166,149.5250026157924,145.8933334350586,151.27999877929688
2021-11-05,151.88999938964844,152.1999969482422,150.05999755859375,151.27999877929688,65463900,150.9600067138672,150.72571890694755,149.86285945347376,146.03866678873698,150.44000244140625
2021-11-08,151.41000366210938,151.57000732421875,150.16000366210938,150.44000244140625,55020900,151.27999877929688,150.4214324951172,149.9828600202288,146.2076670328776,150.80999755859375
2021-11-09,150.1999969482422,151.42999267578125,150.05999755859375,150.80999755859375,56787900,150.44000244140625,150.56571742466517,150.09357452392578,146.50433349609375,147.9199981689453
2021-11-10,150.02000427246094,150.1300048828125,147.85000610351562,147.9199981689453,65187100,150.80999755859375,150.41714477539062,149.98214612688338,146.67400004069012,147.8699951171875
2021-11-11,148.9600067138672,149.42999267578125,147.67999267578125,147.8699951171875,41000000,147.9199981689453,150.11000061035156,149.92357417515345,146.886333211263,149.99000549316406
2021-11-12,148.42999267578125,150.39999389648438,147.47999572753906,149.99000549316406,63804000,147.8699951171875,149.89571489606584,150.02000318254744,147.13100026448566,150.0
2021-11-15,150.3699951171875,151.8800048828125,149.42999267578125,150.0,59222800,149.99000549316406,149.7585710797991,150.06857408796037,147.49300028483074,151.0
2021-11-16,149.94000244140625,151.49000549316406,149.33999633789062,151.0,59256200,150.0,149.71857125418526,150.2221450805664,147.82266693115236,153.49000549316406
2021-11-17,151.0,155.0,150.99000549316406,153.49000549316406,88807000,151.0,150.15428597586495,150.28785923549108,148.2056671142578,157.8699951171875
2021-11-18,153.7100067138672,158.6699981689453,153.0500030517578,157.8699951171875,137827700,153.49000549316406,151.16285705566406,150.86428724016463,148.69166717529296,160.5500030517578
2021-11-19,157.64999389648438,161.02000427246094,156.52999877929688,160.5500030517578,117305600,157.8699951171875,152.96714346749442,151.6921441214425,149.28000081380208,161.02000427246094
2021-11-22,161.67999267578125,165.6999969482422,161.0,161.02000427246094,117467900,160.5500030517578,154.84571620396204,152.47785840715682,149.88700103759766,161.41000366210938
2021-11-23,161.1199951171875,161.8000030517578,159.05999755859375,161.41000366210938,96041900,161.02000427246094,156.4771445138114,153.1864297049386,150.55033467610676,161.94000244140625
2021-11-24,160.75,162.13999938964844,159.63999938964844,161.94000244140625,69463600,161.41000366210938,158.18285914829798,153.97071511404855,151.25133463541667,156.80999755859375
2021-11-26,159.57000732421875,160.4499969482422,156.36000061035156,156.80999755859375,76959800,161.94000244140625,159.01285879952567,154.36571502685547,151.68633473714192,160.24000549316406
2021-11-29,159.3699951171875,161.19000244140625,158.7899932861328,160.24000549316406,88748200,156.80999755859375,159.9771445138114,155.06571524483817,152.19966837565104,165.3000030517578
2021-11-30,159.99000549316406,165.52000427246094,159.9199981689453,165.3000030517578,174048100,160.24000549316406,161.03857421875,156.10071563720703,152.82466837565104,164.77000427246094
2021-12-01,167.47999572753906,170.3000030517578,164.52999877929688,164.77000427246094,152052500,165.3000030517578,161.6414315359933,157.30428750174386,153.35833536783855,163.75999450683594
2021-12-02,158.74000549316406,164.1999969482422,157.8000030517578,163.75999450683594,136739200,164.77000427246094,162.0328587123326,158.43928745814733,153.84166870117187,161.83999633789062
2021-12-03,164.02000427246094,164.9600067138672,159.72000122070312,161.83999633789062,118023100,163.75999450683594,162.0942862374442,159.2857153756278,154.25366872151693,165.32000732421875
2021-12-06,164.2899932861328,167.8800048828125,164.27999877929688,165.32000732421875,107497000,161.83999633789062,162.577144077846,160.38000161307198,154.80800221761066,171.17999267578125
2021-12-07,169.0800018310547,171.5800018310547,168.33999633789062,171.17999267578125,120405400,165.32000732421875,164.6300005231585,161.82142966134208,155.55933532714843,175.0800018310547
2021-12-08,172.1300048828125,175.9600067138672,170.6999969482422,175.0800018310547,116998900,171.17999267578125,166.75,163.36357225690568,156.41800181070963,174.55999755859375
2021-12-09,174.91000366210938,176.75,173.9199981689453,174.55999755859375,108923700,175.0800018310547,168.07285635811942,164.5557152884347,157.2750015258789,179.4499969482422
2021-12-10,175.2100067138672,179.6300048828125,174.69000244140625,179.4499969482422,115402700,174.55999755859375,170.1699981689453,165.90571485246932,158.171001180013,175.74000549316406
2021-12-13,181.1199951171875,182.1300048828125,175.52999877929688,175.74000549316406,153237000,179.4499969482422,171.88142830984933,166.95714351109095,159.0356679280599,174.3300018310547
2021-12-14,175.25,177.74000549316406,172.2100067138672,174.3300018310547,139380400,175.74000549316406,173.66571480887276,167.8800005231585,159.88133443196614,179.3000030517578
2021-12-15,175.11000061035156,179.5,172.30999755859375,179.3000030517578,131063300,174.3300018310547,175.66285705566406,169.120000566755,160.85733439127605,172.25999450683594
2021-12-16,179.27999877929688,181.13999938964844,170.75,172.25999450683594,150185800,179.3000030517578,175.817143031529,170.22357177734375,161.54966735839844,171.13999938964844
2021-12-17,169.92999267578125,173.47000122070312,169.69000244140625,171.13999938964844,195432700,172.25999450683594,175.25428553989954,171.00214276994978,162.2223337809245,169.75
2021-12-20,168.27999877929688,170.5800018310547,167.4600067138672,169.75,107499100,171.13999938964844,174.567143031529,171.31999969482422,162.83800048828124,172.99000549316406
2021-12-21,171.55999755859375,173.1999969482422,169.1199951171875,172.99000549316406,91185900,169.75,173.644287109375,171.90714263916016,163.58966725667318,175.63999938964844
2021-12-22,173.0399932861328,175.86000061035156,172.14999389648438,175.63999938964844,92135300,172.99000549316406,173.6300005231585,172.7557144165039,164.417333984375,176.27999877929688
2021-12-23,175.85000610351562,176.85000610351562,175.27000427246094,176.27999877929688,68356600,175.63999938964844,173.90857151576452,173.78714316231864,165.3626673380534,180.3300018310547
2021-12-27,177.08999633789062,180.4199981689453,177.07000732421875,180.3300018310547,74919600,176.27999877929688,174.0557141985212,174.85928562709265,166.44466756184895,179.2899932861328
2021-12-28,180.16000366210935,181.3300018310547,178.52999877929688,179.2899932861328,79144300,180.3300018310547,175.05999973842077,175.4385713849749,167.42133382161458,179.3800048828125
2021-12-29,179.3300018310547,180.6300048828125,178.13999938964844,179.3800048828125,62348900,179.2899932861328,176.23714338030135,175.74571446010046,168.40066731770833,178.1999969482422
2021-12-30,179.47000122070312,180.57000732421875,178.08999633789062,178.1999969482422,59773000,179.3800048828125,177.4442858014788,176.0057144165039,169.30733388264974,177.57000732421875
2021-12-31,178.08999633789062,179.22999572753906,177.25999450683594,177.57000732421875,64062300,178.1999969482422,178.09857177734375,175.87142944335938,170.11000061035156,182.00999450683597
2022-01-03,177.8300018310547,182.8800048828125,177.7100067138672,182.00999450683597,104487900,177.57000732421875,179.0085710797991,176.3192858014788,170.91466725667317,179.6999969482422
2022-01-04,182.6300048828125,182.94000244140625,179.1199951171875,179.6999969482422,99310400,182.00999450683597,179.4971422467913,176.7028568812779,171.553000386556,174.9199981689453
2022-01-05,179.61000061035156,180.1699981689453,174.63999938964844,174.9199981689453,94537600,179.6999969482422,178.72428458077567,176.38999938964844,172.0163335164388,172.0
2022-01-06,172.6999969482422,175.3000030517578,171.63999938964844,172.0,96904000,174.9199981689453,177.682856968471,176.37142835344588,172.36933339436848,172.1699981689453
2022-01-07,172.88999938964844,174.13999938964844,171.02999877929688,172.1699981689453,86709100,172.0,176.6528560093471,176.44499969482422,172.71033325195313,172.19000244140625
2022-01-10,169.0800018310547,172.5,168.1699981689453,172.19000244140625,106765600,172.1699981689453,175.7942853655134,176.6192855834961,173.2230000813802,175.0800018310547
2022-01-11,172.32000732421875,175.17999267578125,170.82000732421875,175.0800018310547,76138300,172.19000244140625,175.4385702950614,176.76857103620256,173.71766662597656,175.52999877929688
2022-01-12,176.1199951171875,177.17999267578125,174.82000732421875,175.52999877929688,74805200,175.0800018310547,174.51285661969865,176.7607138497489,174.0586664835612,172.19000244140625
2022-01-13,175.77999877929688,176.6199951171875,171.7899932861328,172.19000244140625,84505800,175.52999877929688,173.44000026157923,176.46857125418526,174.30599975585938,173.07000732421875
2022-01-14,171.33999633789062,173.77999877929688,171.08999633789062,173.07000732421875,80440800,172.19000244140625,173.17571585518974,175.9500002179827,174.6163335164388,169.8000030517578
2022-01-18,171.50999450683594,172.5399932861328,169.41000366210938,169.8000030517578,90956700,173.07000732421875,172.86143057686942,175.2721437726702,174.8816670735677,166.22999572753906
2022-01-19,170.0,171.0800018310547,165.94000244140625,166.22999572753906,94815000,169.8000030517578,172.01285879952567,174.3328574044364,174.91200002034506,164.50999450683594
2022-01-20,166.97999572753906,169.67999267578125,164.17999267578125,164.50999450683594,91420500,166.22999572753906,170.91571480887276,173.35500008719308,174.68966674804688,162.41000366210938
2022-01-21,164.4199981689453,166.3300018310547,162.3000030517578,162.41000366210938,122848900,164.50999450683594,169.10571507045202,172.2721426827567,174.2673334757487,161.6199951171875
2022-01-24,160.02000427246094,162.3000030517578,154.6999969482422,161.6199951171875,162294600,162.41000366210938,167.11857169015067,170.81571415492468,173.83600006103515,159.77999877929688
2022-01-25,158.97999572753906,162.75999450683594,157.02000427246094,159.77999877929688,115798400,161.6199951171875,165.34571402413505,169.39285714285714,173.18033345540366,159.69000244140625
2022-01-26,163.5,164.38999938964844,157.82000732421875,159.69000244140625,108275300,159.77999877929688,163.43428475516183,168.30500030517578,172.64533335367838,159.22000122070312
2022-01-27,162.4499969482422,163.83999633789062,158.27999877929688,159.22000122070312,121954600,159.69000244140625,161.922855922154,167.39214324951172,172.14166666666668,170.3300018310547
2022-01-28,165.7100067138672,170.35000610351562,162.8000030517578,170.3300018310547,179935700,159.22000122070312,162.5085710797991,167.2607149396624,171.84266662597656,174.77999877929688
2022-01-31,170.16000366210938,175.0,169.50999450683594,174.77999877929688,115541600,170.3300018310547,163.97571454729353,167.44571467808314,171.92666676839193,174.61000061035156
2022-02-01,174.00999450683594,174.83999633789062,172.30999755859375,174.61000061035156,86213900,174.77999877929688,165.71857125418526,167.41214316231864,172.0423334757487,175.83999633789062
2022-02-02,174.75,175.8800048828125,173.3300018310547,175.83999633789062,84914300,174.61000061035156,167.75,167.43428584507532,172.24533335367838,172.89999389648438
2022-02-03,174.47999572753906,176.24000549316406,172.1199951171875,172.89999389648438,89418100,175.83999633789062,169.62428501674108,167.48499952043807,172.2423329671224,172.38999938964844
2022-02-04,171.67999267578125,174.10000610351562,170.67999267578125,172.38999938964844,82465400,172.89999389648438,171.4385702950614,167.4364275251116,172.13399963378907,171.66000366210938
2022-02-07,172.86000061035156,173.9499969482422,170.9499969482422,171.66000366210938,77251200,172.38999938964844,173.21571350097656,167.5692847115653,171.9799997965495,174.8300018310547
2022-02-08,171.72999572753906,175.35000610351562,171.42999267578125,174.8300018310547,74829200,171.66000366210938,173.8585706438337,168.1835708618164,171.79666646321616,176.27999877929688
2022-02-09,176.0500030517578,176.64999389648438,174.89999389648438,176.27999877929688,71285000,174.8300018310547,174.07285635811942,169.02428545270647,171.6963333129883,172.1199951171875
2022-02-10,174.13999938964844,175.47999572753906,171.5500030517578,172.1199951171875,90865900,176.27999877929688,173.7171412876674,169.71785627092635,171.45433298746744,168.63999938964844
2022-02-11,172.3300018310547,173.0800018310547,168.0399932861328,168.63999938964844,98670700,172.1199951171875,172.6885702950614,170.21928514753068,171.135666402181,168.8800048828125
2022-02-14,167.3699951171875,169.5800018310547,166.55999755859375,168.8800048828125,86185500,168.63999938964844,172.1142861502511,170.8692855834961,170.84599965413412,172.7899932861328
2022-02-15,170.97000122070312,172.9499969482422,170.25,172.7899932861328,62527400,168.8800048828125,172.17142813546317,171.80499921526228,170.53866628011068,172.5500030517578
2022-02-16,171.85000610351562,173.33999633789062,170.0500030517578,172.5500030517578,61177400,172.7899932861328,172.29857090541296,172.75714220319475,170.30033315022786,168.8800048828125
2022-02-17,171.02999877929688,171.91000366210938,168.47000122070312,168.8800048828125,69589300,172.5500030517578,171.44857134137834,172.65357099260603,170.0990000406901,167.3000030517578
2022-02-18,169.82000732421875,170.5399932861328,166.19000244140625,167.3000030517578,82772700,168.8800048828125,170.16571480887276,172.1192855834961,169.9423334757487,164.32000732421875
2022-02-22,164.97999572753906,166.69000244140625,162.14999389648438,164.32000732421875,91162800,167.3000030517578,169.05143083844865,171.38428606305803,169.6806671142578,160.07000732421875
2022-02-23,165.5399932861328,166.14999389648438,159.75,160.07000732421875,90009200,164.32000732421875,167.82714625767298,170.2578582763672,169.27666727701822,162.74000549316406
2022-02-24,152.5800018310547,162.85000610351562,152.0,162.74000549316406,141147500,160.07000732421875,166.95000348772322,169.53214481898718,168.8653340657552,164.85000610351562
2022-02-25,163.83999633789062,165.1199951171875,160.8699951171875,164.85000610351562,91974200,162.74000549316406,165.8157196044922,168.99357386997767,168.50933430989582,165.1199951171875
2022-02-28,163.05999755859375,165.4199981689453,162.42999267578125,165.1199951171875,95056600,164.85000610351562,164.75428989955358,168.52643040248327,168.27366739908854,163.1999969482422
2022-03-01,164.6999969482422,166.60000610351562,161.97000122070312,163.1999969482422,83474400,165.1199951171875,163.94286019461495,167.69571576799666,167.94466705322264,166.55999755859375
2022-03-02,164.38999938964844,167.36000061035156,162.9499969482422,166.55999755859375,79724800,163.1999969482422,163.83714512416296,167.00142996651786,167.8366668701172,166.22999572753906
2022-03-03,168.47000122070312,168.91000366210938,165.5500030517578,166.22999572753906,76678400,166.55999755859375,164.11000061035156,166.5807157244001,167.8366668701172,163.1699981689453
2022-03-04,164.49000549316406,165.5500030517578,162.10000610351562,163.1699981689453,83737200,166.22999572753906,164.5528564453125,166.19000135149275,167.79200032552083,159.3000030517578
2022-03-07,163.36000061035156,165.02000427246094,159.0399932861328,159.3000030517578,96418800,163.1699981689453,164.0614275251116,165.5057155064174,167.6883336385091,157.44000244140625
2022-03-08,158.82000732421875,162.8800048828125,155.8000030517578,157.44000244140625,131148300,159.3000030517578,163.0028555733817,164.40928758893693,167.54900054931642,162.9499969482422
2022-03-09,161.47999572753906,163.41000366210938,159.41000366210938,162.9499969482422,91454900,157.44000244140625,162.69285583496094,163.72357286725725,167.65466715494793,158.52000427246094
2022-03-10,160.1999969482422,160.38999938964844,155.97999572753906,158.52000427246094,105342000,162.9499969482422,162.02428545270647,162.98357282366072,167.61566721598308,154.72999572753906
2022-03-11,158.92999267578125,159.27999877929688,154.5,154.72999572753906,96970100,158.52000427246094,160.33428519112724,162.0857151576451,167.46600036621095,150.6199951171875
2022-03-14,151.4499969482422,154.1199951171875,150.10000610351562,150.6199951171875,108732100,154.72999572753906,158.10428510393416,161.10714285714286,166.80900014241536,155.08999633789062
2022-03-15,150.89999389648438,155.57000732421875,150.3800048828125,155.08999633789062,92964300,150.6199951171875,156.9499991280692,160.75142778669084,166.1526667277018,159.58999633789062
2022-03-16,157.0500030517578,160.0,154.4600067138672,159.58999633789062,102300200,155.08999633789062,156.9914267403739,160.52642713274275,165.6519999186198,160.6199951171875
2022-03-17,158.61000061035156,161.0,157.6300048828125,160.6199951171875,75615400,159.58999633789062,157.44571140834265,160.22428349086218,165.14466654459636,163.97999572753906
2022-03-18,160.50999450683594,164.47999572753906,159.75999450683594,163.97999572753906,123511700,160.6199951171875,157.59285409109933,160.14285496303015,164.8473332722982,165.3800048828125
2022-03-21,163.50999450683594,166.35000610351562,163.00999450683594,165.3800048828125,95811400,163.97999572753906,158.5728541782924,160.29856981549943,164.613666788737,168.82000732421875
2022-03-22,165.50999450683594,169.4199981689453,164.91000366210938,168.82000732421875,81532000,165.3800048828125,160.58571297781808,160.45999908447266,164.5190002441406,170.2100067138672
2022-03-23,167.99000549316406,172.63999938964844,167.64999389648438,170.2100067138672,98062700,168.82000732421875,163.38428606305803,160.7442855834961,164.36500040690103,174.07000732421875
2022-03-24,171.05999755859375,174.13999938964844,170.2100067138672,174.07000732421875,90131400,170.2100067138672,166.09571620396204,161.52285766601562,164.2913340250651,174.72000122070312
2022-03-25,173.8800048828125,175.27999877929688,172.75,174.72000122070312,80546200,174.07000732421875,168.25714547293526,162.62428610665458,164.37800089518228,175.60000610351562
2022-03-28,172.1699981689453,175.72999572753906,172.0,175.60000610351562,90371900,174.72000122070312,170.39714704241072,163.92142922537667,164.61000111897786,178.9600067138672
2022-03-29,176.69000244140625,179.00999450683594,176.33999633789062,178.9600067138672,100589400,175.60000610351562,172.53714861188615,165.06500135149275,164.946001180013,177.77000427246094
2022-03-30,178.5500030517578,179.61000061035156,176.6999969482422,177.77000427246094,92633200,178.9600067138672,174.30714852469308,166.44000135149275,165.11200154622395,174.61000061035156
2022-03-31,177.83999633789062,178.02999877929688,174.39999389648438,174.61000061035156,103049300,177.77000427246094,175.13429042271204,167.86000170026506,165.18066813151043,174.30999755859375
2022-04-01,174.02999877929688,174.8800048828125,171.94000244140625,174.30999755859375,78751300,174.61000061035156,175.72000340053015,169.55214473179407,165.3616678873698,178.44000244140625
2022-04-04,174.57000732421875,178.49000549316406,174.44000244140625,178.44000244140625,76468400,174.30999755859375,176.3442884172712,171.22000231061662,165.73300120035807,175.05999755859375
2022-04-05,177.5,178.3000030517578,174.4199981689453,175.05999755859375,73401800,178.44000244140625,176.39285932268416,172.3250023978097,166.09100087483725,171.8300018310547
2022-04-06,172.36000061035156,173.6300048828125,170.1300048828125,171.8300018310547,89058800,175.05999755859375,175.85428728376115,173.12571716308594,166.48300069173177,172.13999938964844
2022-04-07,171.16000366210938,173.36000061035156,169.85000610351562,172.13999938964844,77594700,171.8300018310547,174.8800005231585,173.70857456752233,166.79633382161458,170.08999633789062
2022-04-08,171.77999877929688,171.77999877929688,169.1999969482422,170.08999633789062,76575500,172.13999938964844,173.78285653250558,174.04500252859933,166.97100016276042,165.75
2022-04-11,168.7100067138672,169.02999877929688,165.5,165.75,72246700,170.08999633789062,172.51714215959822,173.82571629115515,166.99200032552082,167.66000366210938
2022-04-12,168.02000427246094,169.8699951171875,166.63999938964844,167.66000366210938,79265200,165.75,171.567143031529,173.64357321602958,167.1406672159831,170.39999389648438
2022-04-13,167.38999938964844,171.0399932861328,166.77000427246094,170.39999389648438,70618900,167.66000366210938,170.41857038225447,173.38142939976282,167.26866709391277,165.2899932861328
2022-04-14,170.6199951171875,171.27000427246094,165.0399932861328,165.2899932861328,75329400,170.39999389648438,169.0228554861886,172.7078574044364,167.23733367919922,165.07000732421875
2022-04-18,163.9199981689453,166.60000610351562,163.57000732421875,165.07000732421875,69023900,165.2899932861328,168.05714198521204,171.9557146344866,167.30066731770833,167.39999389648438
2022-04-19,165.02000427246094,167.82000732421875,163.91000366210938,167.39999389648438,67723800,165.07000732421875,167.37999834333147,171.129999433245,167.57066701253254,167.22999572753906
2022-04-20,168.75999450683594,168.8800048828125,166.10000610351562,167.22999572753906,67929800,167.39999389648438,166.97142682756697,170.37714168003626,167.89700012207032,166.4199981689453
2022-04-21,168.91000366210938,171.52999877929688,165.91000366210938,166.4199981689453,87227800,167.22999572753906,167.06714085170202,169.7921415056501,168.01266682942708,161.7899932861328
2022-04-22,166.4600067138672,167.8699951171875,161.5,161.7899932861328,84882400,166.4199981689453,166.22856794084822,168.8978554861886,168.12166646321614,162.8800048828125
2022-04-25,161.1199951171875,163.1699981689453,158.4600067138672,162.8800048828125,96046400,161.7899932861328,165.15428379603796,167.7864270891462,168.3933334350586,156.8000030517578
2022-04-26,162.25,162.33999633789062,156.72000122070312,156.8000030517578,95623200,162.8800048828125,163.9414280482701,166.48214176722936,168.59933369954427,156.57000732421875
2022-04-27,155.91000366210938,159.7899932861328,155.3800048828125,156.57000732421875,88063200,156.8000030517578,162.72714233398438,165.39214215959822,168.64866739908854,163.63999938964844
2022-04-28,159.25,164.52000427246094,158.92999267578125,163.63999938964844,130216800,156.57000732421875,162.19000026157923,164.78499930245536,168.7836675008138,157.64999389648438
2022-04-29,161.83999633789062,166.1999969482422,157.25,157.64999389648438,131747600,163.63999938964844,160.82142857142858,163.89642769949776,168.6846674601237,157.9600067138672
2022-05-02,156.7100067138672,158.22999572753906,153.27000427246094,157.9600067138672,123055300,157.64999389648438,159.61285836356026,163.33999960763114,168.48400115966797,159.47999572753906
2022-05-03,158.14999389648438,160.7100067138672,156.32000732421875,159.47999572753906,88966500,157.9600067138672,159.2828587123326,162.7557133265904,168.2873341878255,166.02000427246094
2022-05-04,159.6699981689453,166.47999572753906,159.25999450683594,166.02000427246094,108256500,159.47999572753906,159.73143005371094,162.44285692487443,168.19400075276693,156.77000427246094
2022-05-05,163.85000610351562,164.0800018310547,154.9499969482422,156.77000427246094,130525300,166.02000427246094,159.7271445138114,161.83428628104073,167.74600067138672,157.27999877929688
2022-05-06,156.00999450683594,159.44000244140625,154.17999267578125,157.27999877929688,116124600,156.77000427246094,159.82857186453683,161.27785709926061,167.18633371988932,152.05999755859375
2022-05-09,154.92999267578125,155.8300018310547,151.49000549316406,152.05999755859375,131577900,157.27999877929688,158.17428588867188,160.18214307512557,166.43100026448568,154.50999450683594
2022-05-10,155.52000427246094,156.74000549316406,152.92999267578125,154.50999450683594,115366700,152.05999755859375,157.72571454729353,159.27357155936105,165.72799987792968,146.5
2022-05-11,153.5,155.4499969482422,145.80999755859375,146.5,142689800,154.50999450683594,156.08857073102678,157.85071454729353,164.6459996541341,142.55999755859375
2022-05-12,142.77000427246094,146.1999969482422,138.8000030517578,142.55999755859375,182602000,146.5,153.67142813546317,156.47714342389787,163.4723327636719,147.11000061035156
2022-05-13,144.58999633789062,148.10000610351562,143.11000061035156,147.11000061035156,113990900,142.55999755859375,150.9699990408761,155.35071454729353,162.5556660970052,145.5399932861328
2022-05-16,145.5500030517578,147.52000427246094,144.17999267578125,145.5399932861328,86643800,147.11000061035156,149.36571175711495,154.54642813546317,161.59666595458984,149.24000549316406
2022-05-17,148.86000061035156,149.77000427246094,146.67999267578125,149.24000549316406,78336300,145.5399932861328,148.2171412876674,154.02285657610213,160.62333272298176,140.82000732421875
2022-05-18,146.85000610351562,147.36000061035156,139.89999389648438,140.82000732421875,109742900,149.24000549316406,146.6114283970424,152.39285714285714,159.48199971516928,137.35000610351562
2022-05-19,139.8800048828125,141.66000366210938,136.60000610351562,137.35000610351562,136095600,140.82000732421875,144.16000148228235,150.94285801478796,158.3326665242513,137.58999633789062
2022-05-20,139.08999633789062,140.6999969482422,132.61000061035156,137.58999633789062,137426100,137.35000610351562,142.88714381626673,149.48785727364677,157.18099975585938,143.11000061035156
2022-05-23,137.7899932861328,143.25999450683594,137.64999389648438,143.11000061035156,117726300,137.58999633789062,142.96571568080358,148.31857190813338,156.28166656494142,140.36000061035156
2022-05-24,140.80999755859375,141.97000122070312,137.3300018310547,140.36000061035156,104132700,143.11000061035156,142.00142996651786,146.48571450369698,155.43533325195312,140.52000427246094
2022-05-25,138.42999267578125,141.7899932861328,138.33999633789062,140.52000427246094,92482700,140.36000061035156,141.28428867885046,145.3250002179827,154.53066660563152,143.77999877929688
2022-05-26,137.38999938964844,144.33999633789062,137.13999938964844,143.77999877929688,90601500,140.52000427246094,140.50428771972656,144.36071450369698,153.6433334350586,149.63999938964844
2022-05-27,145.38999938964844,149.67999267578125,145.25999450683594,149.63999938964844,90978500,143.77999877929688,141.7642865862165,144.18785749162947,153.12166697184244,148.83999633789062
2022-05-31,149.07000732421875,150.66000366210938,146.83999633789062,148.83999633789062,103718400,149.63999938964844,143.4057137625558,143.78285762241907,152.5806666056315,148.7100067138672
2022-06-01,149.89999389648438,151.74000549316406,147.67999267578125,148.7100067138672,74286600,148.83999633789062,144.9942866734096,143.94071524483817,151.9576670328776,151.2100067138672
2022-06-02,147.8300018310547,151.27000427246094,146.86000061035156,151.2100067138672,72348100,148.7100067138672,146.15143040248327,144.55857304164343,151.42366739908854,145.3800048828125
2022-06-03,146.89999389648438,147.97000122070312,144.4600067138672,145.3800048828125,88570300,151.2100067138672,146.86857386997767,144.43500191824776,150.7223342895508,146.13999938964844
2022-06-06,147.02999877929688,148.57000732421875,144.89999389648438,146.13999938964844,71598400,145.3800048828125,147.67143031529017,144.4778594970703,150.20066782633464,148.7100067138672
2022-06-07,144.35000610351562,149.0,144.10000610351562,148.7100067138672,67808200,146.13999938964844,148.37571716308594,144.44000244140625,149.72833455403645,147.9600067138672
2022-06-08,148.5800018310547,149.8699951171875,147.4600067138672,147.9600067138672,53950200,148.7100067138672,148.1357182094029,144.9500023978097,149.4336680094401,142.63999938964844
2022-06-09,147.0800018310547,147.9499969482422,142.52999877929688,142.63999938964844,69473000,147.9600067138672,147.250004359654,145.3278590611049,148.9693344116211,137.1300048828125
2022-06-10,140.27999877929688,140.75999450683594,137.05999755859375,137.1300048828125,91437900,142.63999938964844,145.59571838378906,145.29500252859933,148.0856679280599,131.8800048828125
2022-06-13,132.8699951171875,135.1999969482422,131.44000244140625,131.8800048828125,122207100,137.1300048828125,142.83428955078125,144.49285997663225,147.22666829427084,132.75999450683594
2022-06-14,133.1300048828125,133.88999938964844,131.47999572753906,132.75999450683594,84784300,131.8800048828125,141.03143092564173,143.9500023978097,146.38666788736978,135.42999267578125
2022-06-15,134.2899932861328,137.33999633789062,132.16000366210938,135.42999267578125,91533000,132.75999450683594,139.50142996651786,143.586430140904,145.58500111897786,130.05999755859375
2022-06-16,132.0800018310547,132.38999938964844,129.0399932861328,130.05999755859375,108123900,135.42999267578125,136.83714294433594,142.60643005371094,144.38633422851564,131.55999755859375
2022-06-17,130.07000732421875,133.0800018310547,129.80999755859375,131.55999755859375,134520300,130.05999755859375,134.4942844935826,141.31500135149275,143.5460006713867,135.8699951171875
2022-06-21,133.4199981689453,137.05999755859375,133.32000732421875,135.8699951171875,81000500,131.55999755859375,133.52714102608817,140.3885726928711,142.83233388264975,135.35000610351562
2022-06-22,134.7899932861328,137.75999450683594,133.91000366210938,135.35000610351562,73409200,135.8699951171875,133.2728554861886,139.43428693498885,142.27533416748048,138.27000427246094
2022-06-23,136.82000732421875,138.58999633789062,135.6300048828125,138.27000427246094,72433800,135.35000610351562,134.18571254185267,138.51000104631697,141.73400115966797,141.66000366210938
2022-06-24,139.89999389648438,141.91000366210938,139.77000427246094,141.66000366210938,89116800,138.27000427246094,135.45714242117745,138.2442866734096,141.57266794840496,141.66000366210938
2022-06-27,142.6999969482422,143.49000549316406,140.97000122070312,141.66000366210938,70207900,141.66000366210938,136.3471439906529,137.92428697858537,141.54266815185548,137.44000244140625
2022-06-28,142.1300048828125,143.4199981689453,137.32000732421875,137.44000244140625,67083400,141.66000366210938,137.40143040248327,137.1192866734096,141.2203348795573,139.22999572753906
2022-06-29,137.4600067138672,140.6699981689453,136.6699981689453,139.22999572753906,66242400,137.44000244140625,138.4971444266183,136.49571446010046,141.01000162760417,136.72000122070312
2022-06-30,137.25,138.3699951171875,133.77000427246094,136.72000122070312,98964500,139.22999572753906,138.61857386997767,136.07285744803292,140.59266815185546,138.92999267578125
2022-07-01,136.0399932861328,139.0399932861328,135.66000366210938,138.92999267578125,71051600,136.72000122070312,139.1300005231585,136.20142800467355,140.52966766357423,141.55999755859375
2022-07-05,137.77000427246094,141.61000061035156,136.92999267578125,141.55999755859375,73353800,138.92999267578125,139.5999995640346,136.89285605294364,140.6700007120768,142.9199981689453
2022-07-06,141.35000610351562,144.1199951171875,141.0800018310547,142.9199981689453,74064300,141.55999755859375,139.77999877929688,137.61857060023718,140.84766743977863,146.35000610351562
2022-07-07,143.2899932861328,146.5500030517578,143.27999877929688,146.35000610351562,66253700,142.9199981689453,140.4499991280692,138.39857155936105,140.9556676228841,147.0399932861328
2022-07-08,145.25999450683594,147.5500030517578,145.0,147.0399932861328,64547800,146.35000610351562,141.82142639160156,139.6114283970424,141.17833404541017,144.8699951171875
2022-07-11,145.6699981689453,146.63999938964844,143.77999877929688,144.8699951171875,63141600,147.0399932861328,142.62714059012276,140.56214250837053,141.32333374023438,145.86000061035156
2022-07-12,145.75999450683594,148.4499969482422,145.0500030517578,145.86000061035156,77588800,144.8699951171875,143.93285478864397,141.27571432931083,141.39266713460287,145.49000549316406
2022-07-13,142.99000549316406,146.4499969482422,142.1199951171875,145.49000549316406,71185600,145.86000061035156,144.8699994768415,142.0,141.25433400472005,148.47000122070312
2022-07-14,144.0800018310547,148.9499969482422,143.25,148.47000122070312,78140700,145.49000549316406,145.85714285714286,142.72857121058874,141.24200083414715,150.1699981689453
2022-07-15,149.77999877929688,150.86000061035156,148.1999969482422,150.1699981689453,76259900,148.47000122070312,146.89285714285714,143.33642796107702,141.29066721598306,147.07000732421875
2022-07-18,150.74000549316406,151.57000732421875,146.6999969482422,147.07000732421875,81420900,150.1699981689453,146.99571446010046,143.72285679408483,141.1526672363281,151.0
2022-07-19,147.9199981689453,151.22999572753906,146.91000366210938,151.0,82982400,147.07000732421875,147.5614297049386,144.6914280482701,141.34000040690105,153.0399932861328
2022-07-20,151.1199951171875,153.72000122070312,150.3699951171875,153.0399932861328,64823400,151.0,148.72857230050224,145.6778564453125,141.57000020345052,155.35000610351562
2022-07-21,154.5,155.57000732421875,151.94000244140625,155.35000610351562,65086600,153.0399932861328,150.08428737095423,147.0085710797991,141.7913335164388,154.08999633789062
2022-07-22,155.38999938964844,156.27999877929688,153.41000366210938,154.08999633789062,66675400,155.35000610351562,151.31285749162947,148.09142848423548,141.99566650390625,152.9499969482422
2022-07-25,154.00999450683594,155.0399932861328,152.27999877929688,152.9499969482422,53623900,154.08999633789062,151.9528568812779,148.90499986921037,142.3393330891927,151.60000610351562
2022-07-26,152.25999450683594,153.08999633789062,150.8000030517578,151.60000610351562,55138700,152.9499969482422,152.15714372907365,149.5250004359654,142.82166646321613,156.7899932861328
2022-07-27,152.5800018310547,157.3300018310547,152.16000366210938,156.7899932861328,78620700,151.60000610351562,153.54571315220423,150.27071380615234,143.6519994099935,157.35000610351562
2022-07-28,156.97999572753906,157.63999938964844,154.41000366210938,157.35000610351562,81378700,156.7899932861328,154.4528568812779,151.00714329310827,144.47166646321614,162.50999450683594
2022-07-29,161.24000549316406,163.6300048828125,159.5,162.50999450683594,101786900,157.35000610351562,155.8057141985212,152.26714324951172,145.37433319091798,161.50999450683594
2022-08-01,161.00999450683594,163.58999633789062,160.88999938964844,161.50999450683594,67829400,162.50999450683594,156.68571254185267,153.38499995640345,146.42266642252605,160.00999450683594
2022-08-02,160.10000610351562,162.41000366210938,159.6300048828125,160.00999450683594,59907000,161.50999450683594,157.53142656598772,154.4221420288086,147.37099965413412,166.1300048828125
2022-08-03,160.83999633789062,166.58999633789062,160.75,166.1300048828125,82507500,160.00999450683594,159.4142848423549,155.6835708618164,148.37966664632162,165.80999755859375
2022-08-04,166.00999450683594,167.19000244140625,164.42999267578125,165.80999755859375,55474100,166.1300048828125,161.44428362165178,156.80071367536272,149.3949996948242,165.35000610351562
2022-08-05,163.2100067138672,165.85000610351562,163.0,165.35000610351562,56697000,165.80999755859375,162.6671425955636,158.10642787388392,150.29766642252605,164.8699951171875
2022-08-08,166.3699951171875,167.80999755859375,164.1999969482422,164.8699951171875,60276900,165.35000610351562,163.7414267403739,159.0971418108259,151.071332804362,164.9199981689453
2022-08-09,164.02000427246094,165.82000732421875,163.25,164.9199981689453,63135500,164.8699951171875,164.08571297781808,159.94571358816964,151.84666595458984,169.24000549316406
2022-08-10,167.67999267578125,169.33999633789062,166.89999389648438,169.24000549316406,70170500,164.9199981689453,165.19000026157923,160.93785640171595,152.90666605631512,168.49000549316406
2022-08-11,170.05999755859375,170.99000549316406,168.19000244140625,168.49000549316406,57149200,169.24000549316406,166.40143040248327,161.96642848423548,153.88199971516926,172.10000610351562
2022-08-12,169.82000732421875,172.1699981689453,169.39999389648438,172.10000610351562,68039400,168.49000549316406,167.25428771972656,163.33428628104073,155.06133321126302,173.19000244140625
2022-08-15,171.52000427246094,173.38999938964844,171.35000610351562,173.19000244140625,54091700,172.10000610351562,168.30857413155692,164.87642887660436,156.20333353678384,173.02999877929688
2022-08-16,172.77999877929688,173.7100067138672,171.66000366210938,173.02999877929688,56377100,173.19000244140625,169.4057159423828,166.03642926897322,157.25233357747396,174.5500030517578
2022-08-17,172.77000427246094,176.14999389648438,172.57000732421875,174.5500030517578,79542000,173.02999877929688,170.78857421875,167.26500047956193,158.3066670735677,174.14999389648438
2022-08-18,173.75,174.89999389648438,173.1199951171875,174.14999389648438,62290100,174.5500030517578,172.10714503696985,168.09642900739397,159.23333333333332,171.52000427246094
2022-08-19,173.02999877929688,173.74000549316406,171.30999755859375,171.52000427246094,70346300,174.14999389648438,172.43285914829798,168.8114297049386,160.04933369954426,167.57000732421875
2022-08-22,169.69000244140625,169.86000061035156,167.13999938964844,167.57000732421875,69026800,171.52000427246094,172.30143083844865,169.35143062046595,160.80600077311198,167.22999572753906
2022-08-23,167.0800018310547,168.7100067138672,166.64999389648438,167.22999572753906,54147100,167.57000732421875,171.60571507045202,169.43000139508928,161.5183339436849,167.52999877929688
2022-08-24,167.32000732421875,168.11000061035156,166.25,167.52999877929688,53841500,167.22999572753906,170.7971431187221,169.55285862513952,162.25300038655598,170.02999877929688
2022-08-25,168.77999877929688,170.13999938964844,168.35000610351562,170.02999877929688,51218200,167.52999877929688,170.36857169015067,169.88714381626673,162.97166697184244,163.6199951171875
2022-08-26,170.57000732421875,171.0500030517578,163.55999755859375,163.6199951171875,78961000,170.02999877929688,168.80714198521204,169.79785810198103,163.4200002034505,161.3800048828125
2022-08-29,161.14999389648438,162.89999389648438,159.82000732421875,161.3800048828125,73314000,163.6199951171875,166.98285784040178,169.54500143868583,163.89700012207032,158.91000366210938
2022-08-30,162.1300048828125,162.55999755859375,157.72000122070312,158.91000366210938,77906200,161.3800048828125,165.18142918178015,168.80714416503906,164.1606669108073,157.22000122070312
2022-08-31,160.30999755859375,160.5800018310547,157.13999938964844,157.22000122070312,87991100,158.91000366210938,163.7028568812779,168.00214385986328,164.3000005086263,157.9600067138672
2022-09-01,156.63999938964844,158.4199981689453,154.6699981689453,157.9600067138672,74229900,157.22000122070312,162.37857273646765,166.99214390345983,164.38700052897136,155.80999755859375
2022-09-02,159.75,160.36000061035156,154.97000122070312,155.80999755859375,76957800,157.9600067138672,160.70428684779577,165.75071498325892,164.4443339029948,154.52999877929688
2022-09-06,156.47000122070312,157.08999633789062,153.69000244140625,154.52999877929688,73714800,155.80999755859375,158.49000113351005,164.42928641183036,164.49700063069662,155.9600067138672
2022-09-07,154.82000732421875,156.6699981689453,153.61000061035156,155.9600067138672,87449600,154.52999877929688,157.39571707589286,163.10142953055245,164.642333984375,154.4600067138672
2022-09-08,154.63999938964844,156.36000061035156,152.67999267578125,154.4600067138672,84923800,155.9600067138672,156.40714590890067,161.69500187465124,164.56466776529948,157.3699951171875
2022-09-09,155.47000122070312,157.82000732421875,154.75,157.3699951171875,68028800,154.4600067138672,156.18714468819755,160.68428693498885,164.5653340657552,163.42999267578125
2022-09-12,159.58999633789062,164.25999450683594,159.3000030517578,163.42999267578125,104956000,157.3699951171875,157.07428632463728,160.3885716029576,164.59600067138672,153.83999633789062
2022-09-13,159.89999389648438,160.5399932861328,153.3699951171875,153.83999633789062,122656600,163.42999267578125,156.4857134137835,159.43214307512557,164.3403340657552,155.30999755859375
2022-09-14,154.7899932861328,157.10000610351562,153.61000061035156,155.30999755859375,87965400,153.83999633789062,156.4142848423549,158.55928584507532,164.1836675008138,152.3699951171875
2022-09-15,154.64999389648438,155.24000549316406,151.3800048828125,152.3699951171875,90481100,155.30999755859375,156.105712890625,157.2978570120675,163.7250005086263,150.6999969482422
2022-09-16,151.2100067138672,151.35000610351562,148.3699951171875,150.6999969482422,162278800,152.3699951171875,155.35428292410714,156.375,163.2213338216146,154.47999572753906
2022-09-19,149.30999755859375,154.55999755859375,149.10000610351562,154.47999572753906,81474200,150.6999969482422,155.35713849748885,155.88214220319475,162.85900014241537,156.89999389648438
2022-09-20,153.39999389648438,158.0800018310547,153.0800018310547,156.89999389648438,107689800,154.47999572753906,155.28999546595983,155.7385700770787,162.59333343505858,153.72000122070312
2022-09-21,157.33999633789062,158.74000549316406,153.60000610351562,153.72000122070312,101696800,156.89999389648438,153.9028538295201,155.4885700770787,162.22000020345052,152.74000549316406
2022-09-22,152.3800048828125,154.47000122070312,150.91000366210938,152.74000549316406,86652500,153.72000122070312,153.74571228027344,155.11571284702845,161.6700002034505,150.42999267578125
2022-09-23,151.19000244140625,151.47000122070312,148.55999755859375,150.42999267578125,96029900,152.74000549316406,153.04856872558594,154.73142678397042,161.06799977620443,150.77000427246094
2022-09-26,149.66000366210938,153.77000427246094,149.63999938964844,150.77000427246094,93339400,150.42999267578125,152.81999860491072,154.46285574776786,160.35699971516928,151.75999450683594
2022-09-27,152.74000549316406,154.72000122070312,149.9499969482422,151.75999450683594,84442700,150.77000427246094,152.97142682756697,154.16285487583704,159.64266611735027,149.83999633789062
2022-09-28,147.63999938964844,150.63999938964844,144.83999633789062,149.83999633789062,146691400,151.75999450683594,152.3085697719029,153.83285413469588,158.86966603597006,142.47999572753906
2022-09-29,146.10000610351562,146.72000122070312,140.67999267578125,142.47999572753906,128138200,149.83999633789062,150.24857003348214,152.769282749721,157.80066579182943,138.1999969482422
2022-09-30,141.27999877929688,143.10000610351562,138.0,138.1999969482422,124925300,142.47999572753906,148.03142656598772,150.9671401977539,156.60233256022136,142.4499969482422
2022-10-03,138.2100067138672,143.07000732421875,137.69000244140625,142.4499969482422,114311700,138.1999969482422,146.5614253452846,150.153568812779,155.63333231608073,146.10000610351562
2022-10-04,145.02999877929688,146.22000122070312,144.25999450683594,146.10000610351562,87830100,142.4499969482422,145.94285583496094,149.49571228027344,154.91766560872395,146.39999389648438
2022-10-05,144.07000732421875,147.3800048828125,143.00999450683594,146.39999389648438,79471000,146.10000610351562,145.31856863839286,149.06928362165178,154.22333221435548,145.42999267578125
2022-10-06,145.80999755859375,147.5399932861328,145.22000122070312,145.42999267578125,68402200,146.39999389648438,144.4142826625279,148.69285474504744,153.48666534423828,140.08999633789062
2022-10-07,142.5399932861328,143.10000610351562,139.4499969482422,140.08999633789062,85925600,145.42999267578125,143.02142551967077,147.66499764578683,152.48866526285806,140.4199981689453
2022-10-10,140.4199981689453,141.88999938964844,138.57000732421875,140.4199981689453,74899000,140.08999633789062,142.72714015415735,146.48785509381975,151.71533203125,138.97999572753906
2022-10-11,139.89999389648438,141.35000610351562,138.22000122070312,138.97999572753906,77033700,140.4199981689453,142.83856855119978,145.43499755859375,150.96866505940756,138.33999633789062
2022-10-12,139.1300048828125,140.36000061035156,138.16000366210938,138.33999633789062,70433700,138.97999572753906,142.25142560686385,144.40642547607422,150.28299814860026,142.99000549316406
2022-10-13,134.99000549316406,143.58999633789062,134.3699951171875,142.99000549316406,113224000,138.33999633789062,141.80713980538505,143.87499782017298,149.80866495768228,138.3800048828125
2022-10-14,144.30999755859375,144.52000427246094,138.19000244140625,138.3800048828125,88598000,142.99000549316406,140.6614270891462,142.98999786376953,149.15599822998047,142.41000366210938
2022-10-17,141.07000732421875,142.89999389648438,140.27000427246094,142.41000366210938,85250900,138.3800048828125,140.23000008719308,142.32214137486048,148.70933176676434,143.75
2022-10-18,145.49000549316406,146.6999969482422,140.61000061035156,143.75,99136600,142.41000366210938,140.7528577532087,141.88714163643974,148.3499984741211,143.86000061035156
2022-10-19,141.69000244140625,144.9499969482422,141.5,143.86000061035156,61758300,143.75,141.2442866734096,141.9857134137835,147.94666493733723,143.38999938964844
2022-10-20,143.02000427246094,145.88999938964844,142.64999389648438,143.38999938964844,64522000,143.86000061035156,141.87428719656808,142.35642787388392,147.57766469319662,147.27000427246094
2022-10-21,142.8699951171875,147.85000610351562,142.64999389648438,147.27000427246094,86548600,143.38999938964844,143.1500026157924,142.70071411132812,147.24099833170573,149.4499969482422
2022-10-24,147.19000244140625,150.22999572753906,146.0,149.4499969482422,75981900,147.27000427246094,144.07285853794642,142.93999917166573,146.7749984741211,152.33999633789062
2022-10-25,150.08999633789062,152.49000549316406,149.36000061035156,152.33999633789062,74732300,149.4499969482422,146.067143031529,143.3642850603376,146.7249984741211,149.35000610351562
2022-10-26,150.9600067138672,151.99000549316406,148.0399932861328,149.35000610351562,88194300,152.33999633789062,147.0585719517299,143.6442860194615,146.52633209228514,144.8000030517578
2022-10-27,148.07000732421875,149.0500030517578,144.1300048828125,144.8000030517578,109180200,149.35000610351562,147.2085723876953,143.98071507045202,146.2739990234375,155.74000549316406
2022-10-28,148.1999969482422,157.5,147.82000732421875,155.74000549316406,164762400,144.8000030517578,148.9057159423828,145.0750013078962,146.44199930826824,153.33999633789062
2022-10-31,153.16000366210938,154.24000549316406,151.9199981689453,153.33999633789062,97943200,155.74000549316406,150.327144077846,146.10071563720703,146.40399932861328,150.64999389648438
2022-11-01,155.0800018310547,155.4499969482422,149.1300048828125,150.64999389648438,80379300,153.33999633789062,150.80999973842077,146.98000117710657,146.19566599527994,145.02999877929688
2022-11-02,148.9499969482422,152.1699981689453,145.0,145.02999877929688,93604600,150.64999389648438,150.17857142857142,147.12571498325892,145.90599924723307,138.8800048828125
2022-11-03,142.05999755859375,142.8000030517578,138.75,138.8800048828125,97918500,145.02999877929688,148.2557155064174,147.16142926897322,145.44399922688802,138.3800048828125
2022-11-04,142.08999633789062,142.6699981689453,134.3800048828125,138.3800048828125,140814800,138.8800048828125,146.6885724748884,146.87357221330916,145.0423329671224,138.9199981689453
2022-11-07,137.11000061035156,139.14999389648438,135.6699981689453,138.9199981689453,83374600,138.3800048828125,145.84857177734375,146.52857208251953,144.64733276367187,139.5
2022-11-08,140.41000366210938,141.42999267578125,137.49000549316406,139.5,89908500,138.9199981689453,143.52857099260603,146.21714346749442,144.23866628011066,134.8699951171875
2022-11-09,138.5,138.5500030517578,134.58999633789062,134.8699951171875,74917800,139.5,140.88999938964844,145.6085717337472,143.7396662394206,146.8699951171875
2022-11-10,141.24000549316406,146.8699951171875,139.5,146.8699951171875,118854000,134.8699951171875,140.3499995640346,145.57999965122767,143.88599955240886,149.6999969482422
2022-11-11,145.82000732421875,150.00999450683594,144.3699951171875,149.6999969482422,93979700,146.8699951171875,141.01714215959822,145.59785679408483,144.2693328857422,148.27999877929688
2022-11-14,148.97000122070312,150.27999877929688,147.42999267578125,148.27999877929688,73374100,149.6999969482422,142.35999843052454,145.307856968471,144.4636662801107,150.0399932861328
2022-11-15,152.22000122070312,153.58999633789062,148.55999755859375,150.0399932861328,89868300,148.27999877929688,144.0257110595703,145.35714176722936,144.59499918619792,148.7899932861328
2022-11-16,149.1300048828125,149.8699951171875,147.2899932861328,148.7899932861328,64218300,150.0399932861328,145.43571036202567,145.6421410696847,144.67466583251954,150.72000122070312
2022-11-17,146.42999267578125,151.47999572753906,146.14999389648438,150.72000122070312,80389400,148.7899932861328,147.03856767926897,145.2835693359375,144.8509994506836,151.2899932861328
2022-11-18,152.30999755859375,152.6999969482422,149.97000122070312,151.2899932861328,74829600,150.72000122070312,149.384281703404,145.13714054652624,145.22433268229167,148.00999450683594
2022-11-21,150.16000366210938,150.3699951171875,147.72000122070312,148.00999450683594,58724100,151.2899932861328,149.54713875906808,144.94856916155135,145.47733256022136,150.17999267578125
2022-11-22,148.1300048828125,150.4199981689453,146.92999267578125,150.17999267578125,51804100,148.00999450683594,149.61570957728796,145.31642586844308,145.8506657918294,151.07000732421875
2022-11-23,149.4499969482422,151.8300018310547,149.33999633789062,151.07000732421875,58301400,150.17999267578125,150.0142822265625,146.18714032854353,146.2749994913737,148.11000061035156
2022-11-25,148.30999755859375,148.8800048828125,147.1199951171875,148.11000061035156,35195900,151.07000732421875,149.73856898716517,146.88214002336775,146.44566599527994,144.22000122070312
2022-11-28,145.13999938964844,146.63999938964844,143.3800048828125,144.22000122070312,69246000,148.11000061035156,149.08571297781808,147.26071166992188,146.6403325398763,141.1699981689453
2022-11-29,144.2899932861328,144.80999755859375,140.35000610351562,141.1699981689453,83763800,144.22000122070312,147.72142682756697,147.37999725341797,146.5989990234375,148.02999877929688
2022-11-30,141.39999389648438,148.72000122070312,140.5500030517578,148.02999877929688,111380900,141.1699981689453,147.2557133265904,148.3199975149972,146.74166564941407,148.30999755859375
2022-12-01,148.2100067138672,149.1300048828125,146.61000061035156,148.30999755859375,71250400,148.02999877929688,147.29857090541296,148.42285483224052,146.88999888102214,147.80999755859375
2022-12-02,145.9600067138672,148.0,145.64999389648438,147.80999755859375,65447400,148.30999755859375,146.96000017438615,148.28785487583704,147.0373321533203,146.6300048828125
2022-12-05,147.77000427246094,150.9199981689453,145.77000427246094,146.6300048828125,68826400,147.80999755859375,146.32571411132812,148.1699981689453,147.01599884033203,142.91000366210938
2022-12-06,147.07000732421875,147.3000030517578,141.9199981689453,142.91000366210938,64727200,146.6300048828125,145.5828574044364,147.66071319580078,146.7979990641276,140.94000244140625
2022-12-07,142.19000244140625,143.3699951171875,140.0,140.94000244140625,69721100,142.91000366210938,145.1142861502511,147.0999995640346,146.41799926757812,142.64999389648438
2022-12-08,142.36000061035156,143.52000427246094,141.10000610351562,142.64999389648438,62128300,140.94000244140625,145.32571411132812,146.52357046944755,146.19466552734374,142.16000366210938
2022-12-09,142.33999633789062,145.57000732421875,140.89999389648438,142.16000366210938,76097000,142.64999389648438,144.48714338030135,145.87142835344588,146.1066655476888,144.49000549316406
2022-12-12,142.6999969482422,144.5,141.05999755859375,144.49000549316406,70462700,142.16000366210938,143.9414302280971,145.620000566755,145.7316655476888,145.47000122070312
2022-12-13,149.5,149.97000122070312,144.24000549316406,145.47000122070312,93886200,144.49000549316406,143.60714503696985,145.28357260567802,145.46933237711588,143.2100067138672
2022-12-14,145.35000610351562,146.66000366210938,141.16000366210938,143.2100067138672,82291200,145.47000122070312,143.11857386997767,144.7221439906529,145.221332804362,136.5
2022-12-15,141.11000061035156,141.8000030517578,136.02999877929688,136.5,98931900,143.2100067138672,142.2028590611049,143.89285823277064,144.93699951171874,134.50999450683594
2022-12-16,136.69000244140625,137.64999389648438,133.72999572753906,134.50999450683594,160156900,136.5,141.28428649902344,143.19928632463728,144.7913324991862,132.3699951171875
2022-12-19,135.11000061035156,135.1999969482422,131.32000732421875,132.3699951171875,79592600,134.50999450683594,139.81571524483817,142.57071467808314,144.59099884033202,132.3000030517578
2022-12-20,131.38999938964844,133.25,129.88999938964844,132.3000030517578,77432800,132.3699951171875,138.40714372907365,141.4471435546875,144.37033233642578,135.4499969482422
2022-12-21,132.97999572753906,136.80999755859375,132.75,135.4499969482422,85928000,132.3000030517578,137.11571393694197,140.52857208251953,144.2353322347005,132.22999572753906
2022-12-22,134.35000610351562,134.55999755859375,130.3000030517578,132.22999572753906,77852100,135.4499969482422,135.22428458077567,139.41571480887276,144.14733225504557,131.86000061035156
2022-12-23,130.9199981689453,132.4199981689453,129.63999938964844,131.86000061035156,63814900,132.22999572753906,133.6028551374163,138.36071450369698,143.6469991048177,130.02999877929688
2022-12-27,131.3800048828125,131.41000366210938,128.72000122070312,130.02999877929688,69007800,131.86000061035156,132.67856924874442,137.44071415492468,142.9913324991862,126.04000091552734
2022-12-28,129.6699981689453,131.02999877929688,125.87000274658205,126.04000091552734,85438400,130.02999877929688,131.46857016427177,136.3764283316476,142.24999923706054,129.61000061035156
2022-12-29,127.98999786376952,130.47999572753906,127.7300033569336,129.61000061035156,75703700,126.04000091552734,131.07428523472376,135.44500023978097,141.56899948120116,129.92999267578125
2022-12-30,128.41000366210938,129.9499969482422,127.43000030517578,129.92999267578125,77034200,129.61000061035156,130.73571232387,134.5714280264718,140.94033279418946,125.06999969482422
2023-01-03,130.27999877929688,130.89999389648438,124.16999816894533,125.06999969482422,112117500,129.92999267578125,129.2528555733817,133.18428475516183,140.08533274332683,126.36000061035156
2023-01-04,126.88999938964844,128.66000366210938,125.08000183105467,126.36000061035156,89113600,125.06999969482422,128.4142848423549,131.8192847115653,139.25433298746745,125.0199966430664
2023-01-05,127.12999725341795,127.7699966430664,124.76000213623048,125.0199966430664,80962700,126.36000061035156,127.43714141845703,130.51999827793665,138.4879997253418,129.6199951171875
2023-01-06,126.01000213623048,130.2899932861328,124.88999938964844,129.6199951171875,87754700,125.0199966430664,127.37856946672711,130.02856935773576,137.80266647338868,130.14999389648438
2023-01-09,130.47000122070312,133.41000366210938,129.88999938964844,130.14999389648438,70790800,129.6199951171875,127.96571132114956,129.71714074271065,137.1053326924642,130.72999572753906
2023-01-10,130.25999450683594,131.25999450683594,128.1199951171875,130.72999572753906,63896200,130.14999389648438,128.1257106236049,129.59999792916435,136.52599919637044,133.49000549316406
2023-01-11,131.25,133.50999450683594,130.4600067138672,133.49000549316406,69458900,130.72999572753906,128.63428388323103,129.6849981035505,136.16833267211913,133.41000366210938
2023-01-12,133.8800048828125,134.25999450683594,131.44000244140625,133.41000366210938,71379600,133.49000549316406,129.82571302141463,129.53928429739815,135.90966618855794,134.75999450683594
2023-01-13,132.02999877929688,134.9199981689453,131.66000366210938,134.75999450683594,57809700,133.41000366210938,131.0257121494838,129.71999849591936,135.46733271280925,135.94000244140625
2023-01-17,134.8300018310547,137.2899932861328,134.1300048828125,135.94000244140625,63646600,134.75999450683594,132.58571297781808,130.01142719813757,135.05499954223632,135.2100067138672
2023-01-18,136.82000732421875,138.61000061035156,135.02999877929688,135.2100067138672,69672800,135.94000244140625,133.38428606305803,130.38142776489258,134.6349998474121,135.27000427246094
2023-01-19,134.0800018310547,136.25,133.77000427246094,135.27000427246094,58280400,135.2100067138672,134.11571611676897,131.04071371895927,134.2563331604004,137.8699951171875
2023-01-20,135.27999877929688,138.02000427246094,134.22000122070312,137.8699951171875,80223600,135.27000427246094,135.1357160295759,131.6307133265904,134.08833287556965,141.11000061035156
2023-01-23,138.1199951171875,143.32000732421875,137.89999389648438,141.11000061035156,81760300,137.8699951171875,136.22428676060267,132.42928532191686,134.09399948120117,142.52999877929688
2023-01-24,140.30999755859375,143.16000366210938,140.3000030517578,142.52999877929688,66435100,141.11000061035156,137.52714320591517,133.6764281136649,134.0899996439616,141.86000061035156
2023-01-25,140.88999938964844,142.42999267578125,138.80999755859375,141.86000061035156,65799300,142.52999877929688,138.5414297921317,134.78357097080774,134.07999954223632,143.9600067138672
2023-01-26,143.1699981689453,144.25,141.89999389648438,143.9600067138672,54105100,141.86000061035156,139.68714468819755,136.1364288330078,134.06233291625978,145.92999267578125
2023-01-27,143.16000366210938,147.22999572753906,143.0800018310547,145.92999267578125,70555800,143.9600067138672,141.21857125418526,137.30142865862166,134.07766596476236,143.0
2023-01-30,144.9600067138672,145.5500030517578,142.85000610351562,143.0,64015300,145.92999267578125,142.32285635811942,138.2192862374442,134.0706657409668,144.2899932861328
2023-01-31,142.6999969482422,144.33999633789062,142.27999877929688,144.2899932861328,65874500,143.0,143.23999895368303,139.18785749162947,134.3303321838379,145.42999267578125
2023-02-01,143.97000122070312,146.61000061035156,141.32000732421875,145.42999267578125,77663600,144.2899932861328,143.85714067731584,140.04071371895927,134.69433212280273,150.82000732421875
2023-02-02,148.89999389648438,151.17999267578125,148.1699981689453,150.82000732421875,118339000,145.42999267578125,145.0414276123047,141.28428540910994,135.30933252970377,154.5
2023-02-03,148.02999877929688,157.3800048828125,147.8300018310547,154.5,154357300,150.82000732421875,146.8471418108259,142.6942858014788,136.04933242797853,151.72999572753906
2023-02-06,152.57000732421875,153.10000610351562,150.77999877929688,151.72999572753906,69858300,154.5,147.95714024135046,143.822142464774,136.59199905395508,154.64999389648438
2023-02-07,150.63999938964844,155.22999572753906,150.63999938964844,154.64999389648438,83322600,151.72999572753906,149.2028547014509,145.21071297781808,137.33933232625324,151.9199981689453
2023-02-08,153.8800048828125,154.5800018310547,151.1699981689453,151.9199981689453,64120100,154.64999389648438,150.47714015415735,146.3999982561384,138.00799891153972,150.8699951171875
2023-02-09,153.77999877929688,154.3300018310547,150.4199981689453,150.8699951171875,56007100,151.9199981689453,151.4171404157366,147.32856968470983,138.70266545613606,151.00999450683594
2023-02-10,149.4600067138672,151.33999633789062,149.22000122070312,151.00999450683594,57450700,150.8699951171875,152.2142835344587,148.03571210588728,139.53499857584634,153.85000610351562
2023-02-13,150.9499969482422,154.25999450683594,150.9199981689453,153.85000610351562,62199000,151.00999450683594,152.6471405029297,148.8442840576172,140.34299875895184,153.1999969482422
2023-02-14,152.1199951171875,153.77000427246094,150.86000061035156,153.1999969482422,61707600,153.85000610351562,152.46142578125,149.65428379603796,141.11866556803386,155.3300018310547
2023-02-15,153.11000061035156,155.5,152.8800048828125,155.3300018310547,65573800,153.1999969482422,152.9757123674665,150.4664263044085,142.1273323059082,153.7100067138672
2023-02-16,153.50999450683594,156.3300018310547,153.35000610351562,153.7100067138672,68167900,155.3300018310547,152.84142848423548,151.02214159284318,143.03899917602538,152.5500030517578
2023-02-17,152.35000610351562,153.0,150.85000610351562,152.5500030517578,59144100,153.7100067138672,152.93142918178015,151.70428466796875,143.9566660563151,148.47999572753906
2023-02-21,150.1999969482422,151.3000030517578,148.41000366210938,148.47999572753906,58867200,152.5500030517578,152.59000069754464,152.00357055664062,144.58533274332683,148.91000366210938
2023-02-22,148.8699951171875,149.9499969482422,147.16000366210938,148.91000366210938,51011300,148.47999572753906,152.29000200544084,152.25214276994978,145.21066640218098,149.39999389648438
2023-02-23,150.08999633789062,150.33999633789062,147.24000549316406,149.39999389648438,48394200,148.91000366210938,151.65428597586495,152.15071323939733,145.83299967447917,146.7100067138672
2023-02-24,147.11000061035156,147.19000244140625,145.72000122070312,146.7100067138672,55469600,149.39999389648438,150.7271445138114,151.59428514753068,146.27366638183594,147.9199981689453
2023-02-27,147.7100067138672,149.1699981689453,147.4499969482422,147.9199981689453,44998500,146.7100067138672,149.66857256208147,151.322142464774,146.75733286539713,147.41000366210938
2023-02-28,147.0500030517578,149.0800018310547,146.8300018310547,147.41000366210938,50547000,147.9199981689453,148.76857212611608,150.80500030517578,147.1789998372396,145.30999755859375
2023-03-01,146.8300018310547,147.22999572753906,145.00999450683594,145.30999755859375,55479000,147.41000366210938,147.73428562709265,150.3328574044364,147.4913330078125,145.91000366210938
2023-03-02,144.3800048828125,146.7100067138672,143.89999389648438,145.91000366210938,52238100,145.30999755859375,147.36714390345983,149.97857230050224,147.8479995727539,151.02999877929688
2023-03-03,148.0399932861328,151.11000061035156,147.3300018310547,151.02999877929688,70732300,145.91000366210938,147.67000034877233,149.98000117710657,148.37333272298176,153.8300018310547
2023-03-06,153.7899932861328,156.3000030517578,153.4600067138672,153.8300018310547,87558000,151.02999877929688,148.30285862513952,149.97857230050224,148.90533294677735,151.60000610351562
2023-03-07,153.6999969482422,154.02999877929688,151.1300048828125,151.60000610351562,56182000,153.8300018310547,149.00142996651786,149.86428724016463,149.25499979654947,152.8699951171875
2023-03-08,152.80999755859375,153.47000122070312,151.8300018310547,152.8699951171875,47204800,151.60000610351562,149.7085723876953,149.6885724748884,149.59966634114582,150.58999633789062
2023-03-09,153.55999755859375,154.5399932861328,150.22999572753906,150.58999633789062,53833600,152.8699951171875,150.16285705566406,149.46571459089006,149.89066619873046,148.5
2023-03-10,150.2100067138672,150.94000244140625,147.61000061035156,148.5,68572400,150.58999633789062,150.61857169015067,149.17642865862166,150.04199930826823,150.47000122070312
2023-03-13,147.80999755859375,153.13999938964844,147.6999969482422,150.47000122070312,84457100,148.5,151.26999991280692,149.31857190813338,150.1933329264323,152.58999633789062
2023-03-14,151.27999877929688,153.39999389648438,150.10000610351562,152.58999633789062,73695900,150.47000122070312,151.49285670689173,149.58142852783203,150.51299947102865,152.99000549316406
2023-03-15,151.19000244140625,153.25,149.9199981689453,152.99000549316406,77167900,152.58999633789062,151.37285723005022,149.83785792759485,150.8029998779297,155.85000610351562
2023-03-16,152.16000366210938,156.4600067138672,151.63999938964844,155.85000610351562,76161100,152.99000549316406,151.98000008719308,150.49071502685547,151.15033365885418,155.0
2023-03-17,156.0800018310547,156.74000549316406,154.27999877929688,155.0,98944600,155.85000610351562,152.28428649902344,150.99642944335938,151.28966674804687,157.39999389648438
2023-03-20,155.07000732421875,157.82000732421875,154.14999389648438,157.39999389648438,73641400,155.0,153.25714329310827,151.71000017438615,151.386333211263,159.27999877929688
2023-03-21,157.32000732421875,159.39999389648438,156.5399932861328,159.27999877929688,73938300,157.39999389648438,154.7971431187221,152.7078574044364,151.63799997965495,157.8300018310547
2023-03-22,159.3000030517578,162.13999938964844,157.80999755859375,157.8300018310547,75701800,159.27999877929688,155.84857177734375,153.55928584507532,151.74400024414064,158.92999267578125
2023-03-23,158.8300018310547,161.5500030517578,157.67999267578125,158.92999267578125,67622100,157.8300018310547,156.75428553989954,154.12357112339564,151.97766672770183,160.25
2023-03-24,158.86000061035156,160.33999633789062,157.85000610351562,160.25,59196500,158.92999267578125,157.7914276123047,154.58214242117745,152.29033355712892,158.27999877929688
2023-03-27,159.94000244140625,160.77000427246094,157.8699951171875,158.27999877929688,52390300,160.25,158.13856942313058,155.05928475516183,152.5326670328776,157.64999389648438
2023-03-28,157.97000122070312,158.49000549316406,155.97999572753906,157.64999389648438,45992200,158.27999877929688,158.5171399797712,155.40071323939733,152.65933329264323,160.77000427246094
2023-03-29,159.3699951171875,161.0500030517578,159.35000610351562,160.77000427246094,51305700,157.64999389648438,158.99857003348214,156.1278566632952,152.9116668701172,162.36000061035156
2023-03-30,161.52999877929688,162.47000122070312,161.27000427246094,162.36000061035156,49501700,160.77000427246094,159.4385702950614,157.11785670689173,153.14600016276043,164.89999389648438
2023-03-31,162.44000244140625,165.0,161.91000366210938,164.89999389648438,68749800,162.36000061035156,160.44856916155135,158.14857046944755,153.5189997355143,166.1699981689453
2023-04-03,164.27000427246094,166.2899932861328,164.22000122070312,166.1699981689453,56976200,164.89999389648438,161.48285566057478,159.11857060023718,153.9729995727539,165.6300048828125
2023-04-04,166.60000610351562,166.83999633789062,165.11000061035156,165.6300048828125,46278300,166.1699981689453,162.25142778669084,160.02142769949776,154.54466654459637,163.75999450683594
2023-04-05,164.74000549316406,165.0500030517578,161.8000030517578,163.75999450683594,51511700,165.6300048828125,163.03428431919642,160.5864268711635,155.03966623942057,164.66000366210938
2023-04-06,162.42999267578125,164.9600067138672,162.0,164.66000366210938,45390100,163.75999450683594,164.03571428571428,161.27642713274275,155.54833323160807,162.02999877929688
2023-04-10,161.4199981689453,162.02999877929688,160.0800018310547,162.02999877929688,47716900,164.66000366210938,164.21571350097656,161.60714176722936,156.05899963378906,160.8000030517578
2023-04-11,162.35000610351562,162.36000061035156,160.50999450683594,160.8000030517578,47644200,162.02999877929688,163.99285670689173,161.71571350097656,156.48833312988282,160.10000610351562
2023-04-12,161.22000122070312,162.05999755859375,159.77999877929688,160.10000610351562,50133100,160.8000030517578,163.30714416503906,161.8778566632952,156.911333211263,165.55999755859375
2023-04-13,161.6300048828125,165.8000030517578,161.4199981689453,165.55999755859375,68445600,160.10000610351562,163.22000122070312,162.35142844063895,157.58633321126302,165.2100067138672
2023-04-14,164.58999633789062,166.32000732421875,163.82000732421875,165.2100067138672,49386500,165.55999755859375,163.16000148228235,162.7057146344866,158.22966664632162,165.22999572753906
2023-04-17,165.08999633789062,165.38999938964844,164.02999877929688,165.22999572753906,41516200,165.2100067138672,163.37000165666853,163.2021429879325,158.7029998779297,166.47000122070312
2023-04-18,166.10000610351562,167.41000366210938,165.64999389648438,166.47000122070312,49923000,165.22999572753906,163.62857273646765,163.83214351109095,159.12433319091798,167.6300048828125
2023-04-19,165.8000030517578,168.16000366210938,165.5399932861328,167.6300048828125,47720200,166.47000122070312,164.42857360839844,164.3221435546875,159.6586664835612,166.64999389648438
2023-04-20,166.08999633789062,167.8699951171875,165.55999755859375,166.64999389648438,52456400,167.6300048828125,165.2642865862165,164.62857164655412,160.1179997762044,165.02000427246094
2023-04-21,165.0500030517578,166.4499969482422,164.49000549316406,165.02000427246094,58337300,166.64999389648438,165.96714346749442,164.63714381626673,160.5990000406901,165.3300018310547
2023-04-24,165.0,165.60000610351562,163.88999938964844,165.3300018310547,41949600,165.02000427246094,165.93428693498885,164.577144077846,161.16000010172527,163.77000427246094
2023-04-25,165.19000244140625,166.30999755859375,163.72999572753906,163.77000427246094,48714100,165.3300018310547,165.72857230050224,164.4442868913923,161.60333353678385,163.75999450683594
2023-04-26,163.05999755859375,165.27999877929688,162.8000030517578,163.75999450683594,45498800,163.77000427246094,165.51857212611608,164.4442868913923,161.97566680908204,168.41000366210938
2023-04-27,165.19000244140625,168.55999755859375,165.19000244140625,168.41000366210938,64902300,163.75999450683594,165.79571533203125,164.71214403424943,162.4896667480469,169.67999267578125
2023-04-28,168.49000549316406,169.85000610351562,167.8800048828125,169.67999267578125,55275900,168.41000366210938,166.08857073102678,165.2585721697126,162.95066630045574,169.58999633789062
2023-05-01,169.27999877929688,170.4499969482422,168.63999938964844,169.58999633789062,52472900,169.67999267578125,166.5085710797991,165.8864288330078,163.43699951171874,168.5399932861328
2023-05-02,170.08999633789062,170.35000610351562,167.5399932861328,168.5399932861328,48425700,169.58999633789062,167.0114266531808,166.4892850603376,163.80833282470704,167.4499969482422
2023-05-03,169.5,170.9199981689453,167.16000366210938,167.4499969482422,65136000,168.5399932861328,167.3142830984933,166.62428501674108,164.0806660970052,165.7899932861328
2023-05-04,164.88999938964844,167.0399932861328,164.30999755859375,165.7899932861328,81235400,167.4499969482422,167.60285295758928,166.66571262904577,164.34599914550782,173.57000732421875
2023-05-05,170.97999572753906,174.3000030517578,170.75999450683594,173.57000732421875,113453200,165.7899932861328,169.00428336007255,167.26142774309432,164.83399963378906,173.5
2023-05-08,172.47999572753906,173.85000610351562,172.11000061035156,173.5,55962800,173.57000732421875,169.73142569405692,167.76357051304407,165.27566630045573,171.77000427246094
2023-05-09,173.0500030517578,173.5399932861328,171.60000610351562,171.77000427246094,45326900,173.5,170.02999877929688,168.05928475516183,165.72533315022787,173.55999755859375
2023-05-10,173.02000427246094,174.02999877929688,171.89999389648438,173.55999755859375,53724500,171.77000427246094,170.5971418108259,168.5528564453125,166.25566660563152,173.75
2023-05-11,173.85000610351562,174.58999633789062,172.1699981689453,173.75,49514700,173.55999755859375,171.34142848423548,169.17642756870814,166.6883331298828,172.57000732421875
2023-05-12,173.6199951171875,174.05999755859375,171.0,172.57000732421875,45533100,173.75,172.07285853794642,169.69357081821985,167.0286666870117,172.07000732421875
2023-05-15,173.16000366210938,173.2100067138672,171.47000122070312,172.07000732421875,37266700,172.57000732421875,172.97000340053015,170.2864281790597,167.26766713460287,172.07000732421875
2023-05-16,171.99000549316406,173.13999938964844,171.8000030517578,172.07000732421875,42110300,172.07000732421875,172.75571768624442,170.8800005231585,167.4643341064453,172.69000244140625
2023-05-17,171.7100067138672,172.92999267578125,170.4199981689453,172.69000244140625,57951600,172.07000732421875,172.64000374930245,171.1857147216797,167.69966735839844,175.0500030517578
2023-05-18,173.0,175.24000549316406,172.5800018310547,175.0500030517578,65496700,172.69000244140625,173.10857500348772,171.5692868913923,168.0760009765625,175.16000366210938
2023-05-19,176.38999938964844,176.38999938964844,174.94000244140625,175.16000366210938,55809500,175.0500030517578,173.33714730398995,171.96714455740792,168.4260009765625,174.1999969482422
2023-05-22,173.97999572753906,174.7100067138672,173.4499969482422,174.1999969482422,43570900,175.16000366210938,173.40143258231026,172.37143053327287,168.831667582194,171.55999755859375
2023-05-23,173.1300048828125,173.3800048828125,171.27999877929688,171.55999755859375,50747300,174.1999969482422,173.25714547293526,172.66500200544084,169.1903340657552,171.83999633789062
2023-05-24,171.08999633789062,172.4199981689453,170.52000427246094,171.83999633789062,45143500,171.55999755859375,173.22428676060267,173.0971450805664,169.5816670735677,172.99000549316406
2023-05-25,172.41000366210938,173.89999389648438,171.69000244140625,172.99000549316406,56058300,171.83999633789062,173.35571507045202,173.05571637834822,169.82933400472004,175.42999267578125
2023-05-26,173.32000732421875,175.77000427246094,173.11000061035156,175.42999267578125,54835000,172.99000549316406,173.7471422467913,173.19357299804688,170.1700002034505,177.3000030517578
2023-05-30,176.9600067138672,178.99000549316406,176.57000732421875,177.3000030517578,55964400,175.42999267578125,174.06857081821985,173.5885729108538,170.57233378092448,177.25
2023-05-31,177.3300018310547,179.35000610351562,176.75999450683594,177.25,99625300,177.3000030517578,174.3671417236328,173.8521445138114,170.9316670735677,180.08999633789062
2023-06-01,177.6999969482422,180.1199951171875,176.92999267578125,180.08999633789062,68901800,177.25,175.2085702078683,174.30500139508928,171.3470001220703,180.9499969482422
2023-06-02,181.02999877929688,181.77999877929688,179.25999450683594,180.9499969482422,61996900,180.08999633789062,176.5499986921038,174.90357208251953,171.82366689046225,179.5800018310547
2023-06-05,182.6300048828125,184.9499969482422,178.0399932861328,179.5800018310547,121946500,180.9499969482422,177.6557137625558,175.44000026157923,172.30900014241536,179.2100067138672
2023-06-06,179.97000122070312,180.1199951171875,177.42999267578125,179.2100067138672,64848400,179.5800018310547,178.5442853655134,175.9500002179827,172.77166697184245,177.82000732421875
2023-06-07,178.44000244140625,181.2100067138672,177.32000732421875,177.82000732421875,61944600,179.2100067138672,178.8857160295759,176.3164291381836,173.24000040690103,180.57000732421875
2023-06-08,177.89999389648438,180.83999633789065,177.4600067138672,180.57000732421875,50214900,177.82000732421875,179.3528594970703,176.7107151576451,173.80033416748046,180.9600067138672
2023-06-09,181.5,182.22999572753903,180.6300048828125,180.9600067138672,48900000,180.57000732421875,179.8828604561942,177.1250010899135,174.21866760253906,183.7899932861328
2023-06-12,181.2700042724609,183.88999938964844,180.97000122070312,183.7899932861328,54274900,180.9600067138672,180.41143144880022,177.81000082833427,174.68900095621746,183.30999755859372
2023-06-13,182.8000030517578,184.1499938964844,182.44000244140625,183.30999755859372,54929100,183.7899932861328,180.74857439313615,178.64928654262,175.14633433024088,183.9499969482422
2023-06-14,183.3699951171875,184.38999938964844,182.0200042724609,183.9499969482422,57462900,183.30999755859372,181.37285940987724,179.5142865862165,175.66000111897787,186.00999450683597
2023-06-15,183.9600067138672,186.5200042724609,183.77999877929688,186.00999450683597,65433200,183.9499969482422,182.3442862374442,180.4442858014788,176.27866770426434,184.9199981689453
2023-06-16,186.72999572753903,186.9900054931641,184.2700042724609,184.9199981689453,101256200,186.00999450683597,183.3585706438337,181.1221433367048,176.9163345336914,185.00999450683597
2023-06-20,184.41000366210935,186.1000061035156,184.41000366210935,185.00999450683597,49799100,184.9199981689453,183.99285452706474,181.6728570120675,177.29766743977865,183.9600067138672
2023-06-21,184.8999938964844,185.41000366210935,182.58999633789065,183.9600067138672,49515700,185.00999450683597,184.42142595563615,182.15214320591517,177.64633433024088,187.0
2023-06-22,183.7400054931641,187.0500030517578,183.6699981689453,187.0,51245300,183.9600067138672,184.87999834333147,182.64571489606584,178.15400085449218,186.67999267578125
2023-06-23,185.5500030517578,187.55999755859372,185.00999450683597,186.67999267578125,53117000,187.0,185.3614262172154,183.05500030517578,178.5913340250651,185.2700042724609
2023-06-26,186.8300018310547,188.0500030517578,185.22999572753903,185.2700042724609,48088700,186.67999267578125,185.5499986921038,183.46142905099052,178.97533416748047,188.05999755859372
2023-06-27,185.88999938964844,188.38999938964844,185.6699981689453,188.05999755859372,50730800,185.2700042724609,185.84285627092635,184.09357125418526,179.49166717529297,189.25
2023-06-28,187.92999267578125,189.8999938964844,187.6000061035156,189.25,51216800,188.05999755859372,186.46142796107702,184.90999930245536,180.064333597819,189.58999633789065
2023-06-29,189.0800018310547,190.07000732421875,188.94000244140625,189.58999633789065,46347300,189.25,187.11571393694197,185.55428423200334,180.64833323160806,193.97000122070312
2023-06-30,191.6300048828125,194.47999572753903,191.25999450683597,193.97000122070312,85213200,189.58999633789065,188.54571315220423,186.4835695539202,181.3576665242513,192.4600067138672
2023-07-03,193.77999877929688,193.8800048828125,191.75999450683597,192.4600067138672,31458200,193.97000122070312,189.32571411132812,187.1028562273298,181.93799997965496,191.3300018310547
2023-07-05,191.57000732421875,192.97999572753903,190.6199951171875,191.3300018310547,46920300,192.4600067138672,189.99000113351005,187.67571367536272,182.47699991861978,191.80999755859372
2023-07-06,189.83999633789065,192.0200042724609,189.1999969482422,191.80999755859372,45094300,191.3300018310547,190.92428588867188,188.23714229038782,183.06399993896486,190.67999267578125
2023-07-07,191.41000366210935,192.6699981689453,190.2400054931641,190.67999267578125,46815000,191.80999755859372,191.29857090541296,188.57071358816964,183.70133310953776,188.6100006103516
2023-07-10,189.25999450683597,189.9900054931641,187.0399932861328,188.6100006103516,59922200,190.67999267578125,191.20714242117745,188.83428519112724,184.2603332519531,188.0800018310547
2023-07-11,189.16000366210935,189.3000030517578,186.6000061035156,188.0800018310547,46638100,188.6100006103516,190.9914289202009,189.05357142857142,184.76333312988282,189.7700042724609
2023-07-12,189.67999267578125,191.6999969482422,188.47000122070312,189.7700042724609,60750200,188.0800018310547,190.3914293561663,189.46857125418526,185.2413335164388,190.5399932861328
2023-07-13,190.5,191.19000244140625,189.77999877929688,190.5399932861328,41342300,189.7700042724609,190.1171417236328,189.72142791748047,185.6826665242513,190.69000244140625
2023-07-14,190.22999572753903,191.17999267578125,189.6300048828125,190.69000244140625,41616200,190.5399932861328,190.02571323939733,190.0078571864537,186.13066660563152,193.9900054931641
2023-07-17,191.8999938964844,194.32000732421875,191.80999755859372,193.9900054931641,50520200,190.69000244140625,190.33714294433594,190.6307144165039,186.59400024414063,193.72999572753903
2023-07-18,193.3500061035156,194.3300018310547,192.4199981689453,193.72999572753903,48288200,193.9900054931641,190.77285766601562,191.03571428571428,187.0200002034505,195.1000061035156
2023-07-19,193.1000061035156,198.22999572753903,192.6499938964844,195.1000061035156,80507300,193.72999572753903,191.7000013078962,191.45357186453683,187.5373336791992,193.1300048828125
2023-07-20,195.08999633789065,196.47000122070312,192.5,193.1300048828125,59581200,195.1000061035156,192.42143031529017,191.70642961774553,188.00133361816407,191.94000244140625
2023-07-21,194.1000061035156,194.97000122070312,191.22999572753903,191.94000244140625,71951700,193.1300048828125,192.73143005371094,191.5614297049386,188.4720001220703,192.75
2023-07-24,193.41000366210935,194.91000366210935,192.25,192.75,45377800,191.94000244140625,193.0471452985491,191.58214351109095,188.87799987792968,193.6199951171875
2023-07-25,193.3300018310547,194.44000244140625,192.9199981689453,193.6199951171875,37283200,192.75,193.46571568080358,191.74571446010046,189.2999994913737,194.5
2023-07-26,193.6699981689453,195.63999938964844,193.32000732421875,194.5,47471900,193.6199951171875,193.53857203892298,191.93785749162947,189.65699971516926,193.22000122070312
2023-07-27,196.0200042724609,197.1999969482422,192.5500030517578,193.22000122070312,47460200,194.5,193.46571568080358,192.1192866734096,189.98733317057292,195.8300018310547
2023-07-28,194.6699981689453,196.6300048828125,194.13999938964844,195.8300018310547,48291400,193.22000122070312,193.57000078473772,192.63500104631697,190.38333333333333,196.4499969482422
2023-07-31,196.05999755859372,196.4900054931641,195.25999450683597,196.4499969482422,38824100,195.8300018310547,194.0442853655134,193.23285784040178,190.73133341471353,195.6100006103516
2023-08-01,196.2400054931641,196.72999572753903,195.27999877929688,195.6100006103516,35175100,196.4499969482422,194.56857081821985,193.6500004359654,191.0876668294271,192.5800018310547
2023-08-02,195.0399932861328,195.17999267578125,191.8500061035156,192.5800018310547,50389300,195.6100006103516,194.5442853655134,193.79571533203125,191.34000040690105,191.1699981689453
2023-08-03,191.57000732421875,192.3699951171875,190.69000244140625,191.1699981689453,61235200,192.5800018310547,194.1942858014788,193.8300007411412,191.58033345540363,181.9900054931641
2023-08-04,185.5200042724609,187.3800048828125,181.9199981689453,181.9900054931641,115956800,191.1699981689453,192.40714372907365,192.97285788399833,191.4133336385091,178.85000610351562
2023-08-07,182.1300048828125,183.1300048828125,177.35000610351562,178.85000610351562,97576100,181.9900054931641,190.35428728376115,191.91000148228235,191.15233408610027,179.8000030517578
2023-08-08,179.69000244140625,180.2700042724609,177.5800018310547,179.8000030517578,67823000,178.85000610351562,188.06428745814733,190.8171441214425,190.97000071207682,178.19000244140625
2023-08-09,180.8699951171875,180.92999267578125,177.00999450683594,178.19000244140625,60378500,179.8000030517578,185.4557168143136,189.7500010899135,190.64100087483723,177.97000122070312
2023-08-10,179.47999572753906,180.75,177.60000610351562,177.97000122070312,54686900,178.19000244140625,182.9357169015067,188.75214385986328,190.26500091552734,177.7899932861328
2023-08-11,177.32000732421875,178.6199951171875,176.5500030517578,177.7899932861328,52036700,177.97000122070312,180.82285853794642,187.6835719517299,189.87166748046874,179.4600067138672
2023-08-14,177.97000122070312,179.69000244140625,177.30999755859375,179.4600067138672,43675600,177.7899932861328,179.1500026157924,186.67214420863561,189.38800099690755,177.4499969482422
2023-08-15,178.8800048828125,179.47999572753906,177.0500030517578,177.4499969482422,43622600,179.4600067138672,178.50142996651786,185.45428684779577,188.88766733805338,176.57000732421875
2023-08-16,177.1300048828125,178.5399932861328,176.5,176.57000732421875,46964900,177.4499969482422,178.17571585518974,184.26500156947546,188.39566752115886,174.0
2023-08-17,177.13999938964844,177.50999450683594,173.47999572753906,174.0,66062900,176.57000732421875,177.3471439906529,182.7057157244001,187.8020009358724,174.49000549316406
2023-08-18,172.3000030517578,175.10000610351562,171.9600067138672,174.49000549316406,61172200,174.0,176.81857299804688,181.13714490618025,187.26233469645183,175.83999633789062
2023-08-21,175.07000732421875,176.1300048828125,173.74000549316406,175.83999633789062,46311900,174.49000549316406,176.5142865862165,179.7250017438616,186.8366678873698,177.22999572753906
2023-08-22,177.05999755859375,177.67999267578125,176.25,177.22999572753906,42038900,175.83999633789062,176.43428693498885,178.62857273646765,186.4750010172526,181.1199951171875
2023-08-23,178.52000427246094,181.5500030517578,178.3300018310547,181.1199951171875,52722800,177.22999572753906,176.67142813546317,177.9107153756278,186.1866673787435,176.3800048828125
2023-08-24,180.6699981689453,181.1000061035156,176.00999450683594,176.3800048828125,54945800,181.1199951171875,176.51857212611608,177.51000104631697,185.71466776529948,178.61000061035156
2023-08-25,177.3800048828125,179.14999389648438,175.82000732421875,178.61000061035156,51449600,176.3800048828125,176.80999973842077,177.49285779680525,185.31200103759767,180.19000244140625
2023-08-28,180.08999633789062,180.58999633789065,178.5500030517578,180.19000244140625,43820700,178.61000061035156,177.6942858014788,177.52071489606584,184.85200093587238,184.1199951171875
2023-08-29,179.6999969482422,184.8999938964844,179.5,184.1199951171875,53003900,180.19000244140625,179.06999860491072,177.9442858014788,184.53166758219402,187.6499938964844
2023-08-30,184.94000244140625,187.8500061035156,184.7400054931641,187.6499938964844,60813900,184.1199951171875,180.75714111328125,178.6357138497489,184.28333384195963,187.8699951171875
2023-08-31,187.83999633789065,189.1199951171875,187.47999572753903,187.8699951171875,60794500,187.6499938964844,182.27714102608817,179.3557139805385,184.10800018310547,189.4600067138672
2023-09-01,189.4900054931641,189.9199981689453,188.27999877929688,189.4600067138672,45766500,187.8699951171875,183.46857125418526,180.06999969482422,184.02533365885418,189.6999969482422
2023-09-05,188.27999877929688,189.97999572753903,187.6100006103516,189.6999969482422,45280000,189.4600067138672,185.37142726353235,180.94499969482422,183.92366689046224,182.91000366210935
2023-09-06,188.3999938964844,188.8500061035156,181.47000122070312,182.91000366210935,81755800,189.6999969482422,185.9857134137835,181.39785657610213,183.56666717529296,177.55999755859375
2023-09-07,175.17999267578125,178.2100067138672,173.5399932861328,177.55999755859375,112488800,182.91000366210935,185.60999843052454,181.65214211600167,183.0020004272461,178.17999267578125
2023-09-08,178.35000610351562,180.2400054931641,177.7899932861328,178.17999267578125,65551300,177.55999755859375,184.7614266531808,181.91571262904577,182.50066680908202,179.36000061035156
2023-09-11,180.07000732421875,180.3000030517578,177.33999633789062,179.36000061035156,58953100,178.17999267578125,183.57714189801897,182.1671415056501,181.95166676839193,176.3000030517578
2023-09-12,179.49000549316406,180.1300048828125,174.82000732421875,176.3000030517578,90370200,179.36000061035156,181.92428588867188,182.10071345738,181.28000030517578,174.2100067138672
2023-09-13,176.50999450683594,177.3000030517578,173.97999572753906,174.2100067138672,84267900,176.3000030517578,179.74571446010046,181.60714285714286,180.56666717529296,175.74000549316406
2023-09-14,174.0,176.10000610351562,173.5800018310547,175.74000549316406,60895800,174.2100067138672,177.75142996651786,181.5614286150251,180.00533396402994,175.00999450683594
2023-09-15,176.47999572753906,176.5,173.82000732421875,175.00999450683594,109259500,175.74000549316406,176.62285723005022,181.30428532191686,179.46666717529297,177.97000122070312
2023-09-18,176.47999572753906,179.3800048828125,176.1699981689453,177.97000122070312,67257600,175.00999450683594,176.68142918178015,181.14571380615234,179.3326670328776,179.07000732421875
2023-09-19,177.52000427246094,179.6300048828125,177.1300048828125,179.07000732421875,51826900,177.97000122070312,176.80857413155692,180.78500039236886,179.34000040690105,175.49000549316406
2023-09-20,179.25999450683594,179.6999969482422,175.39999389648438,175.49000549316406,58436200,179.07000732421875,176.25571768624442,179.9164297921317,179.1963338216146,173.92999267578125
2023-09-21,174.5500030517578,176.3000030517578,173.86000061035156,173.92999267578125,63149100,175.49000549316406,175.91714477539062,178.92071533203125,179.05433349609376,174.7899932861328
2023-09-22,174.6699981689453,177.0800018310547,174.0500030517578,174.7899932861328,56725400,173.92999267578125,176.0,177.87285723005022,178.94833323160807,176.0800018310547
2023-09-25,174.1999969482422,176.97000122070312,174.14999389648438,176.0800018310547,46172700,174.7899932861328,176.04857090541296,176.9000004359654,178.8913335164388,171.9600067138672
2023-09-26,174.82000732421875,175.1999969482422,171.66000366210938,171.9600067138672,64588900,176.0800018310547,175.61285836356026,176.11785779680525,178.6413335164388,170.42999267578125
2023-09-27,172.6199951171875,173.0399932861328,169.0500030517578,170.42999267578125,66921800,171.9600067138672,174.53571428571428,175.6085717337472,178.40733337402344,170.69000244140625
2023-09-28,169.33999633789062,172.02999877929688,167.6199951171875,170.69000244140625,56294400,170.42999267578125,173.33857073102678,175.07357243129186,178.21133321126302,171.2100067138672
2023-09-29,172.02000427246094,173.07000732421875,170.33999633789062,171.2100067138672,51861100,170.69000244140625,172.72714233398438,174.49143001011439,178.1183334350586,173.75
2023-10-02,171.22000122070312,174.3000030517578,170.92999267578125,173.75,52164500,171.2100067138672,172.70142909458704,174.30928693498885,178.09366658528646,172.39999389648438
2023-10-03,172.25999450683594,173.6300048828125,170.82000732421875,172.39999389648438,49594600,173.75,172.36000061035156,174.18000030517578,177.97899983723957,173.66000366210938
2023-10-04,171.08999633789062,174.2100067138672,170.97000122070312,173.66000366210938,53020300,172.39999389648438,172.0142865862165,174.03142874581474,177.86000010172526,174.91000366210938
2023-10-05,173.7899932861328,175.4499969482422,172.67999267578125,174.91000366210938,48527900,173.66000366210938,172.4357147216797,174.02428654262,177.653000386556,177.49000549316406
2023-10-06,173.8000030517578,177.99000549316406,173.17999267578125,177.49000549316406,57266700,174.91000366210938,173.4442879813058,173.99000113351005,177.69000040690105,178.99000549316406
2023-10-09,176.80999755859375,179.0500030517578,175.8000030517578,178.99000549316406,42390800,177.49000549316406,174.63000270298548,173.98428671700614,177.70266723632812,178.38999938964844
2023-10-10,178.10000610351562,179.72000122070312,177.9499969482422,178.38999938964844,43698000,178.99000549316406,175.6557159423828,174.1914291381836,177.64266713460287,179.8000030517578
2023-10-11,178.1999969482422,179.85000610351562,177.60000610351562,179.8000030517578,47551100,178.38999938964844,176.52000209263392,174.61071559361048,177.49866739908853,180.7100067138672
2023-10-12,180.07000732421875,182.33999633789065,179.0399932861328,180.7100067138672,56743100,179.8000030517578,177.70714678083147,175.0335736955915,177.2673344930013,178.85000610351562
2023-10-13,181.4199981689453,181.92999267578125,178.13999938964844,178.85000610351562,51427100,180.7100067138672,178.44857570103235,175.23143114362443,176.96666819254557,178.72000122070312
2023-10-16,176.75,179.0800018310547,176.50999450683594,178.72000122070312,52517000,178.85000610351562,178.99286106654577,175.71428789411272,176.6086680094401,177.14999389648438
2023-10-17,176.64999389648438,178.4199981689453,174.8000030517578,177.14999389648438,57549400,178.72000122070312,178.9442879813058,176.1942879813058,176.19033457438152,175.83999633789062
2023-10-18,175.5800018310547,177.5800018310547,175.11000061035156,175.83999633789062,54764400,177.14999389648438,178.4942866734096,176.56214468819755,175.9546676635742,175.4600067138672
2023-10-19,176.0399932861328,177.83999633789062,175.19000244140625,175.4600067138672,59302900,175.83999633789062,178.07571629115515,176.86571611676897,175.88466796875,172.8800048828125
2023-10-20,175.30999755859375,175.4199981689453,172.63999938964844,172.8800048828125,64244000,175.4600067138672,177.08714512416296,176.80357360839844,175.70800170898437,173.0
2023-10-23,170.91000366210938,174.00999450683594,169.92999267578125,173.0,55980100,172.8800048828125,175.98571559361048,176.846431187221,175.49600168863932,173.44000244140625
2023-10-24,173.0500030517578,173.6699981689453,171.4499969482422,173.44000244140625,43816600,173.0,175.21285792759485,176.8307168143136,175.40066833496093,171.10000610351562
2023-10-25,171.8800048828125,173.05999755859375,170.64999389648438,171.10000610351562,57157000,173.44000244140625,174.12428719656808,176.55857413155692,175.29700164794923,166.88999938964844
2023-10-26,170.3699951171875,171.3800048828125,165.6699981689453,166.88999938964844,70625300,171.10000610351562,172.6585736955915,175.80143083844865,175.0020014444987,168.22000122070312
2023-10-27,166.91000366210938,168.9600067138672,166.8300018310547,168.22000122070312,58499100,166.88999938964844,171.57000296456474,175.03214481898718,174.77566833496093,170.2899932861328
2023-10-30,169.02000427246094,171.1699981689453,168.8699951171875,170.2899932861328,51131000,168.22000122070312,170.83142961774553,174.45357295445032,174.51966807047526,170.77000427246094
2023-10-31,169.35000610351562,170.89999389648438,167.89999389648438,170.77000427246094,44846000,170.2899932861328,170.5300009591239,173.80857304164343,174.24300130208334,173.97000122070312
2023-11-01,171.0,174.22999572753906,170.1199951171875,173.97000122070312,56934900,170.77000427246094,170.66857256208147,173.327144077846,174.1923344930013,177.57000732421875
2023-11-02,175.52000427246094,177.77999877929688,175.4600067138672,177.57000732421875,77334800,173.97000122070312,171.2585732596261,173.23571559361048,174.31366831461588,176.64999389648438
2023-11-03,174.24000549316406,176.82000732421875,173.35000610351562,176.64999389648438,79829200,177.57000732421875,172.05142865862166,173.08785792759485,174.37566833496095,179.22999572753906
2023-11-06,176.3800048828125,179.42999267578125,176.2100067138672,179.22999572753906,63841300,176.64999389648438,173.8142852783203,173.23642948695593,174.4806681315104,181.82000732421875
2023-11-07,179.17999267578125,182.44000244140625,178.97000122070312,181.82000732421875,70530000,179.22999572753906,175.75714329310827,173.6635731288365,174.80933481852213,182.88999938964844
2023-11-08,182.3500061035156,183.4499969482422,181.58999633789065,182.88999938964844,49340300,181.82000732421875,177.55714416503906,174.1942868913923,175.22466837565105,182.41000366210935
2023-11-09,182.9600067138672,184.1199951171875,181.80999755859372,182.41000366210935,53763500,182.88999938964844,179.22000122070312,174.8750010899135,175.6153350830078,186.3999938964844
2023-11-10,183.97000122070312,186.57000732421875,183.52999877929688,186.3999938964844,66133400,182.41000366210935,180.99571446010046,175.83214351109095,176.12166798909504,184.8000030517578
2023-11-13,185.82000732421875,186.02999877929688,184.2100067138672,184.8000030517578,43627500,186.3999938964844,182.02857099260603,176.64357212611608,176.49000142415363,187.44000244140625
2023-11-14,187.6999969482422,188.1100006103516,186.3000030517578,187.44000244140625,60108400,184.8000030517578,183.57000078473772,177.8107147216797,176.9913350423177,188.00999450683597
2023-11-15,187.8500061035156,189.5,187.77999877929688,188.00999450683597,53790500,187.44000244140625,184.82428632463728,179.3192858014788,177.46966807047525,189.7100067138672
2023-11-16,189.57000732421875,190.9600067138672,188.6499938964844,189.7100067138672,54412900,188.00999450683597,185.95142909458704,180.85428619384766,177.96300150553387,189.69000244140625
2023-11-17,190.25,190.3800048828125,188.57000732421875,189.69000244140625,50922700,189.7100067138672,186.92285810198103,182.24000113351005,178.36966807047526,191.4499969482422
2023-11-20,189.88999938964844,191.91000366210935,189.8800048828125,191.4499969482422,46505100,189.69000244140625,188.21428571428572,183.71714346749442,178.78500111897787,190.63999938964844
2023-11-21,191.41000366210935,191.5200042724609,189.7400054931641,190.63999938964844,38134500,191.4499969482422,188.82000078473772,184.90785762241907,179.1933344523112,191.30999755859372
2023-11-22,191.4900054931641,192.92999267578125,190.8300018310547,191.30999755859372,39617700,190.63999938964844,189.75,185.88928549630302,179.5770009358724,189.97000122070312
2023-11-24,190.8699951171875,190.8999938964844,189.25,189.97000122070312,24048300,191.30999755859372,190.1114283970424,186.84071459089006,179.8856674194336,189.7899932861328
2023-11-27,189.9199981689453,190.6699981689453,188.8999938964844,189.7899932861328,40552600,189.97000122070312,190.36571393694197,187.59500013078963,180.25033365885417,190.3999938964844
2023-11-28,189.77999877929688,191.0800018310547,189.3999938964844,190.3999938964844,38415400,189.7899932861328,190.4642835344587,188.20785631452287,180.63966674804686,189.3699951171875
2023-11-29,190.8999938964844,192.08999633789065,188.97000122070312,189.3699951171875,43014200,190.3999938964844,190.41856820242745,188.67071315220423,181.0470001220703,189.9499969482422
2023-11-30,189.83999633789065,190.32000732421875,188.19000244140625,189.9499969482422,48794400,189.3699951171875,190.20428248814173,189.20928410121374,181.5173334757487,191.2400054931641
2023-12-01,190.3300018310547,191.55999755859372,189.22999572753903,191.2400054931641,45704800,189.9499969482422,190.28999764578683,189.55499921526228,182.0433334350586,189.42999267578125
2023-12-04,189.97999572753903,190.0500030517578,187.4499969482422,189.42999267578125,43389500,191.2400054931641,190.02142551967077,189.88571275983537,182.59499969482422,193.4199981689453
2023-12-05,190.2100067138672,194.3999938964844,190.17999267578125,193.4199981689453,66628400,189.42999267578125,190.5142822265625,190.31285531180245,183.27566630045573,192.32000732421875
2023-12-06,194.4499969482422,194.75999450683597,192.1100006103516,192.32000732421875,41089700,193.4199981689453,190.87571280343192,190.62071337018693,183.90499979654948,194.2700042724609
2023-12-07,193.6300048828125,195.0,193.58999633789065,194.2700042724609,47477700,192.32000732421875,191.42857142857142,190.94642748151506,184.67733306884764,195.7100067138672
2023-12-08,194.1999969482422,195.9900054931641,193.6699981689453,195.7100067138672,53406400,194.2700042724609,192.33428737095423,191.37642778669084,185.63799997965495,193.17999267578125
2023-12-11,193.1100006103516,193.4900054931641,191.4199981689453,193.17999267578125,60943700,195.7100067138672,192.79571533203125,191.4999989100865,186.46999969482422,194.7100067138672
2023-12-12,193.0800018310547,194.72000122070312,191.72000122070312,194.7100067138672,52696900,193.17999267578125,193.2914297921317,191.79071371895927,187.28400014241535,197.9600067138672
2023-12-13,195.08999633789065,198.0,194.8500061035156,197.9600067138672,70404200,194.7100067138672,194.51000322614397,192.26571437290735,188.1903335571289,198.1100006103516
2023-12-14,198.0200042724609,199.6199951171875,196.16000366210935,198.1100006103516,66831600,197.9600067138672,195.1800035749163,192.84714290073939,188.99500020345053,197.57000732421875
2023-12-15,197.52999877929688,198.3999938964844,197.0,197.57000732421875,128538400,198.1100006103516,195.9300035749163,193.4028581891741,189.6616668701172,195.88999938964844
2023-12-18,196.08999633789065,196.6300048828125,194.38999938964844,195.88999938964844,55751900,197.57000732421875,196.16143144880022,193.79500143868583,190.303000386556,196.94000244140625
2023-12-19,196.16000366210935,196.9499969482422,195.88999938964844,196.94000244140625,40714100,195.88999938964844,196.33714512416296,194.3357162475586,190.8933339436849,194.8300018310547
2023-12-20,196.8999938964844,197.67999267578125,194.8300018310547,194.8300018310547,52242800,196.94000244140625,196.57286071777344,194.68428802490234,191.3270004272461,194.67999267578125
2023-12-21,196.1000061035156,197.0800018310547,193.5,194.67999267578125,46482500,194.8300018310547,196.56857299804688,194.93000139508928,191.72000020345052,193.6000061035156
2023-12-22,195.17999267578125,195.41000366210935,192.97000122070312,193.6000061035156,37149600,194.67999267578125,195.94571576799666,195.2278594970703,192.09300028483074,193.0500030517578
2023-12-26,193.6100006103516,193.88999938964844,192.8300018310547,193.0500030517578,28919300,193.6000061035156,195.22285897391183,195.20143127441406,192.31466725667318,193.1499938964844
2023-12-27,192.4900054931641,193.5,191.08999633789065,193.1499938964844,48087700,193.0500030517578,194.59142848423548,195.2607160295759,192.59300028483074,193.5800018310547
2023-12-28,194.13999938964844,194.66000366210935,193.1699981689453,193.5800018310547,34049900,193.1499938964844,194.2614288330078,195.211430140904,192.79766693115235,192.52999877929688
2023-12-29,193.8999938964844,194.3999938964844,191.72999572753903,192.52999877929688,42672100,193.5800018310547,193.63142830984933,194.98428671700614,192.94833374023438,185.63999938964844
2024-01-02,187.1499938964844,188.44000244140625,183.88999938964844,185.63999938964844,82488700,192.52999877929688,192.31857081821985,194.44571576799666,192.8126668294271,184.25
2024-01-03,184.22000122070312,185.8800048828125,183.42999267578125,184.25,58414500,185.63999938964844,190.82857186453683,193.69857243129186,192.63133341471354,181.91000366210935
2024-01-04,182.1499938964844,183.08999633789065,180.8800048828125,181.91000366210935,71983600,184.25,189.15857151576452,192.55214364188058,192.3133336385091,181.17999267578125
2024-01-05,181.9900054931641,182.75999450683597,180.1699981689453,181.17999267578125,62379700,181.91000366210935,187.46285574776786,191.34285736083984,191.9980000813802,185.55999755859372
2024-01-08,182.08999633789065,185.6000061035156,181.5,185.55999755859372,59144500,181.17999267578125,186.37857055664062,190.48499952043807,191.80633341471355,185.13999938964844
2024-01-09,183.9199981689453,185.1499938964844,182.72999572753903,185.13999938964844,42841800,185.55999755859372,185.172855922154,189.71714237758093,191.64533335367838,186.19000244140625
2024-01-10,184.3500061035156,186.3999938964844,183.9199981689453,186.19000244140625,46792900,185.13999938964844,184.26714215959822,188.94928523472376,191.52533365885418,185.58999633789065
2024-01-11,186.5399932861328,187.0500030517578,183.6199951171875,185.58999633789065,49128400,186.19000244140625,184.25999886648995,188.2892848423549,191.36500040690103,185.9199981689453
2024-01-12,186.05999755859372,186.7400054931641,185.19000244140625,185.9199981689453,40477800,185.58999633789065,184.49857003348214,187.66357094900948,191.2500005086263,183.6300048828125
2024-01-16,182.16000366210935,184.25999450683597,180.92999267578125,183.6300048828125,65603000,185.9199981689453,184.7442844935826,186.95142800467355,191.03933410644532,182.67999267578125
2024-01-17,181.2700042724609,182.92999267578125,180.3000030517578,182.67999267578125,47317400,183.6300048828125,184.9585702078683,186.21071297781808,190.75400034586588,188.6300048828125
2024-01-18,186.08999633789065,189.13999938964844,185.8300018310547,188.6300048828125,78005800,182.67999267578125,185.3971426827567,185.88785661969865,190.72733408610026,191.55999755859372
2024-01-19,189.3300018310547,191.9499969482422,188.82000732421875,191.55999755859372,68903000,188.6300048828125,186.3142852783203,185.74357060023718,190.66533406575522,193.88999938964844
2024-01-22,192.3000030517578,195.3300018310547,192.25999450683597,193.88999938964844,60133900,191.55999755859372,187.4142848423549,185.84071350097656,190.71766713460286,195.17999267578125
2024-01-23,195.0200042724609,195.75,193.8300018310547,195.17999267578125,42355600,193.88999938964844,188.78428431919642,186.52214159284318,190.7480000813802,194.5
2024-01-24,195.4199981689453,196.3800048828125,194.33999633789065,194.5,53631300,195.17999267578125,190.00999886648995,187.25428444998605,190.7076665242513,194.1699981689453
2024-01-25,195.22000122070312,196.2700042724609,193.1100006103516,194.1699981689453,54822100,194.5,191.51571219308036,188.12999834333147,190.74066670735678,192.4199981689453
2024-01-26,194.2700042724609,194.75999450683597,191.94000244140625,192.4199981689453,44594000,194.1699981689453,192.90714154924666,188.9328558785575,190.6643330891927,191.72999572753903
2024-01-29,192.00999450683597,192.1999969482422,189.5800018310547,191.72999572753903,47145600,192.4199981689453,193.3499973842076,189.37357003348214,190.4566660563151,188.0399932861328
2024-01-30,190.94000244140625,191.8000030517578,187.47000122070312,188.0399932861328,55859400,191.72999572753903,192.8471396309989,189.5807124546596,190.12099914550782,184.3999938964844
2024-01-31,187.0399932861328,187.1000061035156,184.3500061035156,184.3999938964844,55467800,188.0399932861328,191.49142456054688,189.4528547014509,189.68199869791667,186.8600006103516
2024-02-01,183.9900054931641,186.9499969482422,183.82000732421875,186.8600006103516,64885400,184.3999938964844,190.30285426548548,189.54356929234095,189.38099873860676,185.8500061035156
2024-02-02,179.86000061035156,187.3300018310547,179.25,185.8500061035156,102551700,186.8600006103516,189.06714085170202,189.538569859096,189.0113321940104,187.67999267578125
2024-02-05,188.1499938964844,189.25,185.83999633789065,187.67999267578125,69668800,185.8500061035156,188.13999720982142,189.8278547014509,188.7729985555013,189.3000030517578
2024-02-06,186.8600006103516,189.30999755859372,186.7700042724609,189.3000030517578,43490800,187.67999267578125,187.69428362165178,190.30071258544922,188.59366556803386,189.41000366210935
2024-02-07,190.63999938964844,191.0500030517578,188.6100006103516,189.41000366210935,53439000,189.3000030517578,187.36285618373327,190.35642678397042,188.453998819987,188.32000732421875
2024-02-08,189.38999938964844,189.5399932861328,187.3500061035156,188.32000732421875,40962000,189.41000366210935,187.4028581891741,190.1249989100865,188.29633229573568,188.8500061035156
2024-02-09,188.6499938964844,189.9900054931641,188.0,188.8500061035156,45155200,188.32000732421875,188.03857421875,189.76499938964844,188.1529993693034,187.1499938964844
2024-02-12,188.4199981689453,188.6699981689453,186.7899932861328,187.1499938964844,41781900,188.8500061035156,188.0800018310547,189.1914280482701,187.93866577148438,185.0399932861328
2024-02-13,185.7700042724609,186.2100067138672,183.50999450683597,185.0399932861328,56529500,187.1499938964844,187.96428571428572,188.51571328299386,187.68899892171223,184.1499938964844
2024-02-14,185.32000732421875,185.52999877929688,182.44000244140625,184.1499938964844,54630500,185.0399932861328,187.46000017438615,187.7999986921038,187.63933207194012,183.8600006103516
2024-02-15,183.5500030517578,184.4900054931641,181.3500061035156,183.8600006103516,65434500,184.1499938964844,186.682856968471,187.1885702950614,187.62633209228517,182.30999755859372
2024-02-16,183.4199981689453,184.8500061035156,181.6699981689453,182.30999755859372,49752500,183.8600006103516,185.66857038225447,186.51571328299386,187.63966522216796,181.55999755859372
2024-02-20,181.7899932861328,182.42999267578125,180.0,181.55999755859372,53665600,182.30999755859372,184.7028547014509,186.0528564453125,187.65233205159504,182.32000732421875
2024-02-21,181.94000244140625,182.88999938964844,180.66000366210935,182.32000732421875,41371400,181.55999755859372,183.7699977329799,185.90428597586495,187.5443323771159,184.3699951171875
2024-02-22,183.47999572753903,184.9600067138672,182.4600067138672,184.3699951171875,52292200,182.32000732421875,183.37285505022322,185.72642844063895,187.51866556803387,182.5200042724609
2024-02-23,185.00999450683597,185.0399932861328,182.22999572753903,182.5200042724609,45119700,184.3699951171875,183.01285661969865,185.4885711669922,187.39633229573568,181.16000366210935
2024-02-26,182.2400054931641,182.75999450683597,180.6499938964844,181.16000366210935,40867400,182.5200042724609,182.5857151576451,185.02285766601562,187.24866587320963,182.6300048828125
2024-02-27,181.1000061035156,183.9199981689453,179.55999755859375,182.6300048828125,54318900,181.16000366210935,182.41000148228235,184.54642922537667,187.13899943033854,181.4199981689453
2024-02-28,182.50999450683597,183.1199951171875,180.1300048828125,181.4199981689453,48953900,182.6300048828125,182.2828587123326,183.97571454729353,187.0653325398763,180.75
2024-02-29,181.2700042724609,182.57000732421875,179.52999877929688,180.75,136682600,181.4199981689453,182.16714477539062,183.43499973842077,187.0009994506836,179.66000366210938
2024-03-01,179.5500030517578,180.52999877929688,177.3800048828125,179.66000366210938,73563100,180.75,181.78714425223214,182.77857099260603,186.70199940999348,175.10000610351562
2024-03-04,176.14999389648438,176.89999389648438,173.7899932861328,175.10000610351562,81510100,179.66000366210938,180.46286010742188,181.91785757882255,186.15333302815756,170.1199951171875
2024-03-05,170.75999450683594,172.0399932861328,169.6199951171875,170.1199951171875,95132400,175.10000610351562,178.6914302280971,180.85214342389787,185.36099955240886,169.1199951171875
2024-03-06,171.05999755859375,171.24000549316406,168.67999267578125,169.1199951171875,68587700,170.1199951171875,176.97142900739397,179.77857208251953,184.4923329671224,169.0
2024-03-07,169.14999389648438,170.72999572753906,168.49000549316406,169.0,71765100,169.1199951171875,175.02428545270647,178.71714346749442,183.6423329671224,170.72999572753906
2024-03-08,169.0,173.6999969482422,168.94000244140625,170.72999572753906,76267000,169.0,173.4971422467913,177.89000047956193,182.86099955240886,172.75
2024-03-11,172.94000244140625,174.3800048828125,172.0500030517578,172.75,60139500,170.72999572753906,172.35428510393416,177.2607149396624,182.20533294677733,173.22999572753906
2024-03-12,173.14999389648438,174.02999877929688,171.00999450683594,173.22999572753906,59825400,172.75,171.43571254185267,176.6114283970424,181.5886662801107,171.1300048828125
2024-03-13,172.77000427246094,173.19000244140625,170.75999450683594,171.1300048828125,52488700,173.22999572753906,170.86856951032365,175.66571480887276,181.025,173.0
2024-03-14,172.91000366210938,174.30999755859375,172.0500030517578,173.0,72913500,171.1300048828125,171.27999877929688,174.98571450369698,180.6450002034505,172.6199951171875
2024-03-15,171.1699981689453,172.6199951171875,170.2899932861328,172.6199951171875,121752700,173.0,171.77999877929688,174.37571389334542,180.1703333536784,173.72000122070312
2024-03-18,175.57000732421875,177.7100067138672,173.52000427246094,173.72000122070312,75604200,172.6199951171875,172.45428466796875,173.7392850603376,179.76599985758463,176.0800018310547
2024-03-19,174.33999633789062,176.61000061035156,173.02999877929688,176.0800018310547,55215200,173.72000122070312,173.21857125418526,173.35785675048828,179.37933349609375,178.6699981689453
2024-03-20,175.72000122070312,178.6699981689453,175.08999633789062,178.6699981689453,53423100,176.0800018310547,174.0642852783203,173.20928519112724,179.025,171.3699951171875
2024-03-21,177.0500030517578,177.49000549316406,170.83999633789062,171.3699951171875,106181300,178.6699981689453,173.79857090541296,172.6171417236328,178.42366638183594,172.27999877929688
2024-03-22,171.75999450683594,173.0500030517578,170.05999755859375,172.27999877929688,71160100,171.3699951171875,173.96285574776786,172.41571262904577,177.88899943033854,170.85000610351562
2024-03-25,170.57000732421875,171.94000244140625,169.4499969482422,170.85000610351562,54288300,172.27999877929688,173.6557137625558,172.46785627092635,177.28899943033855,169.7100067138672
2024-03-26,170.0,171.4199981689453,169.5800018310547,169.7100067138672,57388400,170.85000610351562,173.24000113351005,172.50999995640345,176.7076665242513,173.30999755859375
2024-03-27,170.41000366210938,173.60000610351562,170.11000061035156,173.30999755859375,60273300,169.7100067138672,173.18142918178015,172.81785692487443,176.31666666666666,171.47999572753906
2024-03-28,171.75,172.22999572753906,170.50999450683594,171.47999572753906,65672700,173.30999755859375,172.52428545270647,172.87142835344588,175.8943333943685,170.02999877929688
2024-04-01,171.19000244140625,171.25,169.47999572753906,170.02999877929688,46240500,171.47999572753906,171.28999982561385,172.67714255196708,175.43333333333334,168.83999633789062
2024-04-02,169.0800018310547,169.33999633789062,168.22999572753906,168.83999633789062,49329500,170.02999877929688,170.92857142857142,172.3635711669922,174.98433329264324,169.64999389648438
2024-04-03,168.7899932861328,170.67999267578125,168.5800018310547,169.64999389648438,47691700,168.83999633789062,170.5528564453125,172.25785609654017,174.58733317057292,168.82000732421875
2024-04-04,170.2899932861328,171.9199981689453,168.82000732421875,168.82000732421875,53704400,169.64999389648438,170.26285661969865,171.95928519112724,174.13733317057293,169.5800018310547
2024-04-05,169.58999633789062,170.38999938964844,168.9499969482422,169.5800018310547,42104800,168.82000732421875,170.2442844935826,171.7421428135463,173.6443333943685,168.4499969482422
2024-04-08,169.02999877929688,169.1999969482422,168.24000549316406,168.4499969482422,37425500,169.5800018310547,169.5499986921038,171.36571393694197,173.17533315022786,169.6699981689453
2024-04-09,168.6999969482422,170.0800018310547,168.35000610351562,169.6699981689453,42373800,168.4499969482422,169.2914276123047,170.90785653250558,172.7923329671224,167.77999877929688
2024-04-10,168.8000030517578,169.08999633789062,167.11000061035156,167.77999877929688,49709300,169.6699981689453,168.9699990408761,170.129999433245,172.29733276367188,175.0399932861328
2024-04-11,168.33999633789062,175.4600067138672,168.16000366210938,175.0399932861328,91070300,167.77999877929688,169.855712890625,170.39214215959822,172.08466593424478,176.5500030517578
2024-04-12,174.25999450683594,178.36000061035156,174.2100067138672,176.5500030517578,101670900,175.0399932861328,170.84142848423548,170.697142464774,171.94466603597004,172.69000244140625
2024-04-15,175.36000061035156,176.6300048828125,172.5,172.69000244140625,73531800,176.5500030517578,171.39428492954798,170.82857077462333,171.71233266194662,169.3800048828125
2024-04-16,171.75,173.75999450683594,168.27000427246094,169.3800048828125,73711200,172.69000244140625,171.36571393694197,170.80499921526228,171.52166595458985,168.0
2024-04-17,169.61000061035156,170.64999389648438,168.0,168.0,50901200,169.3800048828125,171.30142865862166,170.42571367536272,171.45099945068358,167.0399932861328
2024-04-18,168.02999877929688,168.63999938964844,166.5500030517578,167.0399932861328,43122900,168.0,170.92571367536272,170.1085706438337,171.3816660563151,165.0
2024-04-19,166.2100067138672,166.39999389648438,164.0800018310547,165.0,68149400,167.0399932861328,170.52857099260603,169.74928501674108,171.24833272298176,165.83999633789062
2024-04-22,165.52000427246094,167.25999450683594,164.77000427246094,165.83999633789062,48116400,165.0,169.21428571428572,169.53499930245536,171.08533274332683,166.89999389648438
2024-04-23,165.35000610351562,167.0500030517578,164.9199981689453,166.89999389648438,49537800,165.83999633789062,167.83571297781808,169.33857073102678,170.8903325398763,169.02000427246094
2024-04-24,166.5399932861328,169.3000030517578,166.2100067138672,169.02000427246094,48251800,166.89999389648438,167.3114275251116,169.3528562273298,170.7499994913737,169.88999938964844
2024-04-25,169.52999877929688,170.61000061035156,168.14999389648438,169.88999938964844,50558300,169.02000427246094,167.38428388323103,169.3749989100865,170.7086659749349,169.3000030517578
2024-04-26,169.8800048828125,171.33999633789062,169.17999267578125,169.3000030517578,44838400,169.88999938964844,167.56999860491072,169.4357136317662,170.58533274332683,173.5
2024-04-29,173.3699951171875,176.02999877929688,173.10000610351562,173.5,68169400,169.3000030517578,168.49285670689173,169.70928519112724,170.6146662394206,170.3300018310547
2024-04-30,173.3300018310547,174.99000549316406,170.0,170.3300018310547,65934800,173.5,169.25428553989954,169.8914282662528,170.5016662597656,169.3000030517578
2024-05-01,169.5800018310547,172.7100067138672,169.11000061035156,169.3000030517578,50383100,170.3300018310547,169.74857221330916,169.48142896379744,170.27566630045573,173.02999877929688
2024-05-02,172.50999450683594,173.4199981689453,170.88999938964844,173.02999877929688,94214900,169.3000030517578,170.62428719656808,169.23000008719308,170.0876663208008,183.3800048828125
2024-05-03,186.6499938964844,187.0,182.66000366210935,183.3800048828125,163224100,173.02999877929688,172.67571585518974,169.99357169015067,170.48799997965494,181.7100067138672
2024-05-06,182.3500061035156,184.1999969482422,180.4199981689453,181.7100067138672,78569700,183.3800048828125,174.36428833007812,170.87428610665458,170.80233357747395,182.3999938964844
2024-05-07,183.4499969482422,184.8999938964844,181.32000732421875,182.3999938964844,77305800,181.7100067138672,176.23571559361048,171.90285709926061,171.1873331705729,182.7400054931641
2024-05-08,182.8500061035156,183.07000732421875,181.4499969482422,182.7400054931641,45057100,182.3999938964844,177.55571637834822,173.02428654262,171.62166646321614,184.57000732421875
2024-05-09,182.55999755859372,184.66000366210935,182.1100006103516,184.57000732421875,48983000,182.7400054931641,179.59000287737166,174.42214420863561,171.99700012207032,183.0500030517578
2024-05-10,184.8999938964844,185.08999633789065,182.1300048828125,183.0500030517578,50759500,184.57000732421875,181.55428859165735,175.65143040248327,172.3826670328776,186.27999877929688
2024-05-13,185.44000244140625,187.1000061035156,184.6199951171875,186.27999877929688,72044800,183.0500030517578,183.44714573451452,177.0357164655413,172.92433369954426,187.42999267578125
2024-05-14,187.50999450683597,188.3000030517578,186.2899932861328,187.42999267578125,52393600,186.27999877929688,184.02571541922433,178.35071563720703,173.54400024414062,189.72000122070312
2024-05-15,187.91000366210935,190.6499938964844,187.3699951171875,189.72000122070312,70400000,187.42999267578125,185.17000034877233,179.76714433942522,174.21300048828124,189.83999633789065
2024-05-16,190.47000122070312,191.1000061035156,189.66000366210935,189.83999633789065,52845200,189.72000122070312,186.23285784040178,181.23428671700614,174.91366678873698,189.8699951171875
2024-05-17,189.50999450683597,190.80999755859372,189.17999267578125,189.8699951171875,41282900,189.83999633789065,187.25142778669084,182.40357208251953,175.58999989827473,191.0399932861328
2024-05-20,189.3300018310547,191.9199981689453,189.00999450683597,191.0399932861328,44361300,189.8699951171875,188.17571149553572,183.8828571864537,176.34299977620444,192.3500061035156
2024-05-21,191.08999633789065,192.72999572753903,190.9199981689453,192.3500061035156,42309400,191.0399932861328,189.50428336007255,185.52928597586495,177.0990000406901,190.8999938964844
2024-05-22,192.2700042724609,192.82000732421875,190.2700042724609,190.8999938964844,34648500,192.3500061035156,190.1642826625279,186.8057141985212,177.86966654459636,186.8800048828125
2024-05-23,190.97999572753903,191.0,186.6300048828125,186.8800048828125,51005900,190.8999938964844,190.08571297781808,187.0557141985212,178.26433359781902,189.97999572753903
2024-05-24,188.82000732421875,190.5800018310547,188.0399932861328,189.97999572753903,36327000,186.8800048828125,190.12285505022322,187.64642769949776,178.71200002034504,189.9900054931641
2024-05-28,191.50999450683597,193.0,189.1000061035156,189.9900054931641,52280100,189.97999572753903,190.14428492954798,188.1885713849749,179.28866678873698,190.2899932861328
2024-05-29,189.6100006103516,192.25,189.50999450683597,190.2899932861328,53068000,189.9900054931641,190.20428466796875,188.7278562273298,179.98566640218098,191.2899932861328
2024-05-30,190.75999450683597,192.17999267578125,190.6300048828125,191.2899932861328,49889100,190.2899932861328,190.23999895368303,189.20785522460938,180.76199951171876,192.25
2024-05-31,191.44000244140625,192.57000732421875,189.91000366210935,192.25,75158300,191.2899932861328,190.2257123674665,189.86499786376953,181.60233306884766,194.02999877929688
2024-06-03,192.8999938964844,194.9900054931641,192.5200042724609,194.02999877929688,50080500,192.25,190.672855922154,190.41856929234095,182.56999969482422,194.3500061035156
2024-06-04,194.63999938964844,195.32000732421875,193.02999877929688,194.3500061035156,47471400,194.02999877929688,191.73999895368303,190.91285596575057,183.52033335367838,195.8699951171875
2024-06-05,195.3999938964844,196.8999938964844,194.8699951171875,195.8699951171875,54156800,194.3500061035156,192.58142743791853,191.35214124407088,184.48600006103516,194.47999572753903
2024-06-06,195.69000244140625,196.5,194.1699981689453,194.47999572753903,41181800,195.8699951171875,193.2228546142578,191.6835697719029,185.33466644287108,196.88999938964844
2024-06-07,194.6499938964844,196.94000244140625,194.13999938964844,196.88999938964844,53103900,194.47999572753903,194.16571262904577,192.18499864850725,186.2346664428711,193.1199951171875
2024-06-10,196.8999938964844,197.3000030517578,192.1499938964844,193.1199951171875,97010200,196.88999938964844,194.42714146205358,192.3335702078683,187.0286661783854,207.1499938964844
2024-06-11,193.6499938964844,207.16000366210935,193.6300048828125,207.1499938964844,172373300,193.1199951171875,196.5557120186942,193.39071219308036,188.15033264160155,213.07000732421875
2024-06-12,207.3699951171875,220.1999969482422,206.8999938964844,213.07000732421875,198134300,207.1499938964844,199.27571323939733,194.97428458077567,189.5749994913737,214.2400054931641
2024-06-13,214.7400054931641,216.75,211.6000061035156,214.2400054931641,97862700,213.07000732421875,202.1171417236328,196.92857033865792,191.0729995727539,212.4900054931641
2024-06-14,213.8500061035156,215.1699981689453,211.3000030517578,212.4900054931641,70122700,214.2400054931641,204.4914289202009,198.5364281790597,192.38833312988282,216.6699981689453
2024-06-17,213.3699951171875,218.9499969482422,212.72000122070312,216.6699981689453,93728300,212.4900054931641,207.66142926897322,200.44214194161552,193.4979995727539,214.2899932861328
2024-06-18,217.58999633789065,218.6300048828125,213.0,214.2899932861328,79943300,216.6699981689453,210.1471426827567,202.15642765590124,194.58399912516276,209.67999267578125
2024-06-20,213.92999267578125,214.2400054931641,208.8500061035156,209.67999267578125,86172500,214.2899932861328,212.51285661969865,203.4699990408761,195.493332417806,207.4900054931641
2024-06-21,210.38999938964844,211.88999938964844,207.1100006103516,207.4900054931641,241805100,209.67999267578125,212.5614297049386,204.5585708618164,196.31833241780598,208.13999938964844
2024-06-24,207.72000122070312,212.6999969482422,206.58999633789065,208.13999938964844,80727000,207.4900054931641,211.85714285714286,205.5664280482701,197.10399881998697,209.07000732421875
2024-06-25,209.1499938964844,211.3800048828125,208.6100006103516,209.07000732421875,55549700,208.13999938964844,211.11857169015067,206.61785670689173,197.97133229573566,213.25
2024-06-26,211.5,214.8600006103516,210.63999938964844,213.25,66213200,209.07000732421875,211.22714233398438,207.85928562709265,198.87033233642578,214.1000061035156
2024-06-27,214.69000244140625,215.7400054931641,212.3500061035156,214.1000061035156,49772700,213.25,210.86000061035156,209.2607149396624,199.75933278401692,210.6199951171875
2024-06-28,215.7700042724609,216.07000732421875,210.3000030517578,210.6199951171875,82542700,214.1000061035156,210.3357151576451,210.2414289202009,200.45599924723308,216.75
2024-07-01,212.08999633789065,217.50999450683597,211.9199981689453,216.75,60402900,210.6199951171875,211.34571620396204,211.92928641183036,201.35299936930338,220.2700042724609
2024-07-02,216.1499938964844,220.3800048828125,215.1000061035156,220.2700042724609,58046200,216.75,213.17143031529017,212.86643001011439,202.3663330078125,221.5500030517578
2024-07-03,220.0,221.5500030517578,219.02999877929688,221.5500030517578,37369800,220.2700042724609,215.08714512416296,213.4721439906529,203.38333333333333,226.33999633789065
2024-07-05,221.6499938964844,226.4499969482422,221.6499938964844,226.33999633789065,60412400,221.5500030517578,217.55428641183036,214.33642905099052,204.5163330078125,227.82000732421875
2024-07-08,227.08999633789065,227.8500061035156,223.25,227.82000732421875,59085900,226.33999633789065,219.6357160295759,215.43142918178015,205.74700012207032,228.67999267578125
2024-07-09,227.92999267578125,229.3999938964844,226.3699951171875,228.67999267578125,48076100,227.82000732421875,221.71857125418526,216.28928593226843,207.1403330485026,232.97999572753903
2024-07-10,229.3000030517578,233.0800018310547,229.25,232.97999572753903,62627700,228.67999267578125,224.91285705566406,217.62428610665458,208.57366638183595,227.57000732421875
2024-07-11,231.38999938964844,232.38999938964844,225.7700042724609,227.57000732421875,64710600,232.97999572753903,226.4585723876953,218.9021442958287,209.82633310953776,230.5399932861328
2024-07-12,228.9199981689453,232.63999938964844,228.67999267578125,230.5399932861328,53046500,227.57000732421875,227.92571367536272,220.54857199532645,211.16799977620443,234.3999938964844
2024-07-15,236.47999572753903,237.22999572753903,233.08999633789065,234.3999938964844,62631300,230.5399932861328,229.7614266531808,222.42428588867188,212.6049997965495,234.82000732421875
2024-07-16,235.0,236.2700042724609,232.3300018310547,234.82000732421875,43234300,234.3999938964844,230.97285679408483,224.2635716029576,214.0240000406901,228.8800048828125
2024-07-17,229.4499969482422,231.4600067138672,226.63999938964844,228.8800048828125,57345900,234.82000732421875,231.12428501674108,225.3800005231585,215.1856669108073,224.17999267578125
2024-07-18,230.27999877929688,230.44000244140625,222.2700042724609,224.17999267578125,66034600,228.8800048828125,230.48142787388392,226.0999995640346,216.17999979654948,224.30999755859372
2024-07-19,224.82000732421875,226.8000030517578,223.27999877929688,224.30999755859372,49151500,224.17999267578125,229.24285670689173,227.0778568812779,217.12799987792968,223.9600067138672
2024-07-22,227.00999450683597,227.77999877929688,223.08999633789065,223.9600067138672,48201800,224.30999755859372,228.72714233398438,227.59285736083984,218.11066691080728,225.00999450683597
2024-07-23,224.3699951171875,226.94000244140625,222.67999267578125,225.00999450683597,39960300,223.9600067138672,227.93714250837053,227.93142809186662,219.0480000813802,218.5399932861328
2024-07-24,224.0,224.8000030517578,217.1300048828125,218.5399932861328,61777600,225.00999450683597,225.67142813546317,227.71642739432198,219.89533335367838,217.4900054931641
2024-07-25,218.92999267578125,220.8500061035156,214.6199951171875,217.4900054931641,51391200,218.5399932861328,223.19571358816964,227.08428519112724,220.24000040690103,217.9600067138672
2024-07-26,218.6999969482422,219.4900054931641,216.00999450683597,217.9600067138672,41601300,217.4900054931641,221.6357138497489,226.379999433245,220.403000386556,218.2400054931641
2024-07-29,216.9600067138672,219.3000030517578,215.75,218.2400054931641,36311800,217.9600067138672,220.78714425223214,225.63428606305803,220.5363337198893,218.8000030517578
2024-07-30,219.19000244140625,220.3300018310547,216.1199951171875,218.8000030517578,41643800,218.2400054931641,220.00000217982702,224.62142944335938,220.74666697184244,222.0800018310547
2024-07-31,221.44000244140625,223.82000732421875,220.6300048828125,222.0800018310547,50036300,218.8000030517578,219.73143005371094,224.22928619384766,220.9270004272461,218.3600006103516
2024-08-01,224.3699951171875,224.47999572753903,217.0200042724609,218.3600006103516,62501000,222.0800018310547,218.78143092564179,223.35928671700614,221.0626673380534,219.8600006103516
2024-08-02,219.1499938964844,225.6000061035156,217.7100067138672,219.8600006103516,105568600,218.3600006103516,218.97000340053017,222.32071576799666,221.4020009358724,209.2700042724609
2024-08-05,199.08999633789065,213.5,196.0,209.2700042724609,119548600,219.8600006103516,217.7957175118583,220.49571555001395,221.46133422851562,207.22999572753903
2024-08-06,205.3000030517578,209.9900054931641,201.07000732421875,207.22999572753903,69660500,209.2700042724609,216.26285879952567,218.94928632463728,221.43100077311198,209.82000732421875
2024-08-07,206.8999938964844,213.63999938964844,206.38999938964844,209.82000732421875,63516400,207.22999572753903,215.06000191824776,217.92357308523995,221.45600077311198,213.30999755859372
2024-08-08,213.1100006103516,214.1999969482422,208.8300018310547,213.30999755859372,47161100,209.82000732421875,214.27571541922433,217.13785879952567,221.45800069173177,216.2400054931641
2024-08-09,212.1000061035156,216.77999877929688,211.97000122070312,216.2400054931641,42201600,213.30999755859372,213.4414302280971,216.586430140904,221.52933400472006,217.52999877929688
2024-08-12,216.07000732421875,219.50999450683597,215.6000061035156,217.52999877929688,38028100,216.2400054931641,213.32285853794642,216.05214473179407,221.7596674601237,221.2700042724609
2024-08-13,219.00999450683597,221.88999938964844,219.00999450683597,221.2700042724609,44155300,217.52999877929688,213.52428763253346,216.24714551653182,221.91033426920572,221.72000122070312
2024-08-14,220.57000732421875,223.02999877929688,219.6999969482422,221.72000122070312,41960600,221.2700042724609,215.30285862513946,216.5492880684989,221.9586675008138,224.72000122070312
2024-08-15,224.6000061035156,225.3500061035156,222.75999450683597,224.72000122070312,46414000,221.72000122070312,217.80143083844865,217.03214481898718,222.0643341064453,226.0500030517578
2024-08-16,223.9199981689453,226.8300018310547,223.6499938964844,226.0500030517578,44340200,224.72000122070312,220.12000165666853,217.59000178745814,222.0546676635742,225.88999938964844
2024-08-19,225.72000122070312,225.9900054931641,223.0399932861328,225.88999938964844,40687800,226.0500030517578,221.91714477539062,218.0964300973075,221.9903340657552,226.50999450683597
2024-08-20,225.7700042724609,227.1699981689453,225.4499969482422,226.50999450683597,30299000,225.88999938964844,223.38428606305803,218.41285814557756,221.91800079345703,226.3999938964844
2024-08-21,226.5200042724609,227.97999572753903,225.0500030517578,226.3999938964844,34765500,226.50999450683597,224.65142822265628,218.98714338030135,221.69866739908855,224.52999877929688
2024-08-22,227.7899932861328,228.33999633789065,223.8999938964844,224.52999877929688,43695300,226.3999938964844,225.11714172363284,219.32071467808314,221.5973337809245,226.83999633789065
2024-08-23,225.66000366210935,228.22000122070312,224.3300018310547,226.83999633789065,38677300,224.52999877929688,225.84856959751679,220.57571411132812,221.4740005493164,227.17999267578125
2024-08-26,226.75999450683597,227.27999877929688,223.88999938964844,227.17999267578125,30602200,226.83999633789065,226.19999694824222,222.00071389334542,221.23333384195965,228.02999877929688
2024-08-27,226.0,228.8500061035156,224.88999938964844,228.02999877929688,35934600,227.17999267578125,226.4828534807478,223.30142756870814,221.0070002237956,226.4900054931641
2024-08-28,227.9199981689453,229.8600006103516,225.67999267578125,226.4900054931641,38052200,228.02999877929688,226.5685686383929,224.24285670689173,220.92733357747395,229.7899932861328
2024-08-29,230.1000061035156,232.9199981689453,228.8800048828125,229.7899932861328,51906300,226.4900054931641,227.03713989257812,225.21071297781808,221.114333597819,229.0
2024-08-30,230.19000244140625,230.3999938964844,227.47999572753903,229.0,52990800,229.7899932861328,227.4085693359375,226.02999877929688,221.27066701253256,222.7700042724609
2024-09-03,228.5500030517578,229.0,221.1699981689453,222.7700042724609,50190600,229.0,227.15714154924666,226.13714163643974,221.2310002644857,220.8500061035156
2024-09-04,221.66000366210935,221.77999877929688,217.47999572753903,220.8500061035156,43840200,222.7700042724609,226.30142865862166,226.0749991280692,221.092333984375,222.3800048828125
2024-09-05,221.6300048828125,225.47999572753903,221.5200042724609,222.3800048828125,36615400,220.8500061035156,225.61571611676897,225.90785653250558,221.220334370931,220.82000732421875
2024-09-06,223.9499969482422,225.2400054931641,219.7700042724609,220.82000732421875,48423000,222.3800048828125,224.5857173374721,225.53428540910994,221.33133443196616,220.91000366210935
2024-09-09,220.82000732421875,221.2700042724609,216.7100067138672,220.91000366210935,67180000,220.82000732421875,223.78857421875,225.17857142857142,221.4296676635742,220.1100006103516
2024-09-10,218.9199981689453,221.47999572753903,216.72999572753903,220.1100006103516,51591000,220.91000366210935,222.40571812220983,224.72142900739397,221.49200083414715,222.66000366210935
2024-09-11,221.4600067138672,223.08999633789065,217.88999938964844,222.66000366210935,44587100,220.1100006103516,221.500004359654,224.45428684779577,221.62066752115885,222.7700042724609
2024-09-12,222.5,223.5500030517578,219.82000732421875,222.7700042724609,37455600,222.66000366210935,221.50000435965399,224.32857295445032,221.64366760253907,222.5
2024-09-13,223.5800018310547,224.0399932861328,221.91000366210935,222.5,36766600,222.7700042724609,221.73571777343747,224.01857321602958,221.78166758219402,216.32000732421875
2024-09-16,216.5399932861328,217.22000122070312,213.9199981689453,216.32000732421875,59357400,222.5,220.8700038364955,223.24285997663225,221.66366780598958,216.7899932861328
2024-09-17,215.75,216.8999938964844,214.5,216.7899932861328,45519300,216.32000732421875,220.29428754534038,222.44000244140625,221.91433410644532,220.69000244140625
2024-09-18,217.5500030517578,222.7100067138672,217.5399932861328,220.69000244140625,59894900,216.7899932861328,220.26285879952567,222.02571650913782,222.36300099690754,228.8699951171875
2024-09-19,224.9900054931641,229.82000732421875,224.6300048828125,228.8699951171875,66781300,220.69000244140625,221.51428658621649,221.96000235421317,222.9980005900065,228.1999969482422
2024-09-20,229.97000122070312,233.08999633789065,227.6199951171875,228.1999969482422,318679900,228.8699951171875,222.3057141985212,221.9028592790876,223.49433390299478,226.47000122070312
2024-09-23,227.33999633789065,229.4499969482422,225.80999755859372,226.47000122070312,54146000,228.1999969482422,222.83428519112724,222.16714477539062,223.83533376057943,227.3699951171875
2024-09-24,228.6499938964844,229.3500061035156,225.72999572753903,227.3699951171875,43556100,226.47000122070312,223.52999877929688,222.6328582763672,224.1633336385091,226.3699951171875
2024-09-25,224.92999267578125,227.2899932861328,224.0200042724609,226.3699951171875,42308700,227.3699951171875,224.96571132114954,222.91785757882255,224.33333333333334,227.5200042724609
2024-09-26,227.3000030517578,228.5,225.41000366210935,227.5200042724609,36636700,226.3699951171875,226.49857003348214,223.39642878941126,224.52666676839192,227.7899932861328
2024-09-27,228.4600067138672,229.5200042724609,227.3000030517578,227.7899932861328,34026000,227.5200042724609,227.51285443987166,223.88785661969865,224.62899983723958,233.0
2024-09-30,230.0399932861328,233.0,229.6499938964844,233.0,54541900,227.7899932861328,228.1028551374163,224.8085708618164,224.86066640218098,226.2100067138672
2024-10-01,229.5200042724609,229.6499938964844,223.7400054931641,226.2100067138672,63285000,233.0,227.81857081821985,225.06214250837053,224.87133331298827,226.77999877929688
2024-10-02,225.88999938964844,227.3699951171875,223.0200042724609,226.77999877929688,32880600,226.2100067138672,227.86285618373327,225.34857068743025,224.88033345540364,225.6699981689453
2024-10-03,225.13999938964844,226.80999755859372,223.32000732421875,225.6699981689453,34044200,226.77999877929688,227.6199994768415,225.5749991280692,224.8560002644857,226.8000030517578
2024-10-04,227.8999938964844,228.0,224.1300048828125,226.8000030517578,37245100,225.6699981689453,227.68142918178015,226.32357025146484,224.9316670735677,221.69000244140625
2024-10-07,224.5,225.69000244140625,221.3300018310547,221.69000244140625,39505400,226.8000030517578,226.84857177734375,226.67357090541296,224.76000061035157,225.7700042724609
2024-10-08,224.3000030517578,225.97999572753903,223.25,225.7700042724609,31855700,221.69000244140625,226.56000191824776,227.0364281790597,224.71300099690754,229.5399932861328
2024-10-09,225.22999572753903,229.75,224.8300018310547,229.5399932861328,33591100,225.7700042724609,226.06571524483817,227.08428519112724,224.76333414713542,229.0399932861328
2024-10-10,227.77999877929688,229.5,227.1699981689453,229.0399932861328,28183500,229.5399932861328,226.4699990408761,227.14428492954798,224.84833374023438,227.5500030517578
2024-10-11,229.3000030517578,229.41000366210935,227.33999633789065,227.5500030517578,31759200,229.0399932861328,226.57999965122767,227.22142791748047,224.77366739908854,231.3000030517578
2024-10-14,228.6999969482422,231.72999572753903,228.6000061035156,231.3000030517578,39882100,227.5500030517578,227.38428606305803,227.50214276994978,224.85033416748047,233.8500061035156
2024-10-15,233.6100006103516,237.4900054931641,232.3699951171875,233.8500061035156,64751400,231.3000030517578,228.3914293561663,228.03642926897322,225.21966756184895,231.77999877929688
2024-10-16,231.6000061035156,232.1199951171875,229.83999633789065,231.77999877929688,34082200,233.8500061035156,229.8328574044364,228.34071459089006,225.58400065104166,232.1499938964844
2024-10-17,233.42999267578125,233.8500061035156,230.5200042724609,232.1499938964844,32993800,231.77999877929688,230.7442844935826,228.65214320591517,225.9096669514974,235.0
2024-10-18,236.17999267578125,236.17999267578125,234.00999450683597,235.0,46431500,232.1499938964844,231.52428545270647,228.79500034877233,226.38233337402343,236.47999572753903
2024-10-21,234.4499969482422,236.8500061035156,234.4499969482422,236.47999572753903,36254500,235.0,232.58714294433594,229.52857099260603,226.90133310953777,235.8600006103516
2024-10-22,233.88999938964844,236.22000122070312,232.6000061035156,235.8600006103516,38846600,236.47999572753903,233.77428545270647,230.17714255196708,227.42633310953775,230.75999450683597
2024-10-23,234.0800018310547,235.13999938964844,227.75999450683597,230.75999450683597,52287000,235.8600006103516,233.69714137486048,230.54071371895927,227.696332804362,230.57000732421875
2024-10-24,229.97999572753903,230.82000732421875,228.41000366210935,230.57000732421875,31109500,230.75999450683597,233.22857012067522,230.80999973842077,227.95633290608723,231.41000366210935
2024-10-25,229.7400054931641,233.22000122070312,229.57000732421875,231.41000366210935,38802300,230.57000732421875,233.17571367536272,231.50428553989954,228.25333302815756,233.3999938964844
2024-10-28,233.32000732421875,234.72999572753903,232.5500030517578,233.3999938964844,36087100,231.41000366210935,233.35428510393416,232.04928479875838,228.82266591389973,233.6699981689453
2024-10-29,233.1000061035156,234.3300018310547,232.32000732421875,233.6699981689453,35417200,233.3999938964844,233.1642848423549,232.34428514753068,229.3853327433268,230.1000061035156
2024-10-30,232.6100006103516,233.47000122070312,229.5500030517578,230.1000061035156,47070900,233.6699981689453,232.2528577532087,232.42000034877233,229.6989995320638,225.91000366210935
2024-10-31,229.33999633789065,229.8300018310547,225.3699951171875,225.91000366210935,64370100,230.1000061035156,230.83142961774553,232.302857535226,229.60033315022787,222.91000366210935
2024-11-01,220.97000122070312,225.3500061035156,220.2700042724609,222.91000366210935,65276700,225.91000366210935,229.71000235421317,231.70357186453683,229.42400004069012,222.00999450683597
2024-11-04,220.9900054931641,222.7899932861328,219.7100067138672,222.00999450683597,44944500,222.91000366210935,228.48714338030135,230.85785675048828,229.27533315022785,223.4499969482422
2024-11-05,221.8000030517578,223.9499969482422,221.13999938964844,223.4499969482422,28111300,222.00999450683597,227.3499995640346,230.26285661969865,229.14466654459636,222.72000122070312
2024-11-06,222.6100006103516,226.07000732421875,221.19000244140625,222.72000122070312,54561100,223.4499969482422,225.82428632463728,229.58928571428572,229.02300008138022,227.47999572753903
2024-11-07,224.6300048828125,227.8800048828125,224.57000732421875,227.47999572753903,42137700,222.72000122070312,224.94000026157923,229.05214255196708,229.02166646321615,226.9600067138672
2024-11-08,227.1699981689453,228.66000366210935,226.41000366210935,226.9600067138672,38328800,227.47999572753903,224.4914289202009,228.3721433367048,228.99400024414064,224.22999572753903
2024-11-11,225.0,225.6999969482422,221.5,224.22999572753903,42005600,226.9600067138672,224.25142778669084,227.54142870221818,228.70166676839193,224.22999572753903
2024-11-12,224.5500030517578,225.58999633789065,223.3600006103516,224.22999572753903,40398300,224.22999572753903,224.43999808175224,227.0750002179827,228.635666402181,225.1199951171875
2024-11-13,224.00999450683597,226.6499938964844,222.75999450683597,225.1199951171875,48566200,224.22999572753903,224.88428388323103,226.6857136317662,228.58033294677733,228.22000122070312
2024-11-14,225.0200042724609,228.8699951171875,225.0,228.22000122070312,44923900,225.1199951171875,225.56571306501115,226.45785631452287,228.66533304850262,225.0
2024-11-15,226.3999938964844,226.9199981689453,224.2700042724609,225.0,47923700,228.22000122070312,225.89142717633928,225.85785675048828,228.60533294677734,228.0200042724609
2024-11-18,225.25,229.7400054931641,225.1699981689453,228.0200042724609,44633700,225.0,225.96857125418526,225.45428575788225,228.8163330078125,228.27999877929688
2024-11-19,226.97999572753903,230.16000366210935,226.66000366210935,228.27999877929688,36211800,228.0200042724609,226.15714154924666,225.32428523472376,228.8999994913737,229.0
2024-11-20,228.05999755859372,229.92999267578125,225.88999938964844,229.0,35169600,228.27999877929688,226.83857073102678,225.5449992588588,228.88199971516926,228.5200042724609
2024-11-21,228.8800048828125,230.16000366210935,225.7100067138672,228.5200042724609,42108300,229.0,227.451429094587,225.94571358816964,228.8646667480469,229.8699951171875
2024-11-22,228.05999755859372,230.72000122070312,228.05999755859372,229.8699951171875,38168300,228.5200042724609,228.13000052315846,226.50714220319475,228.94199981689454,232.8699951171875
2024-11-25,231.4600067138672,233.25,229.7400054931641,232.8699951171875,90152800,229.8699951171875,228.79428536551336,227.17999921526228,228.99433288574218,235.05999755859372
2024-11-26,233.3300018310547,235.57000732421875,233.3300018310547,235.05999755859372,45986200,232.8699951171875,230.2314278738839,228.0614275251116,229.0346659342448,234.92999267578125
2024-11-27,234.47000122070312,235.69000244140625,233.80999755859372,234.92999267578125,33498400,235.05999755859372,231.21856907435827,228.59357016427177,229.13966573079426,237.3300018310547
2024-11-29,234.80999755859372,237.80999755859372,233.97000122070312,237.3300018310547,28481400,234.92999267578125,232.5114266531808,229.33428410121374,229.3123326619466,239.58999633789065
2024-12-02,237.2700042724609,240.7899932861328,237.16000366210935,239.58999633789065,48137100,237.3300018310547,234.02428327287947,230.43142700195312,229.4653325398763,242.6499938964844
2024-12-03,239.80999755859372,242.75999450683597,238.8999938964844,242.6499938964844,38861000,239.58999633789065,236.04285321916853,231.7471411568778,229.6709991455078,243.00999450683597
2024-12-04,242.8699951171875,244.1100006103516,241.25,243.00999450683597,44383900,242.6499938964844,237.91999598911835,233.0249982561384,229.90933227539062,243.0399932861328
2024-12-05,243.9900054931641,244.5399932861328,242.1300048828125,243.0399932861328,40033900,243.00999450683597,239.37285287039623,234.0835691179548,230.31866556803385,242.83999633789065
2024-12-06,242.91000366210935,244.6300048828125,242.0800018310547,242.83999633789065,36870600,243.0399932861328,240.48428126743866,235.35785457066126,230.72766520182293,246.75
2024-12-09,241.8300018310547,247.2400054931641,241.75,246.75,44649200,242.83999633789065,242.17285374232705,236.69571140834265,231.23899841308594,247.7700042724609
2024-12-10,246.88999938964844,248.2100067138672,245.33999633789065,247.7700042724609,36914800,246.75,243.66428266252794,238.08785465785436,231.71799875895184,246.4900054931641
2024-12-11,247.9600067138672,250.8000030517578,246.25999450683597,246.4900054931641,45205800,247.7700042724609,244.64999825613842,239.33714076450892,232.14533233642578,247.9600067138672
2024-12-12,246.88999938964844,248.7400054931641,245.67999267578125,247.9600067138672,32777500,246.4900054931641,245.40857151576452,240.7257123674665,232.74066569010418,248.1300048828125
2024-12-13,247.82000732421875,249.2899932861328,246.2400054931641,248.1300048828125,33155300,247.9600067138672,246.14000156947546,242.02999877929688,233.48133239746093,251.0399932861328
2024-12-16,247.9900054931641,251.3800048828125,247.6499938964844,251.0399932861328,51694800,248.1300048828125,247.2828587123326,243.32785579136439,234.41899871826172,253.47999572753903
2024-12-17,250.0800018310547,253.8300018310547,249.77999877929688,253.47999572753903,51356400,251.0399932861328,248.80285862513952,244.64356994628906,235.46799875895184,248.0500030517578
2024-12-18,252.16000366210935,254.27999877929688,247.7400054931641,248.0500030517578,56774100,253.47999572753903,248.9885733468192,245.58071354457311,236.28799896240236,249.7899932861328
2024-12-19,247.5,252.0,247.08999633789065,249.7899932861328,60882300,248.0500030517578,249.27714320591517,246.47071293422155,237.19033203125,254.4900054931641
2024-12-20,248.0399932861328,255.0,245.69000244140625,254.4900054931641,147495300,249.7899932861328,250.42000034877233,247.53499930245536,238.09066569010417,255.2700042724609
2024-12-23,254.7700042724609,255.6499938964844,253.4499969482422,255.2700042724609,40858800,254.4900054931641,251.46428571428572,248.4364286150251,239.03433227539062,258.20001220703125
2024-12-24,255.4900054931641,258.2099914550781,255.2899932861328,258.20001220703125,23234700,255.2700042724609,252.9028581891741,249.52142987932478,240.16666615804036,259.0199890136719
2024-12-26,258.19000244140625,260.1000061035156,257.6300048828125,259.0199890136719,27237100,258.20001220703125,254.04285757882255,250.66285814557756,241.32633260091146,255.58999633789065
2024-12-27,257.8299865722656,258.70001220703125,253.05999755859372,255.58999633789065,42355300,259.0199890136719,254.3442862374442,251.57357243129186,242.34199930826824,252.1999969482422
2024-12-30,252.22999572753903,253.5,250.75,252.1999969482422,35557500,255.58999633789065,254.93714250837053,251.96285792759485,243.1413324991862,250.4199981689453
2024-12-31,252.44000244140625,253.27999877929688,249.42999267578125,250.4199981689453,39480700,252.1999969482422,255.02714320591517,252.15214320591517,243.98866577148436,243.8500061035156
2025-01-02,248.92999267578125,249.1000061035156,241.82000732421875,243.8500061035156,55740700,250.4199981689453,253.50714329310827,251.9635718209403,244.5163324991862,243.3600006103516
2025-01-03,243.3600006103516,244.17999267578125,241.88999938964844,243.3600006103516,40244100,243.8500061035156,251.8057141985212,251.63499995640345,245.018999226888,245.0
2025-01-06,244.30999755859372,247.3300018310547,243.1999969482422,245.0,45045600,243.3600006103516,249.9199981689453,251.4114281790597,245.55233256022134,242.2100067138672
2025-01-07,242.97999572753903,245.5500030517578,241.3500061035156,242.2100067138672,40856000,245.0,247.51857212611608,250.78071485246932,246.0086659749349,242.6999969482422
2025-01-08,241.9199981689453,243.7100067138672,240.0500030517578,242.6999969482422,37628900,242.2100067138672,245.67714364188058,250.0107149396624,246.43633270263672,236.8500061035156
2025-01-10,240.00999450683597,240.16000366210935,233.0,236.8500061035156,61710900,242.6999969482422,243.48428780691964,249.2107151576451,246.56899973551432,234.3999938964844
2025-01-13,233.52999877929688,234.6699981689453,229.72000122070312,234.3999938964844,49630700,236.8500061035156,241.19571576799666,248.11142948695593,246.546999613444,233.27999877929688
2025-01-14,234.75,236.1199951171875,232.47000122070312,233.27999877929688,39435300,234.3999938964844,239.6857147216797,246.59642900739397,246.49199981689452,237.8699951171875
2025-01-15,234.63999938964844,238.9600067138672,234.42999267578125,237.8699951171875,39832000,233.27999877929688,238.90142822265625,245.35357121058874,246.50999959309897,228.25999450683597
2025-01-16,237.3500061035156,238.00999450683597,228.02999877929688,228.25999450683597,71759100,237.8699951171875,236.50999886648995,243.21499851771765,246.13233286539713,229.97999572753903
2025-01-17,232.1199951171875,232.2899932861328,228.47999572753903,229.97999572753903,68488300,228.25999450683597,234.76285443987166,241.14071328299386,245.70999959309896,222.63999938964844
2025-01-21,224.0,224.4199981689453,219.3800048828125,222.63999938964844,98070400,229.97999572753903,231.8971405029297,238.78714207240515,245.03099975585937,223.8300018310547
2025-01-22,219.7899932861328,224.1199951171875,219.7899932861328,223.8300018310547,64126500,222.63999938964844,230.03713989257812,236.7607138497489,244.39066670735676,223.66000366210935
2025-01-23,224.7400054931641,227.02999877929688,222.3000030517578,223.66000366210935,60234800,223.8300018310547,228.5028555733817,234.84928567068917,243.75133361816407,222.77999877929688
2025-01-24,224.77999877929688,225.6300048828125,221.41000366210935,222.77999877929688,54697900,223.66000366210935,227.0028555733817,233.34428514753068,242.95233357747395,229.8600006103516
2025-01-27,224.0200042724609,232.1499938964844,223.97999572753903,229.8600006103516,94863400,222.77999877929688,225.8585706438337,232.379999433245,242.35533345540364,238.25999450683597
2025-01-28,230.8500061035156,240.19000244140625,230.80999755859372,238.25999450683597,75707600,229.8600006103516,227.28714207240515,231.89857046944755,242.08099975585938,239.3600006103516
2025-01-29,234.1199951171875,239.8600006103516,234.00999450683597,239.3600006103516,45486100,238.25999450683597,228.62714276994978,231.69499860491072,241.7943328857422,237.58999633789065
2025-01-30,238.6699981689453,240.7899932861328,237.2100067138672,237.58999633789065,55658300,239.3600006103516,230.76285661969865,231.32999856131417,241.44299926757813,236.0
2025-01-31,247.19000244140625,247.19000244140625,233.44000244140625,236.0,100959800,237.58999633789065,232.50142778669084,231.26928383963448,240.94166615804036,228.00999450683597
2025-02-03,229.9900054931641,231.8300018310547,225.6999969482422,228.00999450683597,73063300,236.0,233.12285505022322,230.81285531180245,240.09266611735026,232.8000030517578
2025-02-04,227.25,233.1300048828125,226.6499938964844,232.8000030517578,45067300,228.00999450683597,234.55428423200334,230.7785699026925,239.58433278401694,232.47000122070312
2025-02-05,228.52999877929688,232.6699981689453,228.2700042724609,232.47000122070312,39620300,232.8000030517578,234.92714146205358,230.39285605294364,239.00699971516926,233.22000122070312
2025-02-06,231.2899932861328,233.8000030517578,230.42999267578125,233.22000122070312,29925300,232.47000122070312,234.20714242117745,230.7471422467913,238.2979995727539,227.6300048828125
2025-02-07,232.6000061035156,234.0,227.25999450683597,227.6300048828125,39707200,233.22000122070312,232.53142874581474,230.57928575788225,237.3766662597656,227.6499938964844
2025-02-10,229.57000732421875,230.58999633789065,227.1999969482422,227.6499938964844,33115600,227.6300048828125,231.1114283970424,230.93714250837053,236.35833231608072,232.6199951171875
2025-02-11,228.1999969482422,235.22999572753903,228.1300048828125,232.6199951171875,53718400,227.6499938964844,230.62857055664062,231.56499917166573,235.47833251953125,236.8699951171875
2025-02-12,231.1999969482422,236.9600067138672,230.67999267578125,236.8699951171875,45243300,232.6199951171875,231.89428492954798,232.50856998988561,234.85433247884114,241.52999877929688
2025-02-13,236.91000366210935,242.33999633789065,235.57000732421875,241.52999877929688,53614100,236.8699951171875,233.14142717633928,233.8478557041713,234.49866587320963,244.6000061035156
2025-02-14,241.25,245.5500030517578,240.9900054931641,244.6000061035156,40896200,241.52999877929688,234.87428501674108,234.90071323939733,234.3046661376953,244.47000122070312
2025-02-18,244.1499938964844,245.17999267578125,241.83999633789065,244.47000122070312,48822500,244.6000061035156,236.48142787388392,235.34428514753068,234.32533264160156,244.8699951171875
2025-02-19,244.66000366210935,246.00999450683597,243.16000366210935,244.8699951171875,32204200,244.47000122070312,238.94428362165178,235.73785618373327,234.37566579182942,245.8300018310547
2025-02-20,244.94000244140625,246.77999877929688,244.2899932861328,245.8300018310547,32316900,244.8699951171875,241.5414276123047,236.32642800467355,234.40333251953126,245.5500030517578
2025-02-21,245.9499969482422,248.69000244140625,245.22000122070312,245.5500030517578,53197400,245.8300018310547,243.3885716029576,237.0085710797991,234.51466573079426,247.1000061035156
2025-02-24,244.92999267578125,248.8600006103516,244.4199981689453,247.1000061035156,51326400,245.5500030517578,244.8500017438616,238.3721433367048,234.6613327026367,247.0399932861328
2025-02-25,248.0,250.0,244.91000366210935,247.0399932861328,48013300,247.1000061035156,245.63714381626673,239.38928549630302,235.0009989420573,240.3600006103516
2025-02-26,244.3300018310547,244.97999572753903,239.1300048828125,240.3600006103516,44433600,247.0399932861328,245.03142874581474,239.9528568812779,235.19966583251954,237.3000030517578
2025-02-27,239.41000366210935,242.4600067138672,237.05999755859372,237.3000030517578,41153600,240.3600006103516,244.00714329310827,240.2442855834961,235.3336659749349,241.83999633789065
2025-02-28,236.9499969482422,242.08999633789065,230.1999969482422,241.83999633789065,56833400,237.3000030517578,243.57428632463728,241.25928497314453,235.46599934895832,238.02999877929688
2025-03-03,241.7899932861328,244.02999877929688,236.1100006103516,238.02999877929688,47184000,241.83999633789065,242.46000017438615,242.00071389334542,235.79166615804036,235.92999267578125
2025-03-04,237.7100067138672,240.07000732421875,234.67999267578125,235.92999267578125,53798100,238.02999877929688,241.08571297781808,242.23714229038782,235.98999938964843,235.7400054931641
2025-03-05,235.4199981689453,236.5500030517578,229.22999572753903,235.7400054931641,47227600,235.92999267578125,239.46285574776786,242.15642874581474,236.42666625976562,235.3300018310547
2025-03-06,234.44000244140625,237.8600006103516,233.16000366210935,235.3300018310547,45170400,235.7400054931641,237.78999982561385,241.7135718209403,236.80999959309895,239.07000732421875
2025-03-07,235.1100006103516,241.3699951171875,234.75999450683597,239.07000732421875,46273600,235.3300018310547,237.60571507045202,241.31857190813338,237.32366638183595,227.47999572753903
2025-03-10,235.5399932861328,236.16000366210935,224.22000122070312,227.47999572753903,72071200,239.07000732421875,236.2028568812779,240.10500008719308,237.48033294677734,220.83999633789065
2025-03-11,223.80999755859372,225.83999633789065,217.4499969482422,220.83999633789065,76137400,227.47999572753903,233.2028568812779,238.3885716029576,237.1796661376953,216.97999572753903
2025-03-12,220.13999938964844,221.75,214.91000366210935,216.97999572753903,62547500,220.83999633789065,230.19571358816964,236.3278568812779,236.47033284505207,209.67999267578125
2025-03-13,215.9499969482422,216.83999633789065,208.4199981689453,209.67999267578125,61368300,216.97999572753903,226.44571358816964,233.76571328299386,235.4809992472331,213.4900054931641
2025-03-14,211.25,213.9499969482422,209.5800018310547,213.4900054931641,60107600,209.67999267578125,223.26714215959822,231.36499895368303,234.67766621907552,214.0
2025-03-17,213.30999755859372,215.22000122070312,209.97000122070312,214.0,48073400,213.4900054931641,220.2199990408761,229.004999433245,233.9443328857422,212.69000244140625
2025-03-18,214.16000366210935,215.1499938964844,211.4900054931641,212.69000244140625,42432400,214.0,216.45142691476005,227.02857099260603,233.4336664835612,215.2400054931641
2025-03-19,214.22000122070312,218.75999450683597,213.75,215.2400054931641,54385400,212.69000244140625,214.7028568812779,225.4528568812779,232.84833323160808,214.1000061035156
2025-03-20,213.9900054931641,217.4900054931641,212.22000122070312,214.1000061035156,48862900,215.2400054931641,213.74000113351005,223.47142900739397,232.23600006103516,218.2700042724609
2025-03-21,211.55999755859372,218.83999633789065,211.27999877929688,218.2700042724609,94127800,214.1000061035156,213.9242880684989,222.06000082833427,231.73766682942707,220.72999572753903
2025-03-24,221.0,221.47999572753903,218.5800018310547,220.72999572753903,44299500,218.2700042724609,215.50285993303572,220.97428676060267,231.5076665242513,223.75
2025-03-25,220.7700042724609,224.1000061035156,220.0800018310547,223.75,34493600,220.72999572753903,216.96857343401228,220.11785779680525,231.37766672770184,221.52999877929688
2025-03-26,223.50999450683597,225.0200042724609,220.47000122070312,221.52999877929688,34466100,223.75,218.0442875453404,219.13214329310827,231.00800018310548,223.8500061035156
2025-03-27,221.38999938964844,224.9900054931641,220.55999755859372,223.8500061035156,37094800,221.52999877929688,219.6385737827846,218.04500034877233,230.5740005493164,217.8999938964844
2025-03-28,221.6699981689453,223.80999755859372,217.67999267578125,217.8999938964844,39818600,223.8500061035156,220.01857212611608,217.36071450369698,229.7863337198893,222.1300048828125
2025-03-31,217.00999450683597,225.6199951171875,216.22999572753903,222.1300048828125,65299300,217.8999938964844,221.16571480887276,217.4528579711914,229.0373336791992,223.19000244140625
2025-04-01,219.80999755859372,223.67999267578125,218.8999938964844,223.19000244140625,36412700,222.1300048828125,221.86857169015067,217.89642987932478,228.328000386556,223.88999938964844
2025-04-02,221.32000732421875,225.19000244140625,221.0200042724609,223.88999938964844,35905900,223.19000244140625,222.32000078473772,218.91143035888672,227.62866719563803,203.19000244140625
2025-04-03,205.5399932861328,207.4900054931641,201.25,203.19000244140625,103419000,223.88999938964844,219.3828582763672,218.17571585518974,226.20733388264975,188.3800048828125
2025-04-04,193.88999938964844,199.8800048828125,187.33999633789065,188.3800048828125,125910900,203.19000244140625,214.6471448625837,216.34571620396204,224.30166727701823,181.4600067138672
2025-04-07,177.1999969482422,194.1499938964844,174.6199951171875,181.4600067138672,160466300,188.3800048828125,208.5914306640625,214.11500222342355,222.1136672973633,172.4199981689453
2025-04-08,186.6999969482422,190.33999633789065,169.2100067138672,172.4199981689453,120859500,181.4600067138672,202.0942884172712,211.05643027169364,219.62633412679037,198.8500061035156
2025-04-09,171.9499969482422,200.6100006103516,171.88999938964844,198.8500061035156,184395900,172.4199981689453,198.76857430594308,209.96714455740792,218.24266764322917,190.4199981689453
2025-04-10,189.07000732421875,194.77999877929688,183.0,190.4199981689453,121880000,198.8500061035156,194.08714512416296,207.97785840715682,216.68000081380208,198.1499938964844
2025-04-11,186.1000061035156,199.5399932861328,186.05999755859372,198.1499938964844,87435900,190.4199981689453,190.41000148228235,206.36500113351005,215.22366739908855,202.5200042724609
2025-04-14,211.44000244140625,212.94000244140625,201.16000366210935,202.5200042724609,101352900,198.1499938964844,190.31428745814733,204.84857286725725,214.04000091552734,202.13999938964844
2025-04-15,201.8600006103516,203.50999450683597,199.8000030517578,202.13999938964844,51343900,202.5200042724609,192.2800009591239,203.4635729108538,212.91366780598958,194.2700042724609
2025-04-16,198.3600006103516,200.6999969482422,192.3699951171875,194.2700042724609,59732400,202.13999938964844,194.11000061035156,201.35071563720703,211.53133443196614,196.97999572753903
2025-04-17,197.1999969482422,198.8300018310547,194.4199981689453,196.97999572753903,52164700,194.2700042724609,197.61857169015067,199.85643005371094,210.25300089518228,193.16000366210935
2025-04-21,193.2700042724609,193.8000030517578,189.80999755859372,193.16000366210935,46742500,196.97999572753903,196.8057141985212,197.78714425223214,208.72266743977863,199.7400054931641
2025-04-22,196.1199951171875,201.58999633789065,195.97000122070312,199.7400054931641,52976400,193.16000366210935,198.13714381626673,196.11214447021484,207.79800109863282,204.6000061035156
2025-04-23,206.0,208.0,202.8000030517578,204.6000061035156,52929200,199.7400054931641,199.05857413155692,194.73428780691964,207.2566680908203,208.3699951171875
2025-04-24,204.88999938964844,208.8300018310547,202.94000244140625,208.3699951171875,47311000,204.6000061035156,199.894287109375,195.10428728376115,206.96966807047525,209.27999877929688
2025-04-25,206.3699951171875,209.75,206.1999969482422,209.27999877929688,38222300,208.3699951171875,200.91428702218192,196.5971439906529,206.95633494059246,210.13999938964844
2025-04-28,210.0,211.5,207.4600067138672,210.13999938964844,38743100,209.27999877929688,203.18142918178015,198.64571489606584,206.84466807047525,211.2100067138672
2025-04-29,208.69000244140625,212.2400054931641,208.3699951171875,211.2100067138672,36827600,210.13999938964844,205.21428789411272,201.4164297921317,206.75166829427084,212.5
2025-04-30,209.3000030517578,213.5800018310547,206.6699981689453,212.5,52286500,211.2100067138672,207.9771445138114,202.3914293561663,206.7453348795573,213.32000732421875
2025-05-01,209.0800018310547,214.55999755859372,208.8999938964844,213.32000732421875,57365700,212.5,209.91714477539062,204.0271442958287,206.68133494059245,205.3500061035156
2025-05-02,206.08999633789065,206.9900054931641,202.16000366210935,205.3500061035156,101010600,213.32000732421875,210.0242876325335,204.5414308820452,206.3896682739258,198.88999938964844
2025-05-05,203.1000061035156,204.1000061035156,198.2100067138672,198.88999938964844,69018500,205.3500061035156,208.67000252859933,204.28214481898718,205.74366811116536,198.50999450683597
2025-05-06,198.2100067138672,200.6499938964844,197.0200042724609,198.50999450683597,51216500,198.88999938964844,207.13143048967635,204.02285875592912,205.00300140380858,196.25
2025-05-07,199.1699981689453,199.44000244140625,193.25,196.25,68536700,198.50999450683597,205.1471448625837,204.16428702218192,204.08633473714193,197.4900054931641
2025-05-08,197.72000122070312,200.0500030517578,194.67999267578125,197.4900054931641,50478900,196.25,203.18714468819755,204.20071629115515,203.28500162760417,198.52999877929688
2025-05-09,199.0,200.5399932861328,197.5399932861328,198.52999877929688,36453900,197.4900054931641,201.1914302280971,204.58428737095423,202.44100138346354,210.7899932861328
2025-05-12,210.97000122070312,211.2700042724609,206.75,210.7899932861328,63775800,198.52999877929688,200.82999965122767,205.37357221330916,202.2040013631185,212.92999267578125
2025-05-13,210.42999267578125,213.3999938964844,209.0,212.92999267578125,51909300,210.7899932861328,201.91285487583704,205.96857125418526,201.89733428955077,212.3300018310547
2025-05-14,212.42999267578125,213.94000244140625,210.5800018310547,212.3300018310547,49325800,212.92999267578125,203.83285522460938,206.25142887660436,201.53533426920572,211.4499969482422
2025-05-15,210.9499969482422,212.9600067138672,209.5399932861328,211.4499969482422,45029500,212.3300018310547,205.68142700195312,206.40642874581474,201.12066752115885,211.25999450683597
2025-05-16,212.3600006103516,212.57000732421875,209.7700042724609,211.25999450683597,54737900,211.4499969482422,207.8257119315011,206.4864283970424,201.38966725667316,208.77999877929688
2025-05-19,207.91000366210935,209.47999572753903,204.25999450683597,208.77999877929688,46140500,211.25999450683597,209.43856811523438,206.31285640171595,202.06966705322264,206.8600006103516
2025-05-20,207.6699981689453,208.47000122070312,205.02999877929688,206.8600006103516,42496600,208.77999877929688,210.6285683768136,205.90999930245536,202.9163335164388,202.08999633789065
2025-05-21,205.1699981689453,207.0399932861328,200.7100067138672,202.08999633789065,59211800,206.8600006103516,209.38571166992188,205.10785566057478,203.90533345540365,201.3600006103516
2025-05-22,200.7100067138672,202.75,199.6999969482422,201.3600006103516,46742400,202.08999633789065,207.73285566057478,204.82285526820593,203.98899993896484,195.2700042724609
2025-05-23,193.6699981689453,197.6999969482422,193.4600067138672,195.2700042724609,78432900,201.3600006103516,205.29571315220423,204.56428418840682,204.15066680908203,200.2100067138672
2025-05-27,198.3000030517578,200.7400054931641,197.42999267578125,200.2100067138672,56288500,195.2700042724609,203.69000026157923,204.6857136317662,204.2193339029948,200.4199981689453
2025-05-28,200.58999633789065,202.72999572753903,199.8999938964844,200.4199981689453,45339700,200.2100067138672,202.1414293561663,204.9835706438337,204.14933369954426,199.9499969482422
2025-05-29,203.5800018310547,203.80999755859372,198.50999450683597,199.9499969482422,51396800,200.4199981689453,200.8800005231585,205.15928431919642,204.07633361816406,200.8500061035156
2025-05-30,199.3699951171875,201.9600067138672,196.77999877929688,200.8500061035156,70819900,199.9499969482422,200.02142987932478,205.3249991280692,204.29566701253256,201.6999969482422
2025-06-02,200.27999877929688,202.1300048828125,200.1199951171875,201.6999969482422,35423300,200.8500061035156,199.96571568080358,204.67571367536272,204.453000386556,203.2700042724609
2025-06-03,201.3500061035156,203.7700042724609,200.9600067138672,203.2700042724609,46381600,201.6999969482422,200.2385733468192,203.98571450369698,204.79000040690104,202.82000732421875
2025-06-04,202.91000366210935,206.2400054931641,202.1000061035156,202.82000732421875,43604000,203.2700042724609,201.31714521135603,203.30642918178015,204.89266713460287,200.6300048828125
2025-06-05,203.5,204.75,200.1499938964844,200.6300048828125,55126100,202.82000732421875,201.37714494977678,202.53357260567802,204.7603337605794,203.9199981689453
2025-06-06,203.0,205.6999969482422,202.0500030517578,203.9199981689453,46607700,200.6300048828125,201.87714494977678,202.00928715297155,204.61200052897135,201.4499969482422
2025-06-09,204.38999938964844,206.0,200.0200042724609,201.4499969482422,72862600,203.9199981689453,202.0914306640625,201.48571559361048,204.3510004679362,202.6699981689453
2025-06-10,200.6000061035156,204.3500061035156,200.57000732421875,202.6699981689453,54672600,201.4499969482422,202.35142953055245,201.1864297049386,204.10200042724608,198.77999877929688
2025-06-11,203.5,204.5,198.41000366210935,198.77999877929688,60989900,202.6699981689453,201.93428693498885,200.9500013078962,203.6876668294271,199.1999969482422
2025-06-12,199.0800018310547,199.67999267578125,197.3600006103516,199.1999969482422,43904600,198.77999877929688,201.3528573172433,200.79571533203125,203.24433339436848,196.4499969482422
2025-06-13,199.72999572753903,200.3699951171875,195.6999969482422,196.4499969482422,51447300,199.1999969482422,200.44285583496094,200.8800005231585,202.68199971516927,198.4199981689453
2025-06-16,197.3000030517578,198.69000244140625,196.55999755859372,198.4199981689453,43020700,196.4499969482422,200.12714059012276,200.75214276994978,202.45099945068358,195.63999938964844
2025-06-17,197.1999969482422,198.38999938964844,195.2100067138672,195.63999938964844,38856200,198.4199981689453,198.94428362165178,200.41071428571428,202.34266611735026,196.5800018310547
2025-06-18,195.94000244140625,197.57000732421875,195.07000732421875,196.5800018310547,45394700,195.63999938964844,198.24857003348214,200.17000034877233,202.27833302815756,201.0
2025-06-20,198.2400054931641,201.6999969482422,196.8600006103516,201.0,96813500,196.5800018310547,198.00999886648995,200.1807141985212,202.4366663614909,201.5
2025-06-23,201.6300048828125,202.3000030517578,198.9600067138672,201.5,55814300,201.0,198.39857046944755,200.16642870221818,202.5703328450521,200.3000030517578
2025-06-24,202.58999633789065,203.44000244140625,200.1999969482422,200.3000030517578,54064000,201.5,198.5557141985212,199.95428575788225,202.62933298746745,201.55999755859372
2025-06-25,201.4499969482422,203.6699981689453,200.6199951171875,201.55999755859372,39525700,200.3000030517578,199.28571428571428,199.8642850603376,202.32166646321613,201.0
2025-06-26,201.42999267578125,202.63999938964844,199.4600067138672,201.0,50799100,201.55999755859372,199.65428597586495,199.89071328299386,201.92400004069012,201.0800018310547
2025-06-27,201.88999938964844,203.22000122070312,200.0,201.0800018310547,73188600,201.0,200.43142918178015,199.68785640171595,201.54900004069012,205.1699981689453
2025-06-30,202.00999450683597,207.38999938964844,199.25999450683597,205.1699981689453,91912800,201.0800018310547,201.65857151576452,199.95357077462333,201.33966674804688,207.82000732421875
2025-07-01,206.6699981689453,210.19000244140625,206.13999938964844,207.82000732421875,78788900,205.1699981689453,202.6328582763672,200.32142857142858,201.2250005086263,212.44000244140625
2025-07-02,208.91000366210935,213.33999633789065,208.13999938964844,212.44000244140625,67941800,207.82000732421875,204.19571576799666,201.2971431187221,201.3470006306966,213.5500030517578
2025-07-03,212.1499938964844,214.6499938964844,211.80999755859372,213.5500030517578,34955800,212.44000244140625,206.0885729108538,202.3221435546875,201.57000071207682,209.9499969482422
2025-07-07,212.67999267578125,216.22999572753903,208.8000030517578,209.9499969482422,50229000,213.5500030517578,207.28714425223214,203.28642926897322,201.83200073242188,210.00999450683597
2025-07-08,210.1000061035156,211.42999267578125,208.4499969482422,210.00999450683597,42848900,209.9499969482422,208.57428632463728,204.1142861502511,202.12033386230468,211.13999938964844
2025-07-09,209.52999877929688,211.3300018310547,207.22000122070312,211.13999938964844,48749400,210.00999450683597,210.0114288330078,205.22142900739397,202.64933369954426,212.41000366210935
2025-07-10,210.50999450683597,213.47999572753903,210.02999877929688,212.41000366210935,44443600,211.13999938964844,211.04571533203125,206.35214342389787,203.05600026448568,211.16000366210935
2025-07-11,210.57000732421875,212.1300048828125,209.8600006103516,211.16000366210935,39765800,212.41000366210935,211.52285766601562,207.0778579711914,203.41400044759115,208.6199951171875
2025-07-14,209.92999267578125,210.91000366210935,207.5399932861328,208.6199951171875,38840100,211.16000366210935,210.97714233398438,207.58642905099052,203.703000386556,209.1100006103516
2025-07-15,209.22000122070312,211.88999938964844,208.9199981689453,209.1100006103516,42296300,208.6199951171875,210.34285627092635,208.21571459089006,203.97833353678385,210.16000366210935
2025-07-16,210.3000030517578,212.3999938964844,208.63999938964844,210.16000366210935,47490500,209.1100006103516,210.37285723005022,208.8300007411412,204.2603337605794,210.0200042724609
2025-07-17,210.57000732421875,211.8000030517578,209.58999633789065,210.0200042724609,48068100,210.16000366210935,210.37428719656808,209.47428676060267,204.48533376057944,211.17999267578125
2025-07-18,210.8699951171875,211.7899932861328,209.6999969482422,211.17999267578125,48974600,210.0200042724609,210.3800005231585,210.19571467808314,204.76399993896484,212.47999572753903
2025-07-21,212.1000061035156,215.77999877929688,211.6300048828125,212.47999572753903,51377400,211.17999267578125,210.3899993896484,210.71785736083984,205.15899963378905,214.3999938964844
2025-07-22,213.13999938964844,214.9499969482422,212.22999572753903,214.3999938964844,46404100,212.47999572753903,210.8528551374163,211.18785640171595,205.50833282470703,214.1499938964844
2025-07-23,215.0,215.1499938964844,212.41000366210935,214.1499938964844,46989300,214.3999938964844,211.64285496303015,211.30999864850725,205.9316660563151,213.75999450683597
2025-07-24,213.8999938964844,215.69000244140625,213.52999877929688,213.75999450683597,46022600,214.1499938964844,212.30713980538505,211.32499803815568,206.30133260091145,213.8800048828125
2025-07-25,214.6999969482422,215.2400054931641,213.3999938964844,213.8800048828125,40268800,213.75999450683597,212.83856855119978,211.605712890625,206.8046661376953,214.0500030517578
2025-07-28,214.02999877929688,214.8500061035156,213.05999755859372,214.0500030517578,37858000,213.8800048828125,213.4142826625279,211.89428492954798,207.29966634114584,211.2700042724609
2025-07-29,214.17999267578125,214.80999755859372,210.82000732421875,211.2700042724609,51411700,214.0500030517578,213.42714146205358,211.90357099260603,207.79366658528645,209.0500030517578
2025-07-30,211.8999938964844,212.38999938964844,207.72000122070312,209.0500030517578,45512500,211.2700042724609,212.93714250837056,211.66357094900948,208.14800008138022,207.57000732421875
2025-07-31,208.4900054931641,209.83999633789065,207.16000366210935,207.57000732421875,80698400,209.0500030517578,211.961430140904,211.40714263916016,208.54566701253256,202.3800048828125
2025-08-01,210.8699951171875,213.5800018310547,201.5,202.3800048828125,104434500,207.57000732421875,210.2800031389509,210.96142905099052,208.73900044759114,203.3500061035156
2025-08-04,204.50999450683597,207.8800048828125,201.67999267578125,203.3500061035156,75109300,202.3800048828125,208.79286193847656,210.5500008719308,208.817333984375,202.9199981689453
2025-08-05,203.3999938964844,205.33999633789065,202.16000366210935,202.9199981689453,44155100,203.3500061035156,207.2271466936384,210.03285762241907,208.8646672566732,213.25
2025-08-06,205.6300048828125,215.3800048828125,205.58999633789065,213.25,108483100,202.9199981689453,207.11286054338728,210.2635716029576,209.29633382161458,220.02999877929688
2025-08-07,218.8800048828125,220.8500061035156,216.5800018310547,220.02999877929688,90224800,213.25,208.36428833007812,210.89571489606584,209.91200052897136,229.3500061035156
2025-08-08,220.8300018310547,231.0,219.25,229.3500061035156,113854000,220.02999877929688,211.2642887660435,212.10071563720703,210.85700073242188,227.17999267578125
2025-08-11,227.9199981689453,229.55999755859372,224.75999450683597,227.17999267578125,61806100,229.3500061035156,214.06571524483815,213.0135726928711,211.72700042724608,229.6499938964844
2025-08-12,228.00999450683597,230.8000030517578,227.07000732421875,229.6499938964844,55626200,227.17999267578125,217.96142796107702,214.12071555001395,212.54300028483073,233.3300018310547
2025-08-13,231.07000732421875,235.0,230.42999267578125,233.3300018310547,69878500,229.6499938964844,222.2442844935826,215.51857321602958,213.3933334350586,232.77999877929688
2025-08-14,234.05999755859372,235.1199951171875,230.8500061035156,232.77999877929688,51916300,233.3300018310547,226.50999886648995,216.86857278006417,214.0713333129883,231.58999633789065
2025-08-15,234.0,234.27999877929688,229.33999633789065,231.58999633789065,56038700,232.77999877929688,229.12999834333147,218.12142944335938,214.67266642252605,230.88999938964844
2025-08-18,231.6999969482422,233.1199951171875,230.1100006103516,230.88999938964844,37476200,231.58999633789065,230.68142700195312,219.52285766601562,215.37066650390625,230.55999755859372
2025-08-19,231.27999877929688,232.8699951171875,229.3500061035156,230.55999755859372,39402600,230.88999938964844,230.85428292410714,221.05928584507532,216.0556666056315,226.00999450683597
2025-08-20,229.97999572753903,230.47000122070312,225.7700042724609,226.00999450683597,42263900,230.55999755859372,230.68714032854356,222.37642778669084,216.55133310953775,224.8999938964844
2025-08-21,226.2700042724609,226.5200042724609,223.77999877929688,224.8999938964844,30621200,226.00999450683597,230.0085688999721,223.98499843052454,216.96766611735026,227.75999450683597
2025-08-22,226.1699981689453,229.08999633789065,225.41000366210935,227.75999450683597,42477800,224.8999938964844,229.21285356794084,225.72856903076172,217.5209991455078,227.16000366210935
2025-08-25,226.47999572753903,229.3000030517578,226.22999572753903,227.16000366210935,30983100,227.75999450683597,228.40999712262834,227.45999799455916,218.13899943033854,229.30999755859372
2025-08-26,226.8699951171875,229.4900054931641,224.69000244140625,229.30999755859372,54575100,227.16000366210935,228.08428301130022,228.60714067731584,218.8123326619466,230.4900054931641
2025-08-27,228.6100006103516,230.8999938964844,228.25999450683597,230.4900054931641,31259500,229.30999755859372,228.02714102608817,229.35428401402064,219.48999938964843,232.55999755859372
2025-08-28,230.82000732421875,233.41000366210935,229.33999633789065,232.55999755859372,38074700,230.4900054931641,228.31285531180245,229.5835691179548,220.2413324991862,232.13999938964844
2025-08-29,232.50999450683597,233.3800048828125,231.3699951171875,232.13999938964844,39418400,232.55999755859372,229.1885702950614,229.93785531180245,220.93999938964845,229.72000122070312
2025-09-02,229.25,230.8500061035156,226.97000122070312,229.72000122070312,44075600,232.13999938964844,229.87714276994978,229.94285583496094,221.51466623942056,238.47000122070312
2025-09-03,237.2100067138672,238.8500061035156,234.3600006103516,238.47000122070312,66427800,229.72000122070312,231.40714372907365,230.30999864850725,222.31699981689454,239.77999877929688
2025-09-04,238.4499969482422,239.8999938964844,236.7400054931641,239.77999877929688,47549400,238.47000122070312,233.21000017438615,230.80999864850725,223.17133331298828,239.69000244140625
2025-09-05,240.0,241.32000732421875,238.4900054931641,239.69000244140625,54870400,239.77999877929688,234.69285801478796,231.38857051304407,224.0356669108073,237.8800048828125
2025-09-08,239.3000030517578,240.1499938964844,236.33999633789065,237.8800048828125,48999500,239.69000244140625,235.74857221330916,231.88785661969865,224.8356669108073,234.3500061035156
2025-09-09,237.0,238.77999877929688,233.3600006103516,234.3500061035156,66313900,237.8800048828125,236.00428771972656,232.15857151576452,225.51233367919923,226.7899932861328
2025-09-10,232.19000244140625,232.4199981689453,225.9499969482422,226.7899932861328,83440800,234.3500061035156,235.24000113351005,232.21428571428572,226.0296666463216,230.02999877929688
2025-09-11,226.8800048828125,230.4499969482422,226.6499938964844,230.02999877929688,50208600,226.7899932861328,235.28428649902344,232.5807146344866,226.72899983723957,234.07000732421875
2025-09-12,229.22000122070312,234.50999450683597,229.0200042724609,234.07000732421875,55824200,230.02999877929688,234.6557159423828,233.03142983572823,227.61233317057292,236.6999969482422
2025-09-15,237.0,238.19000244140625,235.02999877929688,236.6999969482422,42699500,234.07000732421875,234.21571568080358,233.71285792759485,228.75633290608724,238.1499938964844
2025-09-16,237.17999267578125,241.22000122070312,236.32000732421875,238.1499938964844,63421100,236.6999969482422,233.99571446010046,234.3442862374442,229.9163324991862,238.9900054931641
2025-09-17,238.97000122070312,240.1000061035156,237.72999572753903,238.9900054931641,46508000,238.1499938964844,234.15428597586495,234.95142909458704,231.11866607666016,237.8800048828125
2025-09-18,239.97000122070312,241.1999969482422,236.6499938964844,237.8800048828125,44249600,238.9900054931641,234.65857151576452,235.33142961774553,231.93966623942057,245.5
2025-09-19,241.22999572753903,246.3000030517578,240.2100067138672,245.5,163741300,237.8800048828125,237.33142961774553,236.2857153756278,232.78866628011068,256.0799865722656
2025-09-22,248.3000030517578,256.6400146484375,248.1199951171875,256.0799865722656,105517400,245.5,241.0528564453125,238.16857147216797,233.679665629069,254.42999267578125
2025-09-23,255.8800048828125,257.3399963378906,253.5800018310547,254.42999267578125,60275200,256.0799865722656,243.96142578125,239.3085708618164,234.58799896240234,252.30999755859372
2025-09-24,255.22000122070312,255.7400054931641,251.0399932861328,252.30999755859372,42303700,254.42999267578125,246.19142586844308,240.20357077462333,235.34333241780598,256.8699951171875
2025-09-25,253.2100067138672,257.1700134277344,251.7100067138672,256.8699951171875,55202100,252.30999755859372,248.86571175711495,241.4307131086077,236.12799886067708,255.4600067138672
2025-09-26,254.1000061035156,257.6000061035156,253.77999877929688,255.4600067138672,46076300,256.8699951171875,251.21856907435827,242.6864275251116,236.88399912516277,254.42999267578125
2025-09-29,254.55999755859372,255.0,253.00999450683597,254.42999267578125,40127700,255.4600067138672,253.58285304478235,244.12071228027344,237.64533233642578,254.6300048828125
2025-09-30,254.8600006103516,255.9199981689453,253.1100006103516,254.6300048828125,37704300,254.42999267578125,254.88713945661272,246.10928453717912,238.4366658528646,255.4499969482422
2025-10-01,255.0399932861328,258.7900085449219,254.92999267578125,255.4499969482422,48713900,254.6300048828125,254.7971409388951,247.9249986921038,239.2663324991862,257.1300048828125
2025-10-02,256.5799865722656,258.17999267578125,254.1499938964844,257.1300048828125,42630200,255.4499969482422,255.182856968471,249.57214137486048,240.3036661783854,258.0199890136719
2025-10-03,254.6699981689453,259.239990234375,253.9499969482422,258.0199890136719,49155600,257.1300048828125,255.99857003348214,251.0949979509626,241.407666015625,256.69000244140625
2025-10-06,257.989990234375,259.07000732421875,255.0500030517578,256.69000244140625,44664100,258.0199890136719,255.97285679408483,252.4192842755999,242.37199961344402,256.4800109863281
2025-10-07,256.8099975585937,257.3999938964844,255.42999267578125,256.4800109863281,31955800,256.69000244140625,256.11857169015065,253.66857038225447,243.34933319091797,258.0599975585937
2025-10-08,256.5199890136719,258.5199890136719,256.1099853515625,258.0599975585937,36496900,256.4800109863281,256.6371438162667,255.10999843052454,244.3076665242513,254.0399932861328
2025-10-09,257.8099975585937,258.0,253.13999938964844,254.0399932861328,38322000,258.0599975585937,256.5528564453125,255.7199979509626,245.09266611735026,245.2700042724609
2025-10-10,254.94000244140625,256.3800048828125,244.0,245.2700042724609,61999100,254.0399932861328,255.09857177734375,254.94785635811942,245.5163330078125,247.66000366210935
2025-10-13,249.3800048828125,249.69000244140625,245.55999755859372,247.66000366210935,38142900,245.2700042724609,253.74571446010046,254.46428571428572,246.0336664835612,247.7700042724609
2025-10-14,246.6000061035156,248.8500061035156,244.6999969482422,247.7700042724609,35478000,247.66000366210935,252.28143092564173,254.1400004795619,246.6353332519531,249.33999633789065
2025-10-15,249.4900054931641,251.82000732421875,247.47000122070312,249.33999633789065,33893600,247.7700042724609,251.23143005371094,253.60214342389787,246.99766642252604,247.4499969482422
2025-10-16,248.25,249.0399932861328,245.1300048828125,247.4499969482422,39777000,249.33999633789065,249.9414280482701,253.02999986921037,247.25333302815756,252.2899932861328
2025-10-17,248.0200042724609,253.3800048828125,247.2700042724609,252.2899932861328,49147000,247.4499969482422,249.1171417236328,252.87714276994978,247.67333272298177,262.239990234375
2025-10-20,255.88999938964844,264.3800048828125,255.6300048828125,262.239990234375,90483000,252.2899932861328,250.288569859096,253.42071315220423,248.4853322347005,262.7699890136719
2025-10-21,261.8800048828125,265.2900085449219,261.8299865722656,262.7699890136719,46695900,262.239990234375,252.78856767926897,253.94356972830636,249.4326649983724,258.45001220703125
2025-10-22,262.6499938964844,262.8500061035156,255.42999267578125,258.45001220703125,45015300,262.7699890136719,254.32999747140067,254.03785596575057,250.48799896240234,259.5799865722656
2025-10-23,259.94000244140625,260.6199951171875,258.010009765625,259.5799865722656,32754900,258.45001220703125,256.0171377999442,254.14928436279297,251.4729985555013,262.82000732421875
2025-10-24,261.19000244140625,264.1300048828125,259.17999267578125,262.82000732421875,38253700,259.5799865722656,257.94285365513394,254.58714185442244,252.43133188883465,268.8099975585937
2025-10-27,264.8800048828125,269.1199951171875,264.6499938964844,268.8099975585937,44888200,262.82000732421875,260.9942823137556,255.4678551810128,253.501665242513,269.0
2025-10-28,268.989990234375,269.8900146484375,268.1499938964844,269.0,41534800,268.8099975585937,263.3814261300223,256.24928392682756,254.52999877929688,269.70001220703125
2025-10-29,269.2799987792969,271.4100036621094,267.1099853515625,269.70001220703125,51086700,269.0,264.4471435546875,257.3678567068917,255.5536656697591,271.3999938964844
2025-10-30,271.989990234375,274.1400146484375,268.4800109863281,271.3999938964844,69886500,269.70001220703125,265.6800013950893,259.2342845371791,256.6709986368815,270.3699951171875
2025-10-31,276.989990234375,277.32000732421875,269.1600036621094,270.3699951171875,86167100,271.3999938964844,267.3828560965402,260.85642678397045,257.49999847412107,269.04998779296875
2025-11-03,270.4200134277344,270.8500061035156,266.25,269.04998779296875,50194600,270.3699951171875,268.73571341378346,262.37642560686385,257.93233184814454,270.0400085449219
2025-11-04,268.3299865722656,271.489990234375,267.6199951171875,270.0400085449219,49274800,269.04998779296875,269.7671421595982,263.85499790736606,258.4526657104492,270.1400146484375
2025-11-05,268.6099853515625,271.70001220703125,266.92999267578125,270.1400146484375,43683100,270.0400085449219,269.9571446010045,265.47571345738004,259.04699961344403,269.7699890136719
2025-11-06,267.8900146484375,273.3999938964844,267.8900146484375,269.7699890136719,51204000,270.1400146484375,270.06714303152904,266.72428458077565,259.4769994099935,268.4700012207031
2025-11-07,269.79998779296875,272.2900085449219,266.7699890136719,268.4700012207031,48227400,269.7699890136719,269.8914271763393,267.1692853655134,259.91066589355466,269.42999267578125
2025-11-10,268.9599914550781,273.7300109863281,267.4599914550781,269.42999267578125,41312400,268.4700012207031,269.60999843052457,267.6449999128069,260.41066589355466,275.25
2025-11-11,269.8099975585937,275.9100036621094,269.79998779296875,275.25,46208300,269.42999267578125,270.30714198521207,268.84499904087613,261.0979990641276,273.4700012207031
2025-11-12,275.0,275.7300109863281,271.70001220703125,273.4700012207031,48398000,275.25,270.9385724748884,269.83714294433594,261.6986658732096,272.95001220703125
2025-11-13,274.1099853515625,276.70001220703125,272.0899963378906,272.95001220703125,49602800,273.4700012207031,271.35428728376115,270.5607147216797,262.2259994506836,272.4100036621094
2025-11-14,271.04998779296875,275.9599914550781,269.6000061035156,272.4100036621094,47431300,272.95001220703125,271.67857142857144,270.81785801478793,262.7056666056315,267.4599914550781
2025-11-17,268.82000732421875,270.489990234375,265.7300109863281,267.4599914550781,45018300,272.4100036621094,271.34857177734375,270.70785740443637,263.06466623942055,267.44000244140625
2025-11-18,269.989990234375,270.7099914550781,265.32000732421875,267.44000244140625,45677300,267.4599914550781,271.20142909458707,270.54642813546315,263.4299992879232,268.5599975585937
2025-11-19,265.5299987792969,272.2099914550781,265.5,268.5599975585937,40424500,267.44000244140625,271.07714407784596,270.3435712541853,263.7799992879232,266.25
2025-11-20,270.8299865722656,275.42999267578125,265.9200134277344,266.25,45823600,268.5599975585937,269.7914297921317,270.0492858886719,264.18699951171874,271.489990234375
2025-11-21,265.95001220703125,273.3299865722656,265.6700134277344,271.489990234375,59030800,266.25,269.5085710797991,270.22357177734375,265.06099904378254,275.9200134277344
2025-11-24,270.8999938964844,277.0,270.8999938964844,275.9200134277344,65585800,271.489990234375,269.93285696847096,270.64357212611606,266.0029993693034,276.9700012207031
2025-11-25,275.2699890136719,280.3800048828125,275.25,276.9700012207031,46914200,275.9200134277344,270.5842851911272,271.13142830984935,266.97633260091146,277.54998779296875
2025-11-26,276.9599914550781,279.5299987792969,276.6300048828125,277.54998779296875,33431400,276.9700012207031,272.0257132393973,271.6871425083705,267.9166656494141,278.8500061035156
2025-11-28,277.260009765625,279.0,275.989990234375,278.8500061035156,20135600,277.54998779296875,273.6557137625558,272.42857142857144,268.9633326212565,283.1000061035156
2025-12-01,278.010009765625,283.4200134277344,276.1400146484375,283.1000061035156,46587700,278.8500061035156,275.7328578404018,273.40500095912387,269.9903330485026,286.19000244140625
2025-12-02,283.0,287.3999938964844,282.6300048828125,286.19000244140625,53669500,283.1000061035156,278.5814296177455,274.18642970493863,270.788666788737,284.1499938964844
2025-12-03,286.20001220703125,288.6199951171875,283.29998779296875,284.1499938964844,43538700,286.19000244140625,280.39000156947543,274.9492863246373,271.50133361816404,280.70001220703125
2025-12-04,284.1000061035156,284.7300109863281,278.5899963378906,280.70001220703125,43989100,284.1499938964844,281.07285853794644,275.50285775320873,272.2430002848307,278.7799987792969
2025-12-05,280.5400085449219,281.1400146484375,278.04998779296875,278.7799987792969,47265800,280.70001220703125,281.3314296177455,275.95785740443637,272.88300069173175,277.8900146484375
2025-12-08,278.1300048828125,279.6700134277344,276.1499938964844,277.8900146484375,38211800,278.7799987792969,281.3800048828125,276.7028590611049,273.3853342692057,277.17999267578125
2025-12-09,278.1600036621094,280.0299987792969,276.9200134277344,277.17999267578125,32193300,277.8900146484375,281.1414315359933,277.39857264927457,273.6643341064453,278.7799987792969
2025-12-10,277.75,279.75,276.44000244140625,278.7799987792969,33038300,277.17999267578125,280.52428763253346,278.1285727364676,273.99033406575523,278.0299987792969
2025-12-11,279.1000061035156,279.5899963378906,273.8099975585937,278.0299987792969,33248000,278.7799987792969,279.3585728236607,278.9700012207031,274.26800028483075,278.2799987792969
2025-12-12,277.8999938964844,279.2200012207031,276.82000732421875,278.2799987792969,39532900,278.0299987792969,278.52000209263394,279.4550018310547,274.49733378092446,274.1099853515625
2025-12-15,280.1499938964844,280.1499938964844,272.8399963378906,274.1099853515625,50409100,278.2799987792969,277.5785696847098,279.3257141113281,274.6220001220703,274.6099853515625
2025-12-16,272.82000732421875,275.5,271.7900085449219,274.6099853515625,37648600,274.1099853515625,276.9828534807478,279.15714154924666,274.8073333740234,271.8399963378906
2025-12-17,275.010009765625,276.1600036621094,271.6400146484375,271.8399963378906,50138700,274.6099853515625,276.11856515066967,278.74928501674106,274.8673329671224,272.19000244140625
2025-12-18,273.6099853515625,273.6300048828125,266.95001220703125,272.19000244140625,51630700,271.8399963378906,275.4057094029018,278.2735704694475,274.9356658935547,273.6700134277344
2025-12-19,272.1499938964844,274.6000061035156,269.8999938964844,273.6700134277344,144632000,272.19000244140625,274.6757114955357,277.5999995640346,275.0656667073568,270.9700012207031
2025-12-22,272.8599853515625,273.8800048828125,270.510009765625,270.9700012207031,36571800,273.6700134277344,273.6671404157366,276.51285661969865,275.1490000406901,272.3599853515625
2025-12-23,270.8399963378906,272.5,269.5599975585937,272.3599853515625,29642000,270.9700012207031,272.82142421177457,275.67071315220426,275.2466664632162,273.8099975585937
2025-12-24,272.3399963378906,275.42999267578125,272.20001220703125,273.8099975585937,17910600,272.3599853515625,272.778568812779,275.1785692487444,275.19866638183595,273.3999938964844
2025-12-26,274.1600036621094,275.3699951171875,272.8599853515625,273.3999938964844,21521800,273.8099975585937,272.605712890625,274.79428318568637,275.196332804362,273.760009765625
2025-12-29,272.69000244140625,274.3599853515625,272.3500061035156,273.760009765625,23715200,273.3999938964844,272.88000052315846,274.49928283691406,275.22333272298175,273.0799865722656
2025-12-30,272.8099975585937,274.0799865722656,272.2799987792969,273.0799865722656,22139600,273.760009765625,273.00714111328125,274.20642525809154,275.24566548665365,271.8599853515625
2025-12-31,273.0599975585937,273.67999267578125,271.75,271.8599853515625,27293600,273.0799865722656,272.7485656738281,273.7121385846819,275.3923319498698,271.010009765625
2026-01-02,272.260009765625,277.8399963378906,269.0,271.010009765625,37838100,271.8599853515625,272.7542811802455,273.21071079799106,275.51133219401044,267.260009765625
2026-01-05,270.6400146484375,271.510009765625,266.1400146484375,267.260009765625,45647200,271.010009765625,272.0257132393973,272.42356872558594,275.46799926757814,262.3599853515625
2026-01-06,267.0,267.54998779296875,262.1199951171875,262.3599853515625,52352100,267.260009765625,270.38999720982144,271.5842830113002,275.3383321126302,260.3299865722656
2026-01-07,263.20001220703125,263.67999267578125,259.8099975585937,260.3299865722656,48309800,262.3599853515625,268.5228533063616,270.5642830984933,274.9663319905599,259.0400085449219
2026-01-08,257.0199890136719,259.2900085449219,255.6999969482422,259.0400085449219,50419300,260.3299865722656,266.4199959891183,269.6499982561384,274.40366516113284,259.3699951171875
2026-01-09,259.0799865722656,260.2099914550781,256.2200012207031,259.3699951171875,39997000,259.0400085449219,264.46142578125,268.7342834472656,273.81699829101564,260.25
2026-01-12,259.1600036621094,261.29998779296875,256.79998779296875,260.25,45263800,259.3699951171875,262.8028564453125,267.7757110595703,273.24033203125,261.04998779296875
2026-01-13,258.7200012207031,261.8099975585937,258.3900146484375,261.04998779296875,45730800,260.25,261.3799961635045,267.067138671875,272.6469980875651,259.9599914550781
2026-01-14,259.489990234375,261.82000732421875,256.7099914550781,259.9599914550781,40019400,261.04998779296875,260.3371364048549,266.18142482212613,271.87566426595055,258.2099914550781
2026-01-15,260.6499938964844,261.0400085449219,257.04998779296875,258.2099914550781,39388600,259.9599914550781,259.74428013392856,265.067138671875,270.9429972330729,255.52999877929688
2026-01-16,257.8999938964844,258.8999938964844,254.92999267578125,255.52999877929688,72142800,258.2099914550781,259.0585675920759,263.79071044921875,269.98899739583334,246.6999969482422
2026-01-20,252.72999572753903,254.7899932861328,243.4199981689453,246.6999969482422,80267500,255.52999877929688,257.2957087925502,261.85785239083424,268.8556635538737,247.6499938964844
2026-01-21,248.6999969482422,251.55999755859372,245.17999267578125,247.6499938964844,54641700,246.6999969482422,255.62142290387834,260.0414243425642,267.81799672444663,248.3500061035156
2026-01-22,249.1999969482422,251.0,248.1499938964844,248.3500061035156,39708300,247.6499938964844,253.92142377580916,258.3621401105608,266.83332977294924,248.0399932861328
2026-01-23,247.32000732421875,249.41000366210935,244.67999267578125,248.0399932861328,41689000,248.3500061035156,252.06285313197546,256.72142464774,265.86199645996095,255.41000366210935
2026-01-26,251.47999572753903,256.5599975585937,249.8000030517578,255.41000366210935,55969200,248.0399932861328,251.41285487583704,255.874995640346,265.08299662272134,258.2699890136719
2026-01-27,259.1700134277344,261.95001220703125,258.2099914550781,258.2699890136719,49648300,255.41000366210935,251.42142595563615,255.58285304478235,264.42432963053386,256.44000244140625
2026-01-28,257.6499938964844,258.8599853515625,254.50999450683597,256.44000244140625,41288000,258.2699890136719,251.55142647879464,255.30499703543526,263.6963297526042,258.2799987792969
2026-01-29,258.0,259.6499938964844,254.41000366210935,258.2799987792969,67253000,256.44000244140625,253.2057124546596,255.2507106236049,263.1686635335287,259.4800109863281
2026-01-30,255.1699981689453,261.8999938964844,252.17999267578125,259.4800109863281,92443400,258.2799987792969,254.89571489606584,255.2585688999721,262.6643310546875,270.010009765625
2026-02-02,260.0299987792969,270.489990234375,259.2099914550781,270.010009765625,73913400,259.4800109863281,257.99000113351,255.9557124546596,262.60333150227865,269.4800109863281
2026-02-03,269.20001220703125,271.8800048828125,267.6099853515625,269.4800109863281,64394700,270.010009765625,261.05286080496654,256.55785696847096,262.51299845377605,276.489990234375
2026-02-04,272.2900085449219,278.95001220703125,272.2900085449219,276.489990234375,90545700,269.4800109863281,264.0642874581473,257.7385711669922,262.60699768066405,275.9100036621094
2026-02-05,278.1300048828125,279.5,273.2300109863281,275.9100036621094,52977400,276.489990234375,266.58428955078125,259.00285775320873,262.77166442871095,278.1199951171875
2026-02-06,277.1199951171875,280.9100036621094,276.92999267578125,278.1199951171875,50453400,275.9100036621094,269.68143136160717,260.6164289202009,262.9636647542318,274.6199951171875
2026-02-09,277.9100036621094,278.20001220703125,271.70001220703125,274.6199951171875,44623400,278.1199951171875,272.0157165527344,262.610714503697,262.99066467285155,273.67999267578125
2026-02-10,274.8900146484375,275.3699951171875,272.94000244140625,273.67999267578125,34376900,274.6199951171875,274.0442853655134,264.47000013078963,262.9999979654948,275.5
2026-02-11,274.70001220703125,280.17999267578125,274.45001220703125,275.5,51931300,273.67999267578125,274.8285696847098,266.40928540910994,263.05799763997396,261.7300109863281
2026-02-12,275.5899963378906,275.7200012207031,260.17999267578125,261.7300109863281,81077200,275.5,273.721426827567,267.38714381626676,262.67966512044273,255.77999877929688
2026-02-13,262.010009765625,262.2300109863281,255.4499969482422,255.77999877929688,56290700,261.7300109863281,270.76285661969865,267.413572038923,262.14366556803384,263.8800048828125
2026-02-17,258.04998779296875,266.2900085449219,255.5399932861328,263.8800048828125,58469100,255.77999877929688,269.0442853655134,267.8142874581473,261.9059987386068,264.3500061035156
2026-02-18,263.6000061035156,266.82000732421875,262.45001220703125,264.3500061035156,34203300,263.8800048828125,267.07714407784596,268.37928771972656,261.8089986165365,260.5799865722656
2026-02-19,262.6000061035156,264.4800109863281,260.04998779296875,260.5799865722656,30845300,264.3500061035156,265.07142857142856,268.54357256208147,261.7496653238932,264.5799865722656
2026-02-20,258.9700012207031,264.75,258.1600036621094,264.5799865722656,42070500,260.5799865722656,263.7714276994978,268.9078565325056,261.8913319905599,266.17999267578125
2026-02-23,263.489990234375,269.42999267578125,263.3800048828125,266.17999267578125,37308200,264.5799865722656,262.4399980817522,268.63428388323103,262.12933146158855,272.1400146484375
2026-02-24,267.8599853515625,274.8900146484375,267.7099914550781,272.1400146484375,47014600,266.17999267578125,263.92714146205356,268.8242841448103,262.55499877929685,274.2300109863281
2026-02-25,271.7799987792969,274.94000244140625,271.04998779296875,274.2300109863281,33714300,272.1400146484375,266.5628574916295,268.66285705566406,263.0209991455078,272.95001220703125
2026-02-26,274.95001220703125,276.1099853515625,270.79998779296875,272.95001220703125,32345100,274.2300109863281,267.8585728236607,268.45142909458707,263.41766662597655,264.17999267578125
2026-02-27,272.8099975585937,272.8099975585937,262.8900146484375,264.17999267578125,72366500,272.95001220703125,267.8342851911272,267.4557146344866,263.55833333333334,264.7200012207031
2026-03-02,262.4100036621094,266.5299987792969,260.20001220703125,264.7200012207031,41827900,264.17999267578125,268.4257158551897,266.74857221330916,263.77533365885415,263.75
2026-03-03,263.4800109863281,265.5599975585937,260.1300048828125,263.75,38568900,264.7200012207031,268.30714634486606,266.0392870221819,264.04933369954426,262.5199890136719
2026-03-04,264.6499938964844,266.1499938964844,261.4200134277344,262.5199890136719,39803100,263.75,267.78428867885043,265.11214338030135,264.57666676839193,260.2900085449219
2026-03-05,260.7900085449219,261.5599975585937,257.25,260.2900085449219,49658600,262.5199890136719,266.0914306640625,265.009286063058,264.9980005900065,257.4599914550781
2026-03-06,258.6300048828125,258.7699890136719,254.3699951171875,257.4599914550781,41120000,260.2900085449219,263.69571358816967,265.12928553989957,265.30166676839195,259.8800048828125
2026-03-09,255.69000244140625,261.1499938964844,253.67999267578125,259.8800048828125,38218500,257.4599914550781,261.8285696847098,264.8435712541853,265.6963338216146,260.8299865722656
2026-03-10,257.6499938964844,262.4800109863281,256.95001220703125,260.8299865722656,30590800,259.8800048828125,261.3499973842076,264.5921412876674,265.8769999186198,260.8099975585937
2026-03-11,261.0899963378906,262.1300048828125,259.54998779296875,260.8099975585937,26218900,260.8299865722656,260.7914254324777,264.60857064383373,265.9616668701172,255.75999450683597
2026-03-12,258.6600036621094,258.95001220703125,254.17999267578125,255.75999450683597,40794000,260.8099975585937,259.64999607631137,263.9785712105887,265.93899993896486,250.1199951171875
2026-03-13,255.47999572753903,256.3299865722656,249.5200042724609,250.1199951171875,36930000,255.75999450683597,257.87856837681363,262.83142852783203,265.66699981689453,252.82000732421875
2026-03-16,252.1100006103516,253.88999938964844,249.8800048828125,252.82000732421875,32074200,250.1199951171875,256.8114253452846,261.4514280046736,265.4449996948242,254.22999572753903
2026-03-17,252.9600067138672,255.1300048828125,252.17999267578125,254.22999572753903,32361600,252.82000732421875,256.3499973842076,260.02285548618863,264.91899922688805,249.94000244140625
2026-03-18,252.6300048828125,254.94000244140625,249.0,249.94000244140625,35757900,254.22999572753903,254.92999703543526,258.3792833600725,264.267665608724,248.9600067138672
2026-03-19,249.3999938964844,251.8300018310547,247.3000030517578,248.9600067138672,34864100,249.94000244140625,253.23428562709265,257.29214150565014,263.3499994913737,247.9900054931641
2026-03-20,247.97999572753903,249.1999969482422,246.0,247.9900054931641,88331100,248.9600067138672,251.4028581891741,256.0971418108259,262.41933288574216,251.4900054931641
2026-03-23,253.97000122070312,254.6000061035156,250.27999877929688,251.4900054931641,40546100,247.9900054931641,250.79285975864954,255.22142791748047,261.5316665649414,251.63999938964844
2026-03-24,250.3500061035156,254.8300018310547,249.5500030517578,251.63999938964844,45152300,251.4900054931641,251.01000322614397,254.4442858014788,260.7656667073568,252.6199951171875
2026-03-25,254.1000061035156,255.0,251.6000061035156,252.6199951171875,28476700,251.63999938964844,250.98143005371094,253.89642769949776,260.06366678873695,252.88999938964844
2026-03-26,252.1199951171875,257.0,250.7700042724609,252.88999938964844,41796700,252.6199951171875,250.79000200544084,253.56999969482422,259.3100001017253,248.8000030517578
2026-03-27,253.8999938964844,255.4900054931641,248.07000732421875,248.8000030517578,47900000,252.88999938964844,250.62714494977678,252.77857099260603,258.8789998372396,246.6300048828125
2026-03-30,250.07000732421875,250.8699951171875,245.50999450683597,246.6300048828125,39446200,248.8000030517578,250.2942875453404,251.7642865862165,258.5740000406901,253.7899932861328
2026-03-31,247.91000366210935,255.47999572753903,247.1000061035156,253.7899932861328,49598100,246.6300048828125,251.12285723005022,251.26285770961218,258.23766632080077,255.6300048828125
2026-04-01,254.0800018310547,256.17999267578125,253.3300018310547,255.6300048828125,40059400,253.7899932861328,251.71428571428572,251.25357273646765,257.946999613444,255.9199981689453
2026-04-02,254.1999969482422,256.1300048828125,250.6499938964844,255.9199981689453,31289400,255.6300048828125,252.32571411132812,251.66785866873605,257.7916666666667,258.8599853515625
2026-04-06,256.510009765625,262.1600036621094,256.4599914550781,258.8599853515625,29329900,255.9199981689453,253.2171412876674,252.09928567068917,257.6009999593099,253.5
2026-04-07,256.1600036621094,256.20001220703125,245.6999969482422,253.5,62148000,258.8599853515625,253.30428423200334,252.0471431187221,257.17833353678384,258.8999938964844
2026-04-08,258.45001220703125,259.75,256.5299987792969,258.8999938964844,41032800,253.5,254.74714006696428,252.68714250837053,256.73699951171875,260.489990234375
2026-04-09,259.0,261.1199951171875,256.07000732421875,260.489990234375,28121600,258.8999938964844,256.72713797433033,253.51071275983537,256.27899881998695,260.4800109863281
2026-04-10,259.9800109863281,262.19000244140625,259.0199890136719,260.4800109863281,31291500,260.489990234375,257.68285478864397,254.4028560093471,255.86333211263022,259.20001220703125
2026-04-13,259.7300109863281,260.17999267578125,256.6600036621094,259.20001220703125,36234700,260.4800109863281,258.19285583496094,254.95357077462333,255.69733276367188,258.8299865722656
2026-04-14,259.25,261.92999267578125,257.19000244140625,258.8299865722656,48370700,259.20001220703125,258.6085684640067,255.4671412876674,255.5009989420573,266.42999267578125
2026-04-15,258.1600036621094,266.5599975585937,257.8099975585937,266.42999267578125,49913500,258.8299865722656,259.6899980817522,256.4535696847098,255.59033203125,263.3999938964844
2026-04-16,266.79998779296875,267.1600036621094,261.2699890136719,263.3999938964844,43323100,266.42999267578125,261.10428292410717,257.20428357805525,255.61966552734376,270.2300109863281
2026-04-17,266.9599914550781,272.29998779296875,266.7200012207031,270.2300109863281,61436200,263.3999938964844,262.7228567940848,258.73499843052457,255.95099894205728,273.04998779296875
2026-04-20,270.3299865722656,274.2799987792969,270.2900085449219,273.04998779296875,36590200,270.2300109863281,264.5171421595982,260.6221400669643,256.4706654866537,266.1700134277344
2026-04-21,271.5,272.79998779296875,265.3999938964844,266.1700134277344,50209800,273.04998779296875,265.3299996512277,261.5064272199358,256.680332438151,273.1700134277344
2026-04-22,267.82000732421875,273.739990234375,266.8699951171875,273.1700134277344,43249200,266.1700134277344,267.3257141113281,262.75928497314453,257.09166666666664,273.42999267578125
2026-04-23,275.04998779296875,275.7699890136719,271.6499938964844,273.42999267578125,33399600,273.1700134277344,269.4114292689732,264.00999886649,257.5123331705729,271.0599975585937
2026-04-24,272.760009765625,273.0599975585937,269.6499938964844,271.0599975585937,38157100,273.42999267578125,270.07285853794644,264.88142830984935,258.02233327229817,267.6099853515625
2026-04-27,266.0899963378906,268.3599853515625,265.07000732421875,267.6099853515625,41466800,271.0599975585937,270.6742858886719,265.8892844063895,258.60533294677737,270.7099914550781
2026-04-28,272.3399963378906,273.2300109863281,268.6600036621094,270.7099914550781,40018900,267.6099853515625,270.7428545270647,266.7328556605748,259.20166575113933,270.1700134277344
2026-04-29,267.54998779296875,271.0400085449219,267.0400085449219,270.1700134277344,30047900,270.7099914550781,270.3314296177455,267.4242858886719,259.7329996744792,271.3500061035156
2026-04-30,270.5,276.0,268.1400146484375,271.3500061035156,91848200,270.1700134277344,271.07142857142856,268.2007141113281,260.44666646321616,280.1400146484375
2026-05-01,278.8599853515625,287.2200012207031,278.3699951171875,280.1400146484375,79915400,271.3500061035156,272.06714303152904,269.69642857142856,261.48600006103516,276.8299865722656
2026-05-04,279.6600036621094,280.6300048828125,274.8599853515625,276.8299865722656,46668400,280.1400146484375,272.5528564453125,270.98214285714283,262.44733276367185,284.17999267578125
2026-05-05,276.92999267578125,284.57000732421875,276.5,284.17999267578125,49311700,276.8299865722656,274.42714146205356,272.25,263.53699900309243,287.510009765625
2026-05-06,281.9200134277344,288.0299987792969,281.07000732421875,287.510009765625,58336100,284.17999267578125,277.27000209263394,273.9721439906529,264.732666015625,287.44000244140625
2026-05-07,289.2699890136719,292.1300048828125,285.7799987792969,287.44000244140625,45224300,287.510009765625,279.6600036621094,275.20142909458707,265.89333292643227,293.32000732421875
2026-05-08,290.010009765625,294.760009765625,290.0,293.32000732421875,52692800,287.44000244140625,282.96714564732144,276.64928763253346,267.24099985758465,292.67999267578125
2026-05-11,291.9800109863281,293.8800048828125,290.2300109863281,292.67999267578125,42247300,293.32000732421875,286.01428658621654,278.5428575788225,268.7036661783854,294.79998779296875
2026-05-12,292.5599975585937,295.2699890136719,292.5599975585937,294.79998779296875,45748100,292.67999267578125,288.1085684640067,280.08785574776783,270.3093322753906,298.8699951171875
2026-05-13,293.5,300.9200134277344,293.5,298.8699951171875,52684300,294.79998779296875,291.25714111328125,281.9049987792969,271.81199900309247,298.2099914550781
2026-05-14,299.82000732421875,300.45001220703125,295.3800048828125,298.2099914550781,35324900,298.8699951171875,293.2614266531808,283.8442840576172,273.23133188883463,300.2300109863281
2026-05-15,297.8999938964844,303.20001220703125,296.5199890136719,300.2300109863281,54862800,298.2099914550781,295.0785696847098,286.1742858886719,274.7083323160807,297.8399963378906
2026-05-18,300.239990234375,300.6600036621094,294.9100036621094,297.8399963378906,34483000,300.2300109863281,296.5642830984933,288.11214338030135,276.007666015625,298.9700012207031
2026-05-19,296.9700012207031,300.510009765625,296.3500061035156,298.9700012207031,42243600,297.8399963378906,297.37142508370533,290.1692853655134,277.52333272298176,302.25
2026-05-20,298.17999267578125,302.79998779296875,298.0799865722656,302.25,38229800,298.9700012207031,298.7385689871652,292.37642778669084,278.9683329264323,304.989990234375
2026-05-21,301.0599975585937,305.5400085449219,300.3999938964844,304.989990234375,42965100,302.25,300.1942836216518,294.15142604282926,280.4516662597656,308.82000732421875
2026-05-22,306.1199951171875,311.3999938964844,305.8399963378906,308.82000732421875,43670200,304.989990234375,301.615713936942,296.4364275251116,282.06299947102866,308.3299865722656
2026-05-26,309.5599975585937,311.82000732421875,307.6700134277344,308.3299865722656,48000500,308.82000732421875,303.0614275251116,298.16142708914623,283.70066528320314,310.8500061035156
2026-05-27,308.3299865722656,313.260009765625,308.29998779296875,310.8500061035156,50430900,308.3299865722656,304.5785696847098,299.8285696847098,285.4346659342448,312.510009765625
2026-05-28,310.67999267578125,312.79998779296875,309.57000732421875,312.510009765625,48220400,310.8500061035156,306.6742858886719,301.6192844935826,286.9706665039063,312.0599975585937
2026-05-29,311.7799987792969,315.0,309.5299987792969,312.0599975585937,70026800,312.510009765625,308.5442853655134,302.9578552246094,288.59266662597656,306.3099975585937
2026-06-01,309.6300048828125,310.94000244140625,305.0199890136719,306.3099975585937,48849900,312.0599975585937,309.12428501674106,303.9314270019531,289.7953328450521,315.20001220703125
2026-06-02,307.4599914550781,315.45001220703125,306.69000244140625,315.20001220703125,44534700,306.3099975585937,310.5828595842634,305.3885716029576,291.20033365885416,310.260009765625
2026-06-03,314.17999267578125,316.94000244140625,308.8500061035156,310.260009765625,50836700,315.20001220703125,310.78857421875,306.20214407784596,292.6700002034505,311.2300109863281
2026-06-04,313.2300109863281,313.5400085449219,309.6499938964844,311.2300109863281,44869100,310.260009765625,311.20286342075894,307.1321454729353,293.93866678873695,307.3399963378906
2026-06-05,312.8599853515625,315.1700134277344,307.1499938964844,307.3399963378906,65310500,311.2300109863281,310.70143345424106,307.64000156947543,295.0690002441406,301.5400085449219
2026-06-08,308.739990234375,317.3999938964844,301.1700134277344,301.5400085449219,77949100,307.3399963378906,309.13429042271207,307.904288155692,296.0850006103516,290.54998779296875
2026-06-09,300.2799987792969,300.75,287.7799987792969,290.54998779296875,70108800,301.5400085449219,306.0614318847656,307.3028586251395,296.84966735839845,291.5799865722656
2026-06-10,290.739990234375,294.75,287.3800048828125,291.5799865722656,52793300,290.54998779296875,303.9571446010045,306.5407148088728,297.5453338623047,295.6300048828125
2026-06-11,293.7200012207031,297.0,289.5899963378906,295.6300048828125,42572500,291.5799865722656,301.1614292689732,305.8721444266183,298.3940002441406,291.1300048828125
2026-06-12,296.0299987792969,297.1400146484375,289.6199951171875,291.1300048828125,38742100,295.6300048828125,298.42857142857144,304.6085728236607,299.05333353678384,296.4200134277344
2026-06-15,294.1199951171875,297.7799987792969,291.70001220703125,296.4200134277344,45732600,291.1300048828125,296.3128574916295,303.7578604561942,299.5960001627604,299.239990234375
2026-06-16,295.25,300.4800109863281,293.9700012207031,299.239990234375,39874400,296.4200134277344,295.1557137625558,302.92857360839844,300.34300028483074,295.95001220703125
2026-06-17,300.8500061035156,302.07000732421875,294.3599853515625,295.95001220703125,42745100,299.239990234375,294.35714285714283,301.7457166399275,300.73533426920574,298.010009765625
2026-06-18,298.1099853515625,300.57000732421875,295.6199951171875,298.010009765625,85962200,295.95001220703125,295.422860281808,300.74214608328685,301.0853342692057,297.010009765625
2026-06-22,297.3099975585937,302.4200134277344,296.760009765625,297.010009765625,44879900,298.010009765625,296.1985778808594,300.0778612409319,301.4043345133463,294.29998779296875
2026-06-23,297.5400085449219,301.6400146484375,294.17999267578125,294.29998779296875,52010900,297.010009765625,296.0085754394531,298.58500235421315,301.43700052897134,293.0799865722656
2026-06-24,295.3599853515625,299.70001220703125,292.94000244140625,293.0799865722656,53081900,294.29998779296875,296.28714425223217,297.3578578404018,301.45033365885416,275.1499938964844
2026-06-25,287.3999938964844,288.79998779296875,273.75,275.1499938964844,107013700,293.0799865722656,293.24857003348217,294.7807137625558,300.7953338623047,283.7799987792969
2026-06-26,275.0,285.95001220703125,274.2099914550781,283.7799987792969,261775500,275.1499938964844,291.03999982561385,293.0978567940848,300.292333984375,281.739990234375
2026-06-29,286.7300109863281,288.3699951171875,279.8500061035156,281.739990234375,66427000,283.7799987792969,289.00999668666293,291.6835697719029,299.7433339436849,289.3599853515625
2026-06-30,281.1700134277344,289.94000244140625,280.70001220703125,289.3599853515625,65100200,281.739990234375,287.77427891322543,291.59856959751676,299.38099975585936,294.3800048828125
2026-07-01,293.44000244140625,296.5899963378906,289.20001220703125,294.3800048828125,50164200,289.3599853515625,287.39856392996654,291.79857090541293,299.2656667073568,308.6300048828125
2026-07-02,294.1199951171875,309.4200134277344,293.67999267578125,308.6300048828125,75352800,294.3800048828125,289.4457092285156,292.7271423339844,299.58766682942706,312.6600036621094
2026-07-06,307.3599853515625,314.20001220703125,307.0,312.6600036621094,53590000,308.6300048828125,292.2428545270647,294.26499938964844,299.9346669514974,310.6600036621094
2026-07-07,315.2900085449219,315.4800109863281,310.1499938964844,310.6600036621094,42490000,312.6600036621094,297.31571306501115,295.28214154924666,300.12366739908856,313.3900146484375
2026-07-08,311.9100036621094,314.82000732421875,307.04998779296875,313.3900146484375,41323500,310.6600036621094,301.54571533203125,296.2928575788225,300.2760009765625,316.2200012207031
2026-07-09,310.510009765625,316.5299987792969,308.1600036621094,316.2200012207031,48124500,313.3900146484375,306.47143118722096,297.740713936942,300.53900146484375,315.32000732421875
2026-07-10,314.7200012207031,316.9100036621094,312.1700134277344,315.32000732421875,34132300,316.2200012207031,310.1800057547433,298.9771423339844,300.68800150553386,317.3099975585937
2026-07-13,317.0199890136719,323.45001220703125,315.7799987792969,317.3099975585937,43257800,315.32000732421875,313.4557189941406,300.42714146205356,300.84800109863284,314.8599853515625
2026-07-14,313.760009765625,316.19000244140625,311.9100036621094,314.8599853515625,36336800,317.3099975585937,314.34571620396207,301.89571271623885,300.9413340250651,327.5
2026-07-15,317.6199951171875,328.7300109863281,317.32000732421875,327.5,60957600,314.8599853515625,316.46571568080356,304.35428510393416,301.6476674397787,333.260009765625
2026-07-16,328.010009765625,334.67999267578125,326.7900085449219,333.260009765625,62970600,327.5,319.6942879813058,308.50500052315846,302.2496673583984,333.739990234375
2026-07-17,331.9800109863281,334.989990234375,329.0,333.739990234375,63407100,333.260009765625,322.60142735072543,312.07357134137834,303.03233337402344,326.5899963378906
2026-07-20,333.510009765625,333.7099914550781,323.67999267578125,326.5899963378906,53468000,333.739990234375,324.0828552246094,315.2771432059152,303.54433288574216,327.739990234375
2026-07-21,323.1300048828125,329.6000061035156,322.2200012207031,327.739990234375,41338900,326.5899963378906,325.85713849748885,318.01857212611606,304.2243326822917,325.8900146484375
2026-07-22,327.8699951171875,329.0,323.3399963378906,325.8900146484375,38755900,327.739990234375,327.0828552246094,320.269287109375,305.03599955240884,321.6600036621094
2026-07-23,321.7300109863281,323.29998779296875,319.3500061035156,321.6600036621094,40840800,325.8900146484375,328.05428641183033,321.20000130789623,306.0730000813802,333.0199890136719
2026-07-24,321.7900085449219,334.3699951171875,321.6199951171875,333.0199890136719,47489400,321.6600036621094,328.84285627092635,322.654285975865,307.45433349609374,336.9100036621094
2026-07-27,334.5400085449219,339.57000732421875,334.0199890136719,336.9100036621094,49604300,333.0199890136719,329.3642839704241,324.529285975865,308.83033345540366,340.0799865722656
2026-07-28,340.0299987792969,342.8900146484375,335.6000061035156,340.0799865722656,51859000,336.9100036621094,330.2699977329799,326.4357125418527,310.4619995117188,338.19000244140625
2026-07-29,339.7300109863281,344.57000732421875,337.3500061035156,338.19000244140625,56090800,340.0799865722656,331.92714146205356,328.00499834333147,311.8543324788412,333.42999267578125
2026-07-30,333.1000061035156,334.75,329.5899963378906,333.42999267578125,74817800,338.19000244140625,332.739998953683,329.29856872558594,312.99399922688804,308.9100036621094
2026-07-31,304.8099975585937,310.69000244140625,300.0,308.9100036621094,132489100,333.42999267578125,330.3142830984933,328.69856916155135,313.4259989420573,303.4200134277344
2026-08-03,309.5799865722656,311.79998779296875,302.5599975585937,303.4200134277344,75052000,308.9100036621094,327.7085702078683,327.88142830984935,313.60633239746096,309.3800048828125
2026-08-04,302.7300109863281,310.4200134277344,301.32000732421875,309.3800048828125,68001000,303.4200134277344,324.3314296177455,326.58714294433594,314.01866556803384,311.0
2026-08-05,309.3599853515625,311.7099914550781,305.6700134277344,311.0,49438800,309.3800048828125,320.63000052315846,324.99714224679127,314.57533264160156,312.4100036621094
2026-08-06,314.3399963378906,316.2900085449219,309.2300109863281,312.4100036621094,46139900,311.0,316.6771458217076,323.47357177734375,315.21966654459635,313.3299865722656
2026-08-07,311.45001220703125,314.8099975585937,310.739990234375,313.3299865722656,34437200,312.4100036621094,313.12571498325894,322.52642822265625,316.4923329671224,308.260009765625
2026-08-10,306.8299865722656,308.260009765625,304.6099853515625,308.260009765625,44812500,313.3299865722656,309.5300031389509,321.135001046317,317.30833333333334,304.9100036621094
2026-08-11,307.75,309.9700012207031,302.7900085449219,304.9100036621094,37476700,308.260009765625,308.9585745675223,319.6364288330078,318.08066711425784,302.25
2026-08-12,305.1000061035156,305.6600036621094,300.57000732421875,302.25,41657800,304.9100036621094,308.7914297921317,318.25,318.5103342692057,305.260009765625
2026-08-13,304.2099914550781,306.0,302.04998779296875,305.260009765625,40349300,302.25,308.2028590611049,316.2671443394252,318.8730010986328,305.92999267578125
2026-08-14,306.0,307.489990234375,304.29998779296875,305.92999267578125,28229400,305.260009765625,307.4785723005022,314.05428641183033,318.7830006917318,305.5899963378906
2026-08-17,306.2099914550781,307.6600036621094,302.94000244140625,305.5899963378906,38169300,305.92999267578125,306.50428553989957,311.59071568080356,318.5473337809245,310.0299987792969
2026-08-18,307.5799865722656,311.489990234375,305.739990234375,310.0299987792969,53424500,305.5899963378906,306.0328587123326,309.57928684779574,318.5263336181641,316.8299865722656
2026-08-19,310.1400146484375,319.2799987792969,309.6000061035156,316.8299865722656,50505600,310.0299987792969,307.25714111328125,308.39357212611606,318.64099934895836,311.29998779296875
2026-08-20,317.4599914550781,320.2799987792969,310.6499938964844,311.29998779296875,40959200,316.8299865722656,308.1699959891183,308.5642852783203,318.4769989013672,309.3500061035156
2026-08-21,312.04998779296875,312.3800048828125,307.010009765625,309.3500061035156,46876800,311.29998779296875,309.1842825753348,308.98785618373324,318.2779988606771,310.3399963378906
2026-08-24,311.4700012207031,313.3599853515625,309.9700012207031,310.3399963378906,34673600,309.3500061035156,309.90999494280135,309.0564270019531,318.04566548665366,309.8999938964844
2026-08-25,310.7900085449219,313.5899963378906,308.2099914550781,309.8999938964844,25869800,310.3399963378906,310.47713797433033,308.97785513741627,317.880332438151,313.45001220703125
2026-08-26,310.29998779296875,315.42999267578125,308.79998779296875,313.45001220703125,34024500,309.8999938964844,311.5999973842076,309.05214146205356,317.41199951171876,314.5799865722656
2026-08-27,310.54998779296875,315.3999938964844,309.3999938964844,314.5799865722656,32419200,313.45001220703125,312.24999564034596,309.1414271763393,316.7893320719401,319.70001220703125
2026-08-28,316.8500061035156,322.3699951171875,315.45001220703125,319.70001220703125,38649400,314.5799865722656,312.65999930245533,309.9585702078683,316.321332804362,316.8500061035156
2026-08-31,319.6000061035156,321.239990234375,312.79998779296875,316.8500061035156,41242700,319.70001220703125,313.4528590611049,310.8114275251116,315.9966664632162,325.1300048828125
2026-09-01,316.9800109863281,327.29998779296875,314.7300109863281,325.1300048828125,53167400,316.8500061035156,315.7071446010045,312.44571358816967,315.9096669514974,324.9599914550781
2026-09-02,326.8699951171875,328.3999938964844,323.5299987792969,324.9599914550781,33776400,325.1300048828125,317.79571533203125,313.85285513741627,315.8786661783854,328.2099914550781
2026-09-03,324.8699951171875,330.8099975585937,324.1099853515625,328.2099914550781,37225800,324.9599914550781,320.4114292689732,315.4442836216518,316.0969991048177,319.9700012207031
2026-09-04,328.3099975585937,328.92999267578125,317.8599853515625,319.9700012207031,39606900,328.2099914550781,321.34285627092635,316.471426827567,315.66199951171876,316.2200012207031
2026-09-08,317.1000061035156,320.70001220703125,314.8999938964844,316.2200012207031,35477100,319.9700012207031,321.57714407784596,316.91356985909596,314.9723327636719,315.3399963378906
2026-09-09,315.489990234375,319.1499938964844,309.8999938964844,315.3399963378906,65640000,316.2200012207031,320.95428466796875,316.80714198521207,314.147666422526,326.57000732421875
2026-09-10,316.6700134277344,326.739990234375,316.510009765625,326.57000732421875,70011900,315.3399963378906,322.34285627092635,317.8978576660156,313.7603332519531,332.2699890136719
2026-09-11,327.45001220703125,336.2200012207031,326.29998779296875,332.2699890136719,50716900,326.57000732421875,323.36285400390625,319.53499930245533,313.72166646321614,333.0799865722656
2026-09-14,334.7900085449219,335.5,331.3399963378906,333.0799865722656,39269100,332.2699890136719,324.5228533063616,321.15928431919644,314.52733256022134,331.3399963378906
2026-09-15,330.1400146484375,331.7799987792969,328.3500061035156,331.3399963378906,31748200,333.0799865722656,324.9699968610491,322.69071306501115,315.45799865722654,332.4100036621094
2026-09-16,332.5299987792969,335.4800109863281,330.70001220703125,332.4100036621094,35981000,331.3399963378906,326.7471400669643,324.0449981689453,316.2256652832031,337.0
2026-09-17,334.7699890136719,338.3399963378906,330.17999267578125,337.0,36700200,332.4100036621094,329.71571132114957,325.6464276994978,317.0923319498698,336.1300048828125
2026-09-18,337.9100036621094,338.489990234375,332.5299987792969,336.1300048828125,86588200,337.0,332.6857125418527,326.8199986049107,317.88299865722655,338.9800109863281
2026-09-21,335.2799987792969,339.6400146484375,333.04998779296875,338.9800109863281,34999200,336.1300048828125,334.4585702078683,328.4007132393973,318.7379994710287,339.75
2026-09-22,340.1400146484375,345.3399963378906,338.75,339.75,40711800,338.9800109863281,335.5271432059152,329.4449986049107,319.78766581217445,337.0199890136719
2026-09-23,341.0799865722656,341.79998779296875,335.5,337.0199890136719,31658800,339.75,336.09000069754467,330.3064270019531,320.8579986572266,335.9200134277344
2026-09-24,336.7200012207031,338.9100036621094,334.29998779296875,335.9200134277344,24733100,337.0199890136719,336.7442888532366,330.85714285714283,321.98033243815104,341.07000732421875
2026-09-25,336.0400085449219,341.6700134277344,334.5299987792969,341.07000732421875,30002500,335.9200134277344,337.98143223353793,332.36428615025113,323.1739990234375,338.3999938964844
